ISO-10303-21;
HEADER;
/* Generated by software containing ST-Developer
 * from STEP Tools, Inc. (www.steptools.com) 
 */

FILE_DESCRIPTION(
/* description */ (''),
/* implementation_level */ '2;1');

FILE_NAME(
/* name */ 'Spacer.step',
/* time_stamp */ '2026-06-05T15:13:27+09:00',
/* author */ (''),
/* organization */ (''),
/* preprocessor_version */ 'ST-DEVELOPER v20.1',
/* originating_system */ 'Autodesk Translation Framework v15.8.0.0',
/* authorisation */ '');

FILE_SCHEMA (('AUTOMOTIVE_DESIGN { 1 0 10303 214 3 1 1 }'));
ENDSEC;

DATA;
#10=MECHANICAL_DESIGN_GEOMETRIC_PRESENTATION_REPRESENTATION('',(#13),#7563);
#11=SHAPE_REPRESENTATION_RELATIONSHIP('SRR','None',#7570,#12);
#12=ADVANCED_BREP_SHAPE_REPRESENTATION('',(#14),#7562);
#13=STYLED_ITEM('',(#7579),#14);
#14=MANIFOLD_SOLID_BREP('Spacer',#4223);
#15=B_SPLINE_SURFACE_WITH_KNOTS('',3,3,((#5846,#5847,#5848,#5849),(#5850,
#5851,#5852,#5853),(#5854,#5855,#5856,#5857),(#5858,#5859,#5860,#5861)),
 .UNSPECIFIED.,.F.,.F.,.F.,(4,4),(4,4),(0.,1.),(0.,1.),.UNSPECIFIED.);
#16=B_SPLINE_SURFACE_WITH_KNOTS('',3,3,((#5875,#5876,#5877,#5878),(#5879,
#5880,#5881,#5882),(#5883,#5884,#5885,#5886),(#5887,#5888,#5889,#5890)),
 .UNSPECIFIED.,.F.,.F.,.F.,(4,4),(4,4),(0.,1.),(0.,1.),.UNSPECIFIED.);
#17=B_SPLINE_SURFACE_WITH_KNOTS('',3,3,((#5896,#5897,#5898,#5899),(#5900,
#5901,#5902,#5903),(#5904,#5905,#5906,#5907),(#5908,#5909,#5910,#5911)),
 .UNSPECIFIED.,.F.,.F.,.F.,(4,4),(4,4),(0.,1.),(0.,1.),.UNSPECIFIED.);
#18=B_SPLINE_SURFACE_WITH_KNOTS('',3,3,((#5917,#5918,#5919,#5920),(#5921,
#5922,#5923,#5924),(#5925,#5926,#5927,#5928),(#5929,#5930,#5931,#5932)),
 .UNSPECIFIED.,.F.,.F.,.F.,(4,4),(4,4),(0.,1.),(0.,1.),.UNSPECIFIED.);
#19=B_SPLINE_SURFACE_WITH_KNOTS('',3,3,((#5938,#5939,#5940,#5941),(#5942,
#5943,#5944,#5945),(#5946,#5947,#5948,#5949),(#5950,#5951,#5952,#5953)),
 .UNSPECIFIED.,.F.,.F.,.F.,(4,4),(4,4),(0.,1.),(0.,1.),.UNSPECIFIED.);
#20=B_SPLINE_SURFACE_WITH_KNOTS('',3,3,((#5959,#5960,#5961,#5962),(#5963,
#5964,#5965,#5966),(#5967,#5968,#5969,#5970),(#5971,#5972,#5973,#5974)),
 .UNSPECIFIED.,.F.,.F.,.F.,(4,4),(4,4),(0.,1.),(0.,1.),.UNSPECIFIED.);
#21=B_SPLINE_SURFACE_WITH_KNOTS('',3,3,((#5980,#5981,#5982,#5983),(#5984,
#5985,#5986,#5987),(#5988,#5989,#5990,#5991),(#5992,#5993,#5994,#5995)),
 .UNSPECIFIED.,.F.,.F.,.F.,(4,4),(4,4),(0.,1.),(0.,1.),.UNSPECIFIED.);
#22=B_SPLINE_SURFACE_WITH_KNOTS('',3,3,((#6001,#6002,#6003,#6004),(#6005,
#6006,#6007,#6008),(#6009,#6010,#6011,#6012),(#6013,#6014,#6015,#6016)),
 .UNSPECIFIED.,.F.,.F.,.F.,(4,4),(4,4),(0.,1.),(0.,1.),.UNSPECIFIED.);
#23=B_SPLINE_SURFACE_WITH_KNOTS('',3,3,((#6022,#6023,#6024,#6025),(#6026,
#6027,#6028,#6029),(#6030,#6031,#6032,#6033),(#6034,#6035,#6036,#6037)),
 .UNSPECIFIED.,.F.,.F.,.F.,(4,4),(4,4),(0.,1.),(0.,1.),.UNSPECIFIED.);
#24=B_SPLINE_SURFACE_WITH_KNOTS('',3,3,((#6043,#6044,#6045,#6046),(#6047,
#6048,#6049,#6050),(#6051,#6052,#6053,#6054),(#6055,#6056,#6057,#6058)),
 .UNSPECIFIED.,.F.,.F.,.F.,(4,4),(4,4),(0.,1.),(0.,1.),.UNSPECIFIED.);
#25=B_SPLINE_SURFACE_WITH_KNOTS('',3,3,((#6070,#6071,#6072,#6073),(#6074,
#6075,#6076,#6077),(#6078,#6079,#6080,#6081),(#6082,#6083,#6084,#6085)),
 .UNSPECIFIED.,.F.,.F.,.F.,(4,4),(4,4),(0.,1.),(0.,1.),.UNSPECIFIED.);
#26=B_SPLINE_SURFACE_WITH_KNOTS('',3,3,((#6091,#6092,#6093,#6094),(#6095,
#6096,#6097,#6098),(#6099,#6100,#6101,#6102),(#6103,#6104,#6105,#6106)),
 .UNSPECIFIED.,.F.,.F.,.F.,(4,4),(4,4),(0.,1.),(0.,1.),.UNSPECIFIED.);
#27=B_SPLINE_SURFACE_WITH_KNOTS('',3,3,((#6112,#6113,#6114,#6115),(#6116,
#6117,#6118,#6119),(#6120,#6121,#6122,#6123),(#6124,#6125,#6126,#6127)),
 .UNSPECIFIED.,.F.,.F.,.F.,(4,4),(4,4),(0.,1.),(0.,1.),.UNSPECIFIED.);
#28=B_SPLINE_SURFACE_WITH_KNOTS('',3,3,((#6133,#6134,#6135,#6136),(#6137,
#6138,#6139,#6140),(#6141,#6142,#6143,#6144),(#6145,#6146,#6147,#6148)),
 .UNSPECIFIED.,.F.,.F.,.F.,(4,4),(4,4),(0.,1.),(0.,1.),.UNSPECIFIED.);
#29=B_SPLINE_SURFACE_WITH_KNOTS('',3,3,((#6154,#6155,#6156,#6157),(#6158,
#6159,#6160,#6161),(#6162,#6163,#6164,#6165),(#6166,#6167,#6168,#6169)),
 .UNSPECIFIED.,.F.,.F.,.F.,(4,4),(4,4),(0.,1.),(0.,1.),.UNSPECIFIED.);
#30=B_SPLINE_SURFACE_WITH_KNOTS('',3,3,((#6175,#6176,#6177,#6178),(#6179,
#6180,#6181,#6182),(#6183,#6184,#6185,#6186),(#6187,#6188,#6189,#6190)),
 .UNSPECIFIED.,.F.,.F.,.F.,(4,4),(4,4),(0.,1.),(0.,1.),.UNSPECIFIED.);
#31=B_SPLINE_SURFACE_WITH_KNOTS('',3,3,((#6196,#6197,#6198,#6199),(#6200,
#6201,#6202,#6203),(#6204,#6205,#6206,#6207),(#6208,#6209,#6210,#6211)),
 .UNSPECIFIED.,.F.,.F.,.F.,(4,4),(4,4),(0.,1.),(0.,1.),.UNSPECIFIED.);
#32=B_SPLINE_SURFACE_WITH_KNOTS('',3,3,((#6217,#6218,#6219,#6220),(#6221,
#6222,#6223,#6224),(#6225,#6226,#6227,#6228),(#6229,#6230,#6231,#6232)),
 .UNSPECIFIED.,.F.,.F.,.F.,(4,4),(4,4),(0.,1.),(0.,1.),.UNSPECIFIED.);
#33=B_SPLINE_SURFACE_WITH_KNOTS('',3,3,((#6238,#6239,#6240,#6241),(#6242,
#6243,#6244,#6245),(#6246,#6247,#6248,#6249),(#6250,#6251,#6252,#6253)),
 .UNSPECIFIED.,.F.,.F.,.F.,(4,4),(4,4),(0.,1.),(0.,1.),.UNSPECIFIED.);
#34=B_SPLINE_SURFACE_WITH_KNOTS('',3,3,((#6265,#6266,#6267,#6268),(#6269,
#6270,#6271,#6272),(#6273,#6274,#6275,#6276),(#6277,#6278,#6279,#6280)),
 .UNSPECIFIED.,.F.,.F.,.F.,(4,4),(4,4),(0.,1.),(0.,1.),.UNSPECIFIED.);
#35=B_SPLINE_SURFACE_WITH_KNOTS('',3,3,((#6286,#6287,#6288,#6289),(#6290,
#6291,#6292,#6293),(#6294,#6295,#6296,#6297),(#6298,#6299,#6300,#6301)),
 .UNSPECIFIED.,.F.,.F.,.F.,(4,4),(4,4),(0.,1.),(0.,1.),.UNSPECIFIED.);
#36=B_SPLINE_SURFACE_WITH_KNOTS('',3,3,((#6307,#6308,#6309,#6310),(#6311,
#6312,#6313,#6314),(#6315,#6316,#6317,#6318),(#6319,#6320,#6321,#6322)),
 .UNSPECIFIED.,.F.,.F.,.F.,(4,4),(4,4),(0.,1.),(0.,1.),.UNSPECIFIED.);
#37=B_SPLINE_SURFACE_WITH_KNOTS('',3,3,((#6328,#6329,#6330,#6331),(#6332,
#6333,#6334,#6335),(#6336,#6337,#6338,#6339),(#6340,#6341,#6342,#6343)),
 .UNSPECIFIED.,.F.,.F.,.F.,(4,4),(4,4),(0.,1.),(0.,1.),.UNSPECIFIED.);
#38=B_SPLINE_SURFACE_WITH_KNOTS('',3,3,((#6349,#6350,#6351,#6352),(#6353,
#6354,#6355,#6356),(#6357,#6358,#6359,#6360),(#6361,#6362,#6363,#6364)),
 .UNSPECIFIED.,.F.,.F.,.F.,(4,4),(4,4),(0.,1.),(0.,1.),.UNSPECIFIED.);
#39=B_SPLINE_SURFACE_WITH_KNOTS('',3,3,((#6370,#6371,#6372,#6373),(#6374,
#6375,#6376,#6377),(#6378,#6379,#6380,#6381),(#6382,#6383,#6384,#6385)),
 .UNSPECIFIED.,.F.,.F.,.F.,(4,4),(4,4),(0.,1.),(0.,1.),.UNSPECIFIED.);
#40=B_SPLINE_SURFACE_WITH_KNOTS('',3,3,((#6391,#6392,#6393,#6394),(#6395,
#6396,#6397,#6398),(#6399,#6400,#6401,#6402),(#6403,#6404,#6405,#6406)),
 .UNSPECIFIED.,.F.,.F.,.F.,(4,4),(4,4),(0.,1.),(0.,1.),.UNSPECIFIED.);
#41=B_SPLINE_SURFACE_WITH_KNOTS('',3,3,((#6412,#6413,#6414,#6415),(#6416,
#6417,#6418,#6419),(#6420,#6421,#6422,#6423),(#6424,#6425,#6426,#6427)),
 .UNSPECIFIED.,.F.,.F.,.F.,(4,4),(4,4),(0.,1.),(0.,1.),.UNSPECIFIED.);
#42=B_SPLINE_SURFACE_WITH_KNOTS('',3,3,((#6433,#6434,#6435,#6436),(#6437,
#6438,#6439,#6440),(#6441,#6442,#6443,#6444),(#6445,#6446,#6447,#6448)),
 .UNSPECIFIED.,.F.,.F.,.F.,(4,4),(4,4),(0.,1.),(0.,1.),.UNSPECIFIED.);
#43=B_SPLINE_SURFACE_WITH_KNOTS('',3,3,((#6460,#6461,#6462,#6463),(#6464,
#6465,#6466,#6467),(#6468,#6469,#6470,#6471),(#6472,#6473,#6474,#6475)),
 .UNSPECIFIED.,.F.,.F.,.F.,(4,4),(4,4),(0.,1.),(0.,1.),.UNSPECIFIED.);
#44=B_SPLINE_SURFACE_WITH_KNOTS('',3,3,((#6481,#6482,#6483,#6484),(#6485,
#6486,#6487,#6488),(#6489,#6490,#6491,#6492),(#6493,#6494,#6495,#6496)),
 .UNSPECIFIED.,.F.,.F.,.F.,(4,4),(4,4),(0.,1.),(0.,1.),.UNSPECIFIED.);
#45=B_SPLINE_SURFACE_WITH_KNOTS('',3,3,((#6502,#6503,#6504,#6505),(#6506,
#6507,#6508,#6509),(#6510,#6511,#6512,#6513),(#6514,#6515,#6516,#6517)),
 .UNSPECIFIED.,.F.,.F.,.F.,(4,4),(4,4),(0.,1.),(0.,1.),.UNSPECIFIED.);
#46=B_SPLINE_SURFACE_WITH_KNOTS('',3,3,((#6523,#6524,#6525,#6526),(#6527,
#6528,#6529,#6530),(#6531,#6532,#6533,#6534),(#6535,#6536,#6537,#6538)),
 .UNSPECIFIED.,.F.,.F.,.F.,(4,4),(4,4),(0.,1.),(0.,1.),.UNSPECIFIED.);
#47=B_SPLINE_SURFACE_WITH_KNOTS('',3,3,((#6544,#6545,#6546,#6547),(#6548,
#6549,#6550,#6551),(#6552,#6553,#6554,#6555),(#6556,#6557,#6558,#6559)),
 .UNSPECIFIED.,.F.,.F.,.F.,(4,4),(4,4),(0.,1.),(0.,1.),.UNSPECIFIED.);
#48=B_SPLINE_SURFACE_WITH_KNOTS('',3,3,((#6565,#6566,#6567,#6568),(#6569,
#6570,#6571,#6572),(#6573,#6574,#6575,#6576),(#6577,#6578,#6579,#6580)),
 .UNSPECIFIED.,.F.,.F.,.F.,(4,4),(4,4),(0.,1.),(0.,1.),.UNSPECIFIED.);
#49=B_SPLINE_SURFACE_WITH_KNOTS('',3,3,((#6586,#6587,#6588,#6589),(#6590,
#6591,#6592,#6593),(#6594,#6595,#6596,#6597),(#6598,#6599,#6600,#6601)),
 .UNSPECIFIED.,.F.,.F.,.F.,(4,4),(4,4),(0.,1.),(0.,1.),.UNSPECIFIED.);
#50=B_SPLINE_SURFACE_WITH_KNOTS('',3,3,((#6607,#6608,#6609,#6610),(#6611,
#6612,#6613,#6614),(#6615,#6616,#6617,#6618),(#6619,#6620,#6621,#6622)),
 .UNSPECIFIED.,.F.,.F.,.F.,(4,4),(4,4),(0.,1.),(0.,1.),.UNSPECIFIED.);
#51=B_SPLINE_SURFACE_WITH_KNOTS('',3,3,((#6628,#6629,#6630,#6631),(#6632,
#6633,#6634,#6635),(#6636,#6637,#6638,#6639),(#6640,#6641,#6642,#6643)),
 .UNSPECIFIED.,.F.,.F.,.F.,(4,4),(4,4),(0.,1.),(0.,1.),.UNSPECIFIED.);
#52=B_SPLINE_SURFACE_WITH_KNOTS('',3,3,((#6655,#6656,#6657,#6658),(#6659,
#6660,#6661,#6662),(#6663,#6664,#6665,#6666),(#6667,#6668,#6669,#6670)),
 .UNSPECIFIED.,.F.,.F.,.F.,(4,4),(4,4),(0.,1.),(0.,1.),.UNSPECIFIED.);
#53=B_SPLINE_SURFACE_WITH_KNOTS('',3,3,((#6676,#6677,#6678,#6679),(#6680,
#6681,#6682,#6683),(#6684,#6685,#6686,#6687),(#6688,#6689,#6690,#6691)),
 .UNSPECIFIED.,.F.,.F.,.F.,(4,4),(4,4),(0.,1.),(0.,1.),.UNSPECIFIED.);
#54=B_SPLINE_SURFACE_WITH_KNOTS('',3,3,((#6697,#6698,#6699,#6700),(#6701,
#6702,#6703,#6704),(#6705,#6706,#6707,#6708),(#6709,#6710,#6711,#6712)),
 .UNSPECIFIED.,.F.,.F.,.F.,(4,4),(4,4),(0.,1.),(0.,1.),.UNSPECIFIED.);
#55=B_SPLINE_SURFACE_WITH_KNOTS('',3,3,((#6718,#6719,#6720,#6721),(#6722,
#6723,#6724,#6725),(#6726,#6727,#6728,#6729),(#6730,#6731,#6732,#6733)),
 .UNSPECIFIED.,.F.,.F.,.F.,(4,4),(4,4),(0.,1.),(0.,1.),.UNSPECIFIED.);
#56=B_SPLINE_SURFACE_WITH_KNOTS('',3,3,((#6739,#6740,#6741,#6742),(#6743,
#6744,#6745,#6746),(#6747,#6748,#6749,#6750),(#6751,#6752,#6753,#6754)),
 .UNSPECIFIED.,.F.,.F.,.F.,(4,4),(4,4),(0.,1.),(0.,1.),.UNSPECIFIED.);
#57=B_SPLINE_SURFACE_WITH_KNOTS('',3,3,((#6760,#6761,#6762,#6763),(#6764,
#6765,#6766,#6767),(#6768,#6769,#6770,#6771),(#6772,#6773,#6774,#6775)),
 .UNSPECIFIED.,.F.,.F.,.F.,(4,4),(4,4),(0.,1.),(0.,1.),.UNSPECIFIED.);
#58=B_SPLINE_SURFACE_WITH_KNOTS('',3,3,((#6781,#6782,#6783,#6784),(#6785,
#6786,#6787,#6788),(#6789,#6790,#6791,#6792),(#6793,#6794,#6795,#6796)),
 .UNSPECIFIED.,.F.,.F.,.F.,(4,4),(4,4),(0.,1.),(0.,1.),.UNSPECIFIED.);
#59=B_SPLINE_SURFACE_WITH_KNOTS('',3,3,((#6802,#6803,#6804,#6805),(#6806,
#6807,#6808,#6809),(#6810,#6811,#6812,#6813),(#6814,#6815,#6816,#6817)),
 .UNSPECIFIED.,.F.,.F.,.F.,(4,4),(4,4),(0.,1.),(0.,1.),.UNSPECIFIED.);
#60=B_SPLINE_SURFACE_WITH_KNOTS('',3,3,((#6823,#6824,#6825,#6826),(#6827,
#6828,#6829,#6830),(#6831,#6832,#6833,#6834),(#6835,#6836,#6837,#6838)),
 .UNSPECIFIED.,.F.,.F.,.F.,(4,4),(4,4),(0.,1.),(0.,1.),.UNSPECIFIED.);
#61=B_SPLINE_SURFACE_WITH_KNOTS('',3,3,((#6850,#6851,#6852,#6853),(#6854,
#6855,#6856,#6857),(#6858,#6859,#6860,#6861),(#6862,#6863,#6864,#6865)),
 .UNSPECIFIED.,.F.,.F.,.F.,(4,4),(4,4),(0.,1.),(0.,1.),.UNSPECIFIED.);
#62=B_SPLINE_SURFACE_WITH_KNOTS('',3,3,((#6871,#6872,#6873,#6874),(#6875,
#6876,#6877,#6878),(#6879,#6880,#6881,#6882),(#6883,#6884,#6885,#6886)),
 .UNSPECIFIED.,.F.,.F.,.F.,(4,4),(4,4),(0.,1.),(0.,1.),.UNSPECIFIED.);
#63=B_SPLINE_SURFACE_WITH_KNOTS('',3,3,((#6892,#6893,#6894,#6895),(#6896,
#6897,#6898,#6899),(#6900,#6901,#6902,#6903),(#6904,#6905,#6906,#6907)),
 .UNSPECIFIED.,.F.,.F.,.F.,(4,4),(4,4),(0.,1.),(0.,1.),.UNSPECIFIED.);
#64=B_SPLINE_SURFACE_WITH_KNOTS('',3,3,((#6913,#6914,#6915,#6916),(#6917,
#6918,#6919,#6920),(#6921,#6922,#6923,#6924),(#6925,#6926,#6927,#6928)),
 .UNSPECIFIED.,.F.,.F.,.F.,(4,4),(4,4),(0.,1.),(0.,1.),.UNSPECIFIED.);
#65=B_SPLINE_SURFACE_WITH_KNOTS('',3,3,((#6934,#6935,#6936,#6937),(#6938,
#6939,#6940,#6941),(#6942,#6943,#6944,#6945),(#6946,#6947,#6948,#6949)),
 .UNSPECIFIED.,.F.,.F.,.F.,(4,4),(4,4),(0.,1.),(0.,1.),.UNSPECIFIED.);
#66=B_SPLINE_SURFACE_WITH_KNOTS('',3,3,((#6955,#6956,#6957,#6958),(#6959,
#6960,#6961,#6962),(#6963,#6964,#6965,#6966),(#6967,#6968,#6969,#6970)),
 .UNSPECIFIED.,.F.,.F.,.F.,(4,4),(4,4),(0.,1.),(0.,1.),.UNSPECIFIED.);
#67=B_SPLINE_SURFACE_WITH_KNOTS('',3,3,((#6976,#6977,#6978,#6979),(#6980,
#6981,#6982,#6983),(#6984,#6985,#6986,#6987),(#6988,#6989,#6990,#6991)),
 .UNSPECIFIED.,.F.,.F.,.F.,(4,4),(4,4),(0.,1.),(0.,1.),.UNSPECIFIED.);
#68=B_SPLINE_SURFACE_WITH_KNOTS('',3,3,((#6997,#6998,#6999,#7000),(#7001,
#7002,#7003,#7004),(#7005,#7006,#7007,#7008),(#7009,#7010,#7011,#7012)),
 .UNSPECIFIED.,.F.,.F.,.F.,(4,4),(4,4),(0.,1.),(0.,1.),.UNSPECIFIED.);
#69=B_SPLINE_SURFACE_WITH_KNOTS('',3,3,((#7018,#7019,#7020,#7021),(#7022,
#7023,#7024,#7025),(#7026,#7027,#7028,#7029),(#7030,#7031,#7032,#7033)),
 .UNSPECIFIED.,.F.,.F.,.F.,(4,4),(4,4),(0.,1.),(0.,1.),.UNSPECIFIED.);
#70=B_SPLINE_SURFACE_WITH_KNOTS('',3,3,((#7045,#7046,#7047,#7048),(#7049,
#7050,#7051,#7052),(#7053,#7054,#7055,#7056),(#7057,#7058,#7059,#7060)),
 .UNSPECIFIED.,.F.,.F.,.F.,(4,4),(4,4),(0.,1.),(0.,1.),.UNSPECIFIED.);
#71=B_SPLINE_SURFACE_WITH_KNOTS('',3,3,((#7066,#7067,#7068,#7069),(#7070,
#7071,#7072,#7073),(#7074,#7075,#7076,#7077),(#7078,#7079,#7080,#7081)),
 .UNSPECIFIED.,.F.,.F.,.F.,(4,4),(4,4),(0.,1.),(0.,1.),.UNSPECIFIED.);
#72=B_SPLINE_SURFACE_WITH_KNOTS('',3,3,((#7087,#7088,#7089,#7090),(#7091,
#7092,#7093,#7094),(#7095,#7096,#7097,#7098),(#7099,#7100,#7101,#7102)),
 .UNSPECIFIED.,.F.,.F.,.F.,(4,4),(4,4),(0.,1.),(0.,1.),.UNSPECIFIED.);
#73=B_SPLINE_SURFACE_WITH_KNOTS('',3,3,((#7108,#7109,#7110,#7111),(#7112,
#7113,#7114,#7115),(#7116,#7117,#7118,#7119),(#7120,#7121,#7122,#7123)),
 .UNSPECIFIED.,.F.,.F.,.F.,(4,4),(4,4),(0.,1.),(0.,1.),.UNSPECIFIED.);
#74=B_SPLINE_SURFACE_WITH_KNOTS('',3,3,((#7129,#7130,#7131,#7132),(#7133,
#7134,#7135,#7136),(#7137,#7138,#7139,#7140),(#7141,#7142,#7143,#7144)),
 .UNSPECIFIED.,.F.,.F.,.F.,(4,4),(4,4),(0.,1.),(0.,1.),.UNSPECIFIED.);
#75=B_SPLINE_SURFACE_WITH_KNOTS('',3,3,((#7150,#7151,#7152,#7153),(#7154,
#7155,#7156,#7157),(#7158,#7159,#7160,#7161),(#7162,#7163,#7164,#7165)),
 .UNSPECIFIED.,.F.,.F.,.F.,(4,4),(4,4),(0.,1.),(0.,1.),.UNSPECIFIED.);
#76=B_SPLINE_SURFACE_WITH_KNOTS('',3,3,((#7171,#7172,#7173,#7174),(#7175,
#7176,#7177,#7178),(#7179,#7180,#7181,#7182),(#7183,#7184,#7185,#7186)),
 .UNSPECIFIED.,.F.,.F.,.F.,(4,4),(4,4),(0.,1.),(0.,1.),.UNSPECIFIED.);
#77=B_SPLINE_SURFACE_WITH_KNOTS('',3,3,((#7192,#7193,#7194,#7195),(#7196,
#7197,#7198,#7199),(#7200,#7201,#7202,#7203),(#7204,#7205,#7206,#7207)),
 .UNSPECIFIED.,.F.,.F.,.F.,(4,4),(4,4),(0.,1.),(0.,1.),.UNSPECIFIED.);
#78=B_SPLINE_SURFACE_WITH_KNOTS('',3,3,((#7213,#7214,#7215,#7216),(#7217,
#7218,#7219,#7220),(#7221,#7222,#7223,#7224),(#7225,#7226,#7227,#7228)),
 .UNSPECIFIED.,.F.,.F.,.F.,(4,4),(4,4),(0.,1.),(0.,1.),.UNSPECIFIED.);
#79=B_SPLINE_SURFACE_WITH_KNOTS('',3,3,((#7237,#7238,#7239,#7240),(#7241,
#7242,#7243,#7244),(#7245,#7246,#7247,#7248),(#7249,#7250,#7251,#7252)),
 .UNSPECIFIED.,.F.,.F.,.F.,(4,4),(4,4),(0.,1.),(0.,1.),.UNSPECIFIED.);
#80=B_SPLINE_SURFACE_WITH_KNOTS('',3,3,((#7256,#7257,#7258,#7259),(#7260,
#7261,#7262,#7263),(#7264,#7265,#7266,#7267),(#7268,#7269,#7270,#7271)),
 .UNSPECIFIED.,.F.,.F.,.F.,(4,4),(4,4),(0.,1.),(0.,1.),.UNSPECIFIED.);
#81=B_SPLINE_SURFACE_WITH_KNOTS('',3,3,((#7275,#7276,#7277,#7278),(#7279,
#7280,#7281,#7282),(#7283,#7284,#7285,#7286),(#7287,#7288,#7289,#7290)),
 .UNSPECIFIED.,.F.,.F.,.F.,(4,4),(4,4),(0.,1.),(0.,1.),.UNSPECIFIED.);
#82=B_SPLINE_SURFACE_WITH_KNOTS('',3,3,((#7294,#7295,#7296,#7297),(#7298,
#7299,#7300,#7301),(#7302,#7303,#7304,#7305),(#7306,#7307,#7308,#7309)),
 .UNSPECIFIED.,.F.,.F.,.F.,(4,4),(4,4),(0.,1.),(0.,1.),.UNSPECIFIED.);
#83=B_SPLINE_SURFACE_WITH_KNOTS('',3,3,((#7313,#7314,#7315,#7316),(#7317,
#7318,#7319,#7320),(#7321,#7322,#7323,#7324),(#7325,#7326,#7327,#7328)),
 .UNSPECIFIED.,.F.,.F.,.F.,(4,4),(4,4),(0.,1.),(0.,1.),.UNSPECIFIED.);
#84=B_SPLINE_SURFACE_WITH_KNOTS('',3,3,((#7332,#7333,#7334,#7335),(#7336,
#7337,#7338,#7339),(#7340,#7341,#7342,#7343),(#7344,#7345,#7346,#7347)),
 .UNSPECIFIED.,.F.,.F.,.F.,(4,4),(4,4),(0.,1.),(0.,1.),.UNSPECIFIED.);
#85=B_SPLINE_SURFACE_WITH_KNOTS('',3,3,((#7351,#7352,#7353,#7354),(#7355,
#7356,#7357,#7358),(#7359,#7360,#7361,#7362),(#7363,#7364,#7365,#7366)),
 .UNSPECIFIED.,.F.,.F.,.F.,(4,4),(4,4),(0.,1.),(0.,1.),.UNSPECIFIED.);
#86=B_SPLINE_SURFACE_WITH_KNOTS('',3,3,((#7370,#7371,#7372,#7373),(#7374,
#7375,#7376,#7377),(#7378,#7379,#7380,#7381),(#7382,#7383,#7384,#7385)),
 .UNSPECIFIED.,.F.,.F.,.F.,(4,4),(4,4),(0.,1.),(0.,1.),.UNSPECIFIED.);
#87=CYLINDRICAL_SURFACE('',#4286,1.6);
#88=CYLINDRICAL_SURFACE('',#4287,1.6);
#89=CYLINDRICAL_SURFACE('',#4304,1.6);
#90=CYLINDRICAL_SURFACE('',#4305,1.6);
#91=FACE_BOUND('',#340,.T.);
#92=FACE_BOUND('',#347,.T.);
#93=FACE_BOUND('',#373,.T.);
#94=FACE_BOUND('',#381,.T.);
#95=FACE_BOUND('',#386,.T.);
#96=FACE_BOUND('',#387,.T.);
#97=FACE_BOUND('',#388,.T.);
#98=FACE_BOUND('',#389,.T.);
#99=FACE_BOUND('',#390,.T.);
#100=FACE_BOUND('',#406,.T.);
#101=FACE_BOUND('',#407,.T.);
#102=FACE_BOUND('',#408,.T.);
#103=CIRCLE('',#4238,1.6);
#104=CIRCLE('',#4245,1.6);
#105=CIRCLE('',#4271,1.6);
#106=CIRCLE('',#4279,1.6);
#107=CIRCLE('',#4284,1.6);
#108=CIRCLE('',#4285,1.6);
#109=CIRCLE('',#4301,1.6);
#110=CIRCLE('',#4302,1.6);
#111=FACE_OUTER_BOUND('',#339,.T.);
#112=FACE_OUTER_BOUND('',#341,.T.);
#113=FACE_OUTER_BOUND('',#342,.T.);
#114=FACE_OUTER_BOUND('',#343,.T.);
#115=FACE_OUTER_BOUND('',#344,.T.);
#116=FACE_OUTER_BOUND('',#345,.T.);
#117=FACE_OUTER_BOUND('',#346,.T.);
#118=FACE_OUTER_BOUND('',#348,.T.);
#119=FACE_OUTER_BOUND('',#349,.T.);
#120=FACE_OUTER_BOUND('',#350,.T.);
#121=FACE_OUTER_BOUND('',#351,.T.);
#122=FACE_OUTER_BOUND('',#352,.T.);
#123=FACE_OUTER_BOUND('',#353,.T.);
#124=FACE_OUTER_BOUND('',#354,.T.);
#125=FACE_OUTER_BOUND('',#355,.T.);
#126=FACE_OUTER_BOUND('',#356,.T.);
#127=FACE_OUTER_BOUND('',#357,.T.);
#128=FACE_OUTER_BOUND('',#358,.T.);
#129=FACE_OUTER_BOUND('',#359,.T.);
#130=FACE_OUTER_BOUND('',#360,.T.);
#131=FACE_OUTER_BOUND('',#361,.T.);
#132=FACE_OUTER_BOUND('',#362,.T.);
#133=FACE_OUTER_BOUND('',#363,.T.);
#134=FACE_OUTER_BOUND('',#364,.T.);
#135=FACE_OUTER_BOUND('',#365,.T.);
#136=FACE_OUTER_BOUND('',#366,.T.);
#137=FACE_OUTER_BOUND('',#367,.T.);
#138=FACE_OUTER_BOUND('',#368,.T.);
#139=FACE_OUTER_BOUND('',#369,.T.);
#140=FACE_OUTER_BOUND('',#370,.T.);
#141=FACE_OUTER_BOUND('',#371,.T.);
#142=FACE_OUTER_BOUND('',#372,.T.);
#143=FACE_OUTER_BOUND('',#374,.T.);
#144=FACE_OUTER_BOUND('',#375,.T.);
#145=FACE_OUTER_BOUND('',#376,.T.);
#146=FACE_OUTER_BOUND('',#377,.T.);
#147=FACE_OUTER_BOUND('',#378,.T.);
#148=FACE_OUTER_BOUND('',#379,.T.);
#149=FACE_OUTER_BOUND('',#380,.T.);
#150=FACE_OUTER_BOUND('',#382,.T.);
#151=FACE_OUTER_BOUND('',#383,.T.);
#152=FACE_OUTER_BOUND('',#384,.T.);
#153=FACE_OUTER_BOUND('',#385,.T.);
#154=FACE_OUTER_BOUND('',#391,.T.);
#155=FACE_OUTER_BOUND('',#392,.T.);
#156=FACE_OUTER_BOUND('',#393,.T.);
#157=FACE_OUTER_BOUND('',#394,.T.);
#158=FACE_OUTER_BOUND('',#395,.T.);
#159=FACE_OUTER_BOUND('',#396,.T.);
#160=FACE_OUTER_BOUND('',#397,.T.);
#161=FACE_OUTER_BOUND('',#398,.T.);
#162=FACE_OUTER_BOUND('',#399,.T.);
#163=FACE_OUTER_BOUND('',#400,.T.);
#164=FACE_OUTER_BOUND('',#401,.T.);
#165=FACE_OUTER_BOUND('',#402,.T.);
#166=FACE_OUTER_BOUND('',#403,.T.);
#167=FACE_OUTER_BOUND('',#404,.T.);
#168=FACE_OUTER_BOUND('',#405,.T.);
#169=FACE_OUTER_BOUND('',#409,.T.);
#170=FACE_OUTER_BOUND('',#410,.T.);
#171=FACE_OUTER_BOUND('',#411,.T.);
#172=FACE_OUTER_BOUND('',#412,.T.);
#173=FACE_OUTER_BOUND('',#413,.T.);
#174=FACE_OUTER_BOUND('',#414,.T.);
#175=FACE_OUTER_BOUND('',#415,.T.);
#176=FACE_OUTER_BOUND('',#416,.T.);
#177=FACE_OUTER_BOUND('',#417,.T.);
#178=FACE_OUTER_BOUND('',#418,.T.);
#179=FACE_OUTER_BOUND('',#419,.T.);
#180=FACE_OUTER_BOUND('',#420,.T.);
#181=FACE_OUTER_BOUND('',#421,.T.);
#182=FACE_OUTER_BOUND('',#422,.T.);
#183=FACE_OUTER_BOUND('',#423,.T.);
#184=FACE_OUTER_BOUND('',#424,.T.);
#185=FACE_OUTER_BOUND('',#425,.T.);
#186=FACE_OUTER_BOUND('',#426,.T.);
#187=FACE_OUTER_BOUND('',#427,.T.);
#188=FACE_OUTER_BOUND('',#428,.T.);
#189=FACE_OUTER_BOUND('',#429,.T.);
#190=FACE_OUTER_BOUND('',#430,.T.);
#191=FACE_OUTER_BOUND('',#431,.T.);
#192=FACE_OUTER_BOUND('',#432,.T.);
#193=FACE_OUTER_BOUND('',#433,.T.);
#194=FACE_OUTER_BOUND('',#434,.T.);
#195=FACE_OUTER_BOUND('',#435,.T.);
#196=FACE_OUTER_BOUND('',#436,.T.);
#197=FACE_OUTER_BOUND('',#437,.T.);
#198=FACE_OUTER_BOUND('',#438,.T.);
#199=FACE_OUTER_BOUND('',#439,.T.);
#200=FACE_OUTER_BOUND('',#440,.T.);
#201=FACE_OUTER_BOUND('',#441,.T.);
#202=FACE_OUTER_BOUND('',#442,.T.);
#203=FACE_OUTER_BOUND('',#443,.T.);
#204=FACE_OUTER_BOUND('',#444,.T.);
#205=FACE_OUTER_BOUND('',#445,.T.);
#206=FACE_OUTER_BOUND('',#446,.T.);
#207=FACE_OUTER_BOUND('',#447,.T.);
#208=FACE_OUTER_BOUND('',#448,.T.);
#209=FACE_OUTER_BOUND('',#449,.T.);
#210=FACE_OUTER_BOUND('',#450,.T.);
#211=FACE_OUTER_BOUND('',#451,.T.);
#212=FACE_OUTER_BOUND('',#452,.T.);
#213=FACE_OUTER_BOUND('',#453,.T.);
#214=FACE_OUTER_BOUND('',#454,.T.);
#215=FACE_OUTER_BOUND('',#455,.T.);
#216=FACE_OUTER_BOUND('',#456,.T.);
#217=FACE_OUTER_BOUND('',#457,.T.);
#218=FACE_OUTER_BOUND('',#458,.T.);
#219=FACE_OUTER_BOUND('',#459,.T.);
#220=FACE_OUTER_BOUND('',#460,.T.);
#221=FACE_OUTER_BOUND('',#461,.T.);
#222=FACE_OUTER_BOUND('',#462,.T.);
#223=FACE_OUTER_BOUND('',#463,.T.);
#224=FACE_OUTER_BOUND('',#464,.T.);
#225=FACE_OUTER_BOUND('',#465,.T.);
#226=FACE_OUTER_BOUND('',#466,.T.);
#227=FACE_OUTER_BOUND('',#467,.T.);
#228=FACE_OUTER_BOUND('',#468,.T.);
#229=FACE_OUTER_BOUND('',#469,.T.);
#230=FACE_OUTER_BOUND('',#470,.T.);
#231=FACE_OUTER_BOUND('',#471,.T.);
#232=FACE_OUTER_BOUND('',#472,.T.);
#233=FACE_OUTER_BOUND('',#473,.T.);
#234=FACE_OUTER_BOUND('',#474,.T.);
#235=FACE_OUTER_BOUND('',#475,.T.);
#236=FACE_OUTER_BOUND('',#476,.T.);
#237=FACE_OUTER_BOUND('',#477,.T.);
#238=FACE_OUTER_BOUND('',#478,.T.);
#239=FACE_OUTER_BOUND('',#479,.T.);
#240=FACE_OUTER_BOUND('',#480,.T.);
#241=FACE_OUTER_BOUND('',#481,.T.);
#242=FACE_OUTER_BOUND('',#482,.T.);
#243=FACE_OUTER_BOUND('',#483,.T.);
#244=FACE_OUTER_BOUND('',#484,.T.);
#245=FACE_OUTER_BOUND('',#485,.T.);
#246=FACE_OUTER_BOUND('',#486,.T.);
#247=FACE_OUTER_BOUND('',#487,.T.);
#248=FACE_OUTER_BOUND('',#488,.T.);
#249=FACE_OUTER_BOUND('',#489,.T.);
#250=FACE_OUTER_BOUND('',#490,.T.);
#251=FACE_OUTER_BOUND('',#491,.T.);
#252=FACE_OUTER_BOUND('',#492,.T.);
#253=FACE_OUTER_BOUND('',#493,.T.);
#254=FACE_OUTER_BOUND('',#494,.T.);
#255=FACE_OUTER_BOUND('',#495,.T.);
#256=FACE_OUTER_BOUND('',#496,.T.);
#257=FACE_OUTER_BOUND('',#497,.T.);
#258=FACE_OUTER_BOUND('',#498,.T.);
#259=FACE_OUTER_BOUND('',#499,.T.);
#260=FACE_OUTER_BOUND('',#500,.T.);
#261=FACE_OUTER_BOUND('',#501,.T.);
#262=FACE_OUTER_BOUND('',#502,.T.);
#263=FACE_OUTER_BOUND('',#503,.T.);
#264=FACE_OUTER_BOUND('',#504,.T.);
#265=FACE_OUTER_BOUND('',#505,.T.);
#266=FACE_OUTER_BOUND('',#506,.T.);
#267=FACE_OUTER_BOUND('',#507,.T.);
#268=FACE_OUTER_BOUND('',#508,.T.);
#269=FACE_OUTER_BOUND('',#509,.T.);
#270=FACE_OUTER_BOUND('',#510,.T.);
#271=FACE_OUTER_BOUND('',#511,.T.);
#272=FACE_OUTER_BOUND('',#512,.T.);
#273=FACE_OUTER_BOUND('',#513,.T.);
#274=FACE_OUTER_BOUND('',#514,.T.);
#275=FACE_OUTER_BOUND('',#515,.T.);
#276=FACE_OUTER_BOUND('',#516,.T.);
#277=FACE_OUTER_BOUND('',#517,.T.);
#278=FACE_OUTER_BOUND('',#518,.T.);
#279=FACE_OUTER_BOUND('',#519,.T.);
#280=FACE_OUTER_BOUND('',#520,.T.);
#281=FACE_OUTER_BOUND('',#521,.T.);
#282=FACE_OUTER_BOUND('',#522,.T.);
#283=FACE_OUTER_BOUND('',#523,.T.);
#284=FACE_OUTER_BOUND('',#524,.T.);
#285=FACE_OUTER_BOUND('',#525,.T.);
#286=FACE_OUTER_BOUND('',#526,.T.);
#287=FACE_OUTER_BOUND('',#527,.T.);
#288=FACE_OUTER_BOUND('',#528,.T.);
#289=FACE_OUTER_BOUND('',#529,.T.);
#290=FACE_OUTER_BOUND('',#530,.T.);
#291=FACE_OUTER_BOUND('',#531,.T.);
#292=FACE_OUTER_BOUND('',#532,.T.);
#293=FACE_OUTER_BOUND('',#533,.T.);
#294=FACE_OUTER_BOUND('',#534,.T.);
#295=FACE_OUTER_BOUND('',#535,.T.);
#296=FACE_OUTER_BOUND('',#536,.T.);
#297=FACE_OUTER_BOUND('',#537,.T.);
#298=FACE_OUTER_BOUND('',#538,.T.);
#299=FACE_OUTER_BOUND('',#539,.T.);
#300=FACE_OUTER_BOUND('',#540,.T.);
#301=FACE_OUTER_BOUND('',#541,.T.);
#302=FACE_OUTER_BOUND('',#542,.T.);
#303=FACE_OUTER_BOUND('',#543,.T.);
#304=FACE_OUTER_BOUND('',#544,.T.);
#305=FACE_OUTER_BOUND('',#545,.T.);
#306=FACE_OUTER_BOUND('',#546,.T.);
#307=FACE_OUTER_BOUND('',#547,.T.);
#308=FACE_OUTER_BOUND('',#548,.T.);
#309=FACE_OUTER_BOUND('',#549,.T.);
#310=FACE_OUTER_BOUND('',#550,.T.);
#311=FACE_OUTER_BOUND('',#551,.T.);
#312=FACE_OUTER_BOUND('',#552,.T.);
#313=FACE_OUTER_BOUND('',#553,.T.);
#314=FACE_OUTER_BOUND('',#554,.T.);
#315=FACE_OUTER_BOUND('',#555,.T.);
#316=FACE_OUTER_BOUND('',#556,.T.);
#317=FACE_OUTER_BOUND('',#557,.T.);
#318=FACE_OUTER_BOUND('',#558,.T.);
#319=FACE_OUTER_BOUND('',#559,.T.);
#320=FACE_OUTER_BOUND('',#560,.T.);
#321=FACE_OUTER_BOUND('',#561,.T.);
#322=FACE_OUTER_BOUND('',#562,.T.);
#323=FACE_OUTER_BOUND('',#563,.T.);
#324=FACE_OUTER_BOUND('',#564,.T.);
#325=FACE_OUTER_BOUND('',#565,.T.);
#326=FACE_OUTER_BOUND('',#566,.T.);
#327=FACE_OUTER_BOUND('',#567,.T.);
#328=FACE_OUTER_BOUND('',#568,.T.);
#329=FACE_OUTER_BOUND('',#569,.T.);
#330=FACE_OUTER_BOUND('',#570,.T.);
#331=FACE_OUTER_BOUND('',#571,.T.);
#332=FACE_OUTER_BOUND('',#572,.T.);
#333=FACE_OUTER_BOUND('',#573,.T.);
#334=FACE_OUTER_BOUND('',#574,.T.);
#335=FACE_OUTER_BOUND('',#575,.T.);
#336=FACE_OUTER_BOUND('',#576,.T.);
#337=FACE_OUTER_BOUND('',#577,.T.);
#338=FACE_OUTER_BOUND('',#578,.T.);
#339=EDGE_LOOP('',(#2675,#2676,#2677,#2678,#2679,#2680,#2681,#2682));
#340=EDGE_LOOP('',(#2683));
#341=EDGE_LOOP('',(#2684,#2685,#2686,#2687));
#342=EDGE_LOOP('',(#2688,#2689,#2690,#2691));
#343=EDGE_LOOP('',(#2692,#2693,#2694,#2695));
#344=EDGE_LOOP('',(#2696,#2697,#2698,#2699));
#345=EDGE_LOOP('',(#2700,#2701,#2702,#2703));
#346=EDGE_LOOP('',(#2704,#2705,#2706,#2707,#2708,#2709,#2710,#2711));
#347=EDGE_LOOP('',(#2712));
#348=EDGE_LOOP('',(#2713,#2714,#2715,#2716));
#349=EDGE_LOOP('',(#2717,#2718,#2719,#2720));
#350=EDGE_LOOP('',(#2721,#2722,#2723,#2724));
#351=EDGE_LOOP('',(#2725,#2726,#2727,#2728,#2729,#2730,#2731,#2732,#2733,
#2734,#2735,#2736));
#352=EDGE_LOOP('',(#2737,#2738,#2739,#2740));
#353=EDGE_LOOP('',(#2741,#2742,#2743,#2744));
#354=EDGE_LOOP('',(#2745,#2746,#2747,#2748,#2749,#2750));
#355=EDGE_LOOP('',(#2751,#2752,#2753,#2754));
#356=EDGE_LOOP('',(#2755,#2756,#2757,#2758));
#357=EDGE_LOOP('',(#2759,#2760,#2761,#2762,#2763,#2764,#2765,#2766,#2767,
#2768,#2769,#2770));
#358=EDGE_LOOP('',(#2771,#2772,#2773,#2774));
#359=EDGE_LOOP('',(#2775,#2776,#2777,#2778,#2779,#2780));
#360=EDGE_LOOP('',(#2781,#2782,#2783,#2784,#2785,#2786));
#361=EDGE_LOOP('',(#2787,#2788,#2789,#2790));
#362=EDGE_LOOP('',(#2791,#2792,#2793,#2794));
#363=EDGE_LOOP('',(#2795,#2796,#2797,#2798,#2799,#2800));
#364=EDGE_LOOP('',(#2801,#2802,#2803,#2804));
#365=EDGE_LOOP('',(#2805,#2806,#2807,#2808,#2809,#2810));
#366=EDGE_LOOP('',(#2811,#2812,#2813,#2814));
#367=EDGE_LOOP('',(#2815,#2816,#2817,#2818));
#368=EDGE_LOOP('',(#2819,#2820,#2821,#2822));
#369=EDGE_LOOP('',(#2823,#2824,#2825,#2826));
#370=EDGE_LOOP('',(#2827,#2828,#2829,#2830));
#371=EDGE_LOOP('',(#2831,#2832,#2833,#2834));
#372=EDGE_LOOP('',(#2835,#2836,#2837,#2838,#2839,#2840));
#373=EDGE_LOOP('',(#2841));
#374=EDGE_LOOP('',(#2842,#2843,#2844,#2845));
#375=EDGE_LOOP('',(#2846,#2847,#2848,#2849));
#376=EDGE_LOOP('',(#2850,#2851,#2852,#2853));
#377=EDGE_LOOP('',(#2854,#2855,#2856,#2857));
#378=EDGE_LOOP('',(#2858,#2859,#2860,#2861));
#379=EDGE_LOOP('',(#2862,#2863,#2864,#2865));
#380=EDGE_LOOP('',(#2866,#2867,#2868,#2869,#2870,#2871));
#381=EDGE_LOOP('',(#2872));
#382=EDGE_LOOP('',(#2873,#2874,#2875,#2876));
#383=EDGE_LOOP('',(#2877,#2878,#2879,#2880));
#384=EDGE_LOOP('',(#2881,#2882,#2883,#2884,#2885,#2886,#2887,#2888,#2889,
#2890,#2891,#2892));
#385=EDGE_LOOP('',(#2893,#2894,#2895,#2896,#2897,#2898,#2899,#2900));
#386=EDGE_LOOP('',(#2901));
#387=EDGE_LOOP('',(#2902));
#388=EDGE_LOOP('',(#2903,#2904,#2905,#2906,#2907,#2908,#2909,#2910,#2911,
#2912,#2913,#2914,#2915,#2916,#2917,#2918,#2919,#2920,#2921,#2922,#2923,
#2924,#2925,#2926));
#389=EDGE_LOOP('',(#2927,#2928,#2929,#2930,#2931,#2932));
#390=EDGE_LOOP('',(#2933,#2934,#2935,#2936,#2937,#2938));
#391=EDGE_LOOP('',(#2939,#2940,#2941,#2942));
#392=EDGE_LOOP('',(#2943,#2944,#2945,#2946));
#393=EDGE_LOOP('',(#2947,#2948,#2949,#2950));
#394=EDGE_LOOP('',(#2951,#2952,#2953,#2954));
#395=EDGE_LOOP('',(#2955,#2956,#2957,#2958));
#396=EDGE_LOOP('',(#2959,#2960,#2961,#2962));
#397=EDGE_LOOP('',(#2963,#2964,#2965,#2966,#2967,#2968));
#398=EDGE_LOOP('',(#2969,#2970,#2971,#2972));
#399=EDGE_LOOP('',(#2973,#2974,#2975,#2976,#2977,#2978));
#400=EDGE_LOOP('',(#2979,#2980,#2981,#2982));
#401=EDGE_LOOP('',(#2983,#2984,#2985,#2986));
#402=EDGE_LOOP('',(#2987,#2988,#2989,#2990));
#403=EDGE_LOOP('',(#2991,#2992,#2993,#2994));
#404=EDGE_LOOP('',(#2995,#2996,#2997,#2998));
#405=EDGE_LOOP('',(#2999,#3000,#3001,#3002,#3003,#3004,#3005,#3006,#3007,
#3008,#3009,#3010,#3011,#3012,#3013,#3014,#3015,#3016,#3017,#3018,#3019,
#3020,#3021,#3022,#3023,#3024,#3025,#3026,#3027,#3028,#3029,#3030,#3031,
#3032,#3033,#3034,#3035,#3036,#3037,#3038,#3039,#3040,#3041,#3042,#3043,
#3044,#3045,#3046,#3047,#3048,#3049,#3050,#3051,#3052,#3053,#3054,#3055,
#3056,#3057,#3058,#3059,#3060,#3061,#3062,#3063,#3064,#3065,#3066,#3067,
#3068,#3069,#3070,#3071,#3072,#3073,#3074,#3075,#3076,#3077,#3078));
#406=EDGE_LOOP('',(#3079));
#407=EDGE_LOOP('',(#3080));
#408=EDGE_LOOP('',(#3081,#3082,#3083,#3084,#3085,#3086,#3087,#3088,#3089,
#3090,#3091,#3092,#3093,#3094,#3095,#3096));
#409=EDGE_LOOP('',(#3097,#3098,#3099,#3100,#3101,#3102));
#410=EDGE_LOOP('',(#3103,#3104,#3105,#3106));
#411=EDGE_LOOP('',(#3107,#3108,#3109,#3110));
#412=EDGE_LOOP('',(#3111,#3112,#3113,#3114));
#413=EDGE_LOOP('',(#3115,#3116,#3117,#3118));
#414=EDGE_LOOP('',(#3119,#3120,#3121,#3122));
#415=EDGE_LOOP('',(#3123,#3124,#3125,#3126));
#416=EDGE_LOOP('',(#3127,#3128,#3129,#3130));
#417=EDGE_LOOP('',(#3131,#3132,#3133,#3134));
#418=EDGE_LOOP('',(#3135,#3136,#3137,#3138));
#419=EDGE_LOOP('',(#3139,#3140,#3141,#3142));
#420=EDGE_LOOP('',(#3143,#3144,#3145,#3146));
#421=EDGE_LOOP('',(#3147,#3148,#3149,#3150));
#422=EDGE_LOOP('',(#3151,#3152,#3153,#3154));
#423=EDGE_LOOP('',(#3155,#3156,#3157,#3158));
#424=EDGE_LOOP('',(#3159,#3160,#3161,#3162));
#425=EDGE_LOOP('',(#3163,#3164,#3165,#3166));
#426=EDGE_LOOP('',(#3167,#3168,#3169,#3170));
#427=EDGE_LOOP('',(#3171,#3172,#3173,#3174));
#428=EDGE_LOOP('',(#3175,#3176,#3177,#3178));
#429=EDGE_LOOP('',(#3179,#3180,#3181,#3182));
#430=EDGE_LOOP('',(#3183,#3184,#3185,#3186));
#431=EDGE_LOOP('',(#3187,#3188,#3189,#3190));
#432=EDGE_LOOP('',(#3191,#3192,#3193,#3194));
#433=EDGE_LOOP('',(#3195,#3196,#3197,#3198));
#434=EDGE_LOOP('',(#3199,#3200,#3201,#3202));
#435=EDGE_LOOP('',(#3203,#3204,#3205,#3206));
#436=EDGE_LOOP('',(#3207,#3208,#3209,#3210));
#437=EDGE_LOOP('',(#3211,#3212,#3213,#3214));
#438=EDGE_LOOP('',(#3215,#3216,#3217,#3218));
#439=EDGE_LOOP('',(#3219,#3220,#3221,#3222));
#440=EDGE_LOOP('',(#3223,#3224,#3225,#3226));
#441=EDGE_LOOP('',(#3227,#3228,#3229,#3230));
#442=EDGE_LOOP('',(#3231,#3232,#3233,#3234));
#443=EDGE_LOOP('',(#3235,#3236,#3237,#3238));
#444=EDGE_LOOP('',(#3239,#3240,#3241,#3242));
#445=EDGE_LOOP('',(#3243,#3244,#3245,#3246));
#446=EDGE_LOOP('',(#3247,#3248,#3249,#3250));
#447=EDGE_LOOP('',(#3251,#3252,#3253,#3254));
#448=EDGE_LOOP('',(#3255,#3256,#3257,#3258));
#449=EDGE_LOOP('',(#3259,#3260,#3261,#3262));
#450=EDGE_LOOP('',(#3263,#3264,#3265,#3266));
#451=EDGE_LOOP('',(#3267,#3268,#3269,#3270));
#452=EDGE_LOOP('',(#3271,#3272,#3273,#3274));
#453=EDGE_LOOP('',(#3275,#3276,#3277,#3278));
#454=EDGE_LOOP('',(#3279,#3280,#3281,#3282));
#455=EDGE_LOOP('',(#3283,#3284,#3285,#3286));
#456=EDGE_LOOP('',(#3287,#3288,#3289,#3290));
#457=EDGE_LOOP('',(#3291,#3292,#3293,#3294));
#458=EDGE_LOOP('',(#3295,#3296,#3297,#3298));
#459=EDGE_LOOP('',(#3299,#3300,#3301,#3302));
#460=EDGE_LOOP('',(#3303,#3304,#3305,#3306));
#461=EDGE_LOOP('',(#3307,#3308,#3309,#3310));
#462=EDGE_LOOP('',(#3311,#3312,#3313,#3314));
#463=EDGE_LOOP('',(#3315,#3316,#3317,#3318));
#464=EDGE_LOOP('',(#3319,#3320,#3321,#3322));
#465=EDGE_LOOP('',(#3323,#3324,#3325,#3326));
#466=EDGE_LOOP('',(#3327,#3328,#3329,#3330));
#467=EDGE_LOOP('',(#3331,#3332,#3333,#3334));
#468=EDGE_LOOP('',(#3335,#3336,#3337,#3338));
#469=EDGE_LOOP('',(#3339,#3340,#3341,#3342));
#470=EDGE_LOOP('',(#3343,#3344,#3345,#3346));
#471=EDGE_LOOP('',(#3347,#3348,#3349,#3350));
#472=EDGE_LOOP('',(#3351,#3352,#3353,#3354));
#473=EDGE_LOOP('',(#3355,#3356,#3357,#3358));
#474=EDGE_LOOP('',(#3359,#3360,#3361,#3362));
#475=EDGE_LOOP('',(#3363,#3364,#3365,#3366));
#476=EDGE_LOOP('',(#3367,#3368,#3369,#3370));
#477=EDGE_LOOP('',(#3371,#3372,#3373,#3374));
#478=EDGE_LOOP('',(#3375,#3376,#3377,#3378));
#479=EDGE_LOOP('',(#3379,#3380,#3381,#3382));
#480=EDGE_LOOP('',(#3383,#3384,#3385,#3386));
#481=EDGE_LOOP('',(#3387,#3388,#3389,#3390));
#482=EDGE_LOOP('',(#3391,#3392,#3393,#3394));
#483=EDGE_LOOP('',(#3395,#3396,#3397,#3398));
#484=EDGE_LOOP('',(#3399,#3400,#3401,#3402));
#485=EDGE_LOOP('',(#3403,#3404,#3405,#3406));
#486=EDGE_LOOP('',(#3407,#3408,#3409,#3410));
#487=EDGE_LOOP('',(#3411,#3412,#3413,#3414));
#488=EDGE_LOOP('',(#3415,#3416,#3417,#3418));
#489=EDGE_LOOP('',(#3419,#3420,#3421,#3422));
#490=EDGE_LOOP('',(#3423,#3424,#3425,#3426));
#491=EDGE_LOOP('',(#3427,#3428,#3429,#3430));
#492=EDGE_LOOP('',(#3431,#3432,#3433,#3434,#3435,#3436,#3437,#3438,#3439,
#3440,#3441,#3442,#3443,#3444,#3445,#3446,#3447,#3448));
#493=EDGE_LOOP('',(#3449,#3450,#3451,#3452,#3453,#3454,#3455,#3456));
#494=EDGE_LOOP('',(#3457,#3458,#3459,#3460,#3461,#3462,#3463,#3464,#3465,
#3466,#3467,#3468,#3469,#3470,#3471,#3472,#3473,#3474));
#495=EDGE_LOOP('',(#3475,#3476,#3477,#3478,#3479,#3480,#3481,#3482));
#496=EDGE_LOOP('',(#3483,#3484,#3485,#3486,#3487,#3488,#3489,#3490,#3491,
#3492,#3493,#3494,#3495,#3496,#3497,#3498,#3499,#3500));
#497=EDGE_LOOP('',(#3501,#3502,#3503,#3504,#3505,#3506,#3507,#3508));
#498=EDGE_LOOP('',(#3509,#3510,#3511,#3512,#3513,#3514,#3515,#3516,#3517,
#3518,#3519,#3520,#3521,#3522));
#499=EDGE_LOOP('',(#3523,#3524,#3525,#3526));
#500=EDGE_LOOP('',(#3527,#3528,#3529,#3530));
#501=EDGE_LOOP('',(#3531,#3532,#3533,#3534));
#502=EDGE_LOOP('',(#3535,#3536,#3537,#3538));
#503=EDGE_LOOP('',(#3539,#3540,#3541,#3542));
#504=EDGE_LOOP('',(#3543,#3544,#3545,#3546));
#505=EDGE_LOOP('',(#3547,#3548,#3549,#3550));
#506=EDGE_LOOP('',(#3551,#3552,#3553,#3554));
#507=EDGE_LOOP('',(#3555,#3556,#3557,#3558));
#508=EDGE_LOOP('',(#3559,#3560,#3561,#3562));
#509=EDGE_LOOP('',(#3563,#3564,#3565,#3566));
#510=EDGE_LOOP('',(#3567,#3568,#3569,#3570));
#511=EDGE_LOOP('',(#3571,#3572,#3573,#3574));
#512=EDGE_LOOP('',(#3575,#3576,#3577,#3578));
#513=EDGE_LOOP('',(#3579,#3580,#3581,#3582));
#514=EDGE_LOOP('',(#3583,#3584,#3585,#3586));
#515=EDGE_LOOP('',(#3587,#3588,#3589,#3590));
#516=EDGE_LOOP('',(#3591,#3592,#3593,#3594));
#517=EDGE_LOOP('',(#3595,#3596,#3597,#3598));
#518=EDGE_LOOP('',(#3599,#3600,#3601,#3602));
#519=EDGE_LOOP('',(#3603,#3604,#3605,#3606));
#520=EDGE_LOOP('',(#3607,#3608,#3609,#3610));
#521=EDGE_LOOP('',(#3611,#3612,#3613,#3614));
#522=EDGE_LOOP('',(#3615,#3616,#3617,#3618));
#523=EDGE_LOOP('',(#3619,#3620,#3621,#3622));
#524=EDGE_LOOP('',(#3623,#3624,#3625,#3626));
#525=EDGE_LOOP('',(#3627,#3628,#3629,#3630));
#526=EDGE_LOOP('',(#3631,#3632,#3633,#3634));
#527=EDGE_LOOP('',(#3635,#3636,#3637,#3638));
#528=EDGE_LOOP('',(#3639,#3640,#3641,#3642));
#529=EDGE_LOOP('',(#3643,#3644,#3645,#3646));
#530=EDGE_LOOP('',(#3647,#3648,#3649,#3650));
#531=EDGE_LOOP('',(#3651,#3652,#3653,#3654));
#532=EDGE_LOOP('',(#3655,#3656,#3657,#3658));
#533=EDGE_LOOP('',(#3659,#3660,#3661,#3662));
#534=EDGE_LOOP('',(#3663,#3664,#3665,#3666));
#535=EDGE_LOOP('',(#3667,#3668,#3669,#3670));
#536=EDGE_LOOP('',(#3671,#3672,#3673,#3674));
#537=EDGE_LOOP('',(#3675,#3676,#3677,#3678));
#538=EDGE_LOOP('',(#3679,#3680,#3681,#3682));
#539=EDGE_LOOP('',(#3683,#3684,#3685,#3686));
#540=EDGE_LOOP('',(#3687,#3688,#3689,#3690));
#541=EDGE_LOOP('',(#3691,#3692,#3693,#3694));
#542=EDGE_LOOP('',(#3695,#3696,#3697,#3698));
#543=EDGE_LOOP('',(#3699,#3700,#3701,#3702));
#544=EDGE_LOOP('',(#3703,#3704,#3705,#3706));
#545=EDGE_LOOP('',(#3707,#3708,#3709,#3710));
#546=EDGE_LOOP('',(#3711,#3712,#3713,#3714));
#547=EDGE_LOOP('',(#3715,#3716,#3717,#3718));
#548=EDGE_LOOP('',(#3719,#3720,#3721,#3722));
#549=EDGE_LOOP('',(#3723,#3724,#3725,#3726));
#550=EDGE_LOOP('',(#3727,#3728,#3729,#3730));
#551=EDGE_LOOP('',(#3731,#3732,#3733,#3734));
#552=EDGE_LOOP('',(#3735,#3736,#3737,#3738));
#553=EDGE_LOOP('',(#3739,#3740,#3741,#3742));
#554=EDGE_LOOP('',(#3743,#3744,#3745,#3746));
#555=EDGE_LOOP('',(#3747,#3748,#3749,#3750));
#556=EDGE_LOOP('',(#3751,#3752,#3753,#3754));
#557=EDGE_LOOP('',(#3755,#3756,#3757,#3758));
#558=EDGE_LOOP('',(#3759,#3760,#3761,#3762));
#559=EDGE_LOOP('',(#3763,#3764,#3765,#3766));
#560=EDGE_LOOP('',(#3767,#3768,#3769,#3770));
#561=EDGE_LOOP('',(#3771,#3772,#3773,#3774));
#562=EDGE_LOOP('',(#3775,#3776,#3777,#3778));
#563=EDGE_LOOP('',(#3779,#3780,#3781,#3782));
#564=EDGE_LOOP('',(#3783,#3784,#3785,#3786));
#565=EDGE_LOOP('',(#3787,#3788,#3789,#3790));
#566=EDGE_LOOP('',(#3791,#3792,#3793,#3794));
#567=EDGE_LOOP('',(#3795,#3796,#3797,#3798));
#568=EDGE_LOOP('',(#3799,#3800,#3801,#3802));
#569=EDGE_LOOP('',(#3803,#3804,#3805,#3806));
#570=EDGE_LOOP('',(#3807,#3808,#3809,#3810));
#571=EDGE_LOOP('',(#3811,#3812,#3813,#3814));
#572=EDGE_LOOP('',(#3815,#3816,#3817,#3818));
#573=EDGE_LOOP('',(#3819,#3820,#3821,#3822));
#574=EDGE_LOOP('',(#3823,#3824,#3825,#3826));
#575=EDGE_LOOP('',(#3827,#3828,#3829,#3830));
#576=EDGE_LOOP('',(#3831,#3832,#3833,#3834));
#577=EDGE_LOOP('',(#3835,#3836,#3837,#3838));
#578=EDGE_LOOP('',(#3839,#3840,#3841,#3842));
#579=LINE('',#5311,#1155);
#580=LINE('',#5313,#1156);
#581=LINE('',#5315,#1157);
#582=LINE('',#5317,#1158);
#583=LINE('',#5319,#1159);
#584=LINE('',#5321,#1160);
#585=LINE('',#5323,#1161);
#586=LINE('',#5324,#1162);
#587=LINE('',#5329,#1163);
#588=LINE('',#5331,#1164);
#589=LINE('',#5332,#1165);
#590=LINE('',#5335,#1166);
#591=LINE('',#5336,#1167);
#592=LINE('',#5339,#1168);
#593=LINE('',#5340,#1169);
#594=LINE('',#5343,#1170);
#595=LINE('',#5344,#1171);
#596=LINE('',#5347,#1172);
#597=LINE('',#5348,#1173);
#598=LINE('',#5352,#1174);
#599=LINE('',#5354,#1175);
#600=LINE('',#5356,#1176);
#601=LINE('',#5358,#1177);
#602=LINE('',#5360,#1178);
#603=LINE('',#5362,#1179);
#604=LINE('',#5364,#1180);
#605=LINE('',#5365,#1181);
#606=LINE('',#5370,#1182);
#607=LINE('',#5372,#1183);
#608=LINE('',#5373,#1184);
#609=LINE('',#5377,#1185);
#610=LINE('',#5379,#1186);
#611=LINE('',#5381,#1187);
#612=LINE('',#5382,#1188);
#613=LINE('',#5385,#1189);
#614=LINE('',#5387,#1190);
#615=LINE('',#5388,#1191);
#616=LINE('',#5391,#1192);
#617=LINE('',#5393,#1193);
#618=LINE('',#5395,#1194);
#619=LINE('',#5397,#1195);
#620=LINE('',#5399,#1196);
#621=LINE('',#5401,#1197);
#622=LINE('',#5403,#1198);
#623=LINE('',#5405,#1199);
#624=LINE('',#5407,#1200);
#625=LINE('',#5408,#1201);
#626=LINE('',#5411,#1202);
#627=LINE('',#5413,#1203);
#628=LINE('',#5414,#1204);
#629=LINE('',#5418,#1205);
#630=LINE('',#5420,#1206);
#631=LINE('',#5422,#1207);
#632=LINE('',#5423,#1208);
#633=LINE('',#5426,#1209);
#634=LINE('',#5428,#1210);
#635=LINE('',#5430,#1211);
#636=LINE('',#5432,#1212);
#637=LINE('',#5433,#1213);
#638=LINE('',#5437,#1214);
#639=LINE('',#5439,#1215);
#640=LINE('',#5441,#1216);
#641=LINE('',#5442,#1217);
#642=LINE('',#5445,#1218);
#643=LINE('',#5447,#1219);
#644=LINE('',#5448,#1220);
#645=LINE('',#5451,#1221);
#646=LINE('',#5452,#1222);
#647=LINE('',#5454,#1223);
#648=LINE('',#5456,#1224);
#649=LINE('',#5458,#1225);
#650=LINE('',#5460,#1226);
#651=LINE('',#5462,#1227);
#652=LINE('',#5463,#1228);
#653=LINE('',#5466,#1229);
#654=LINE('',#5468,#1230);
#655=LINE('',#5469,#1231);
#656=LINE('',#5471,#1232);
#657=LINE('',#5472,#1233);
#658=LINE('',#5475,#1234);
#659=LINE('',#5477,#1235);
#660=LINE('',#5478,#1236);
#661=LINE('',#5481,#1237);
#662=LINE('',#5482,#1238);
#663=LINE('',#5485,#1239);
#664=LINE('',#5487,#1240);
#665=LINE('',#5488,#1241);
#666=LINE('',#5491,#1242);
#667=LINE('',#5493,#1243);
#668=LINE('',#5494,#1244);
#669=LINE('',#5497,#1245);
#670=LINE('',#5499,#1246);
#671=LINE('',#5500,#1247);
#672=LINE('',#5503,#1248);
#673=LINE('',#5505,#1249);
#674=LINE('',#5506,#1250);
#675=LINE('',#5510,#1251);
#676=LINE('',#5512,#1252);
#677=LINE('',#5514,#1253);
#678=LINE('',#5515,#1254);
#679=LINE('',#5518,#1255);
#680=LINE('',#5520,#1256);
#681=LINE('',#5521,#1257);
#682=LINE('',#5524,#1258);
#683=LINE('',#5526,#1259);
#684=LINE('',#5527,#1260);
#685=LINE('',#5530,#1261);
#686=LINE('',#5532,#1262);
#687=LINE('',#5533,#1263);
#688=LINE('',#5536,#1264);
#689=LINE('',#5538,#1265);
#690=LINE('',#5539,#1266);
#691=LINE('',#5541,#1267);
#692=LINE('',#5542,#1268);
#693=LINE('',#5549,#1269);
#694=LINE('',#5551,#1270);
#695=LINE('',#5553,#1271);
#696=LINE('',#5554,#1272);
#697=LINE('',#5557,#1273);
#698=LINE('',#5559,#1274);
#699=LINE('',#5560,#1275);
#700=LINE('',#5563,#1276);
#701=LINE('',#5565,#1277);
#702=LINE('',#5566,#1278);
#703=LINE('',#5569,#1279);
#704=LINE('',#5571,#1280);
#705=LINE('',#5572,#1281);
#706=LINE('',#5575,#1282);
#707=LINE('',#5577,#1283);
#708=LINE('',#5578,#1284);
#709=LINE('',#5580,#1285);
#710=LINE('',#5581,#1286);
#711=LINE('',#5586,#1287);
#712=LINE('',#5587,#1288);
#713=LINE('',#5589,#1289);
#714=LINE('',#5590,#1290);
#715=LINE('',#5594,#1291);
#716=LINE('',#5596,#1292);
#717=LINE('',#5598,#1293);
#718=LINE('',#5600,#1294);
#719=LINE('',#5602,#1295);
#720=LINE('',#5604,#1296);
#721=LINE('',#5606,#1297);
#722=LINE('',#5608,#1298);
#723=LINE('',#5610,#1299);
#724=LINE('',#5612,#1300);
#725=LINE('',#5614,#1301);
#726=LINE('',#5615,#1302);
#727=LINE('',#5619,#1303);
#728=LINE('',#5621,#1304);
#729=LINE('',#5623,#1305);
#730=LINE('',#5624,#1306);
#731=LINE('',#5626,#1307);
#732=LINE('',#5628,#1308);
#733=LINE('',#5629,#1309);
#734=LINE('',#5634,#1310);
#735=LINE('',#5635,#1311);
#736=LINE('',#5637,#1312);
#737=LINE('',#5639,#1313);
#738=LINE('',#5641,#1314);
#739=LINE('',#5643,#1315);
#740=LINE('',#5644,#1316);
#741=LINE('',#5646,#1317);
#742=LINE('',#5648,#1318);
#743=LINE('',#5650,#1319);
#744=LINE('',#5652,#1320);
#745=LINE('',#5654,#1321);
#746=LINE('',#5656,#1322);
#747=LINE('',#5658,#1323);
#748=LINE('',#5660,#1324);
#749=LINE('',#5662,#1325);
#750=LINE('',#5666,#1326);
#751=LINE('',#5667,#1327);
#752=LINE('',#5669,#1328);
#753=LINE('',#5672,#1329);
#754=LINE('',#5673,#1330);
#755=LINE('',#5675,#1331);
#756=LINE('',#5679,#1332);
#757=LINE('',#5681,#1333);
#758=LINE('',#5683,#1334);
#759=LINE('',#5685,#1335);
#760=LINE('',#5687,#1336);
#761=LINE('',#5689,#1337);
#762=LINE('',#5691,#1338);
#763=LINE('',#5693,#1339);
#764=LINE('',#5695,#1340);
#765=LINE('',#5697,#1341);
#766=LINE('',#5699,#1342);
#767=LINE('',#5701,#1343);
#768=LINE('',#5703,#1344);
#769=LINE('',#5705,#1345);
#770=LINE('',#5707,#1346);
#771=LINE('',#5709,#1347);
#772=LINE('',#5711,#1348);
#773=LINE('',#5713,#1349);
#774=LINE('',#5715,#1350);
#775=LINE('',#5717,#1351);
#776=LINE('',#5719,#1352);
#777=LINE('',#5721,#1353);
#778=LINE('',#5723,#1354);
#779=LINE('',#5725,#1355);
#780=LINE('',#5727,#1356);
#781=LINE('',#5729,#1357);
#782=LINE('',#5731,#1358);
#783=LINE('',#5733,#1359);
#784=LINE('',#5735,#1360);
#785=LINE('',#5737,#1361);
#786=LINE('',#5739,#1362);
#787=LINE('',#5741,#1363);
#788=LINE('',#5743,#1364);
#789=LINE('',#5745,#1365);
#790=LINE('',#5747,#1366);
#791=LINE('',#5749,#1367);
#792=LINE('',#5751,#1368);
#793=LINE('',#5753,#1369);
#794=LINE('',#5755,#1370);
#795=LINE('',#5757,#1371);
#796=LINE('',#5759,#1372);
#797=LINE('',#5761,#1373);
#798=LINE('',#5763,#1374);
#799=LINE('',#5765,#1375);
#800=LINE('',#5767,#1376);
#801=LINE('',#5769,#1377);
#802=LINE('',#5771,#1378);
#803=LINE('',#5773,#1379);
#804=LINE('',#5775,#1380);
#805=LINE('',#5777,#1381);
#806=LINE('',#5779,#1382);
#807=LINE('',#5781,#1383);
#808=LINE('',#5783,#1384);
#809=LINE('',#5785,#1385);
#810=LINE('',#5787,#1386);
#811=LINE('',#5789,#1387);
#812=LINE('',#5791,#1388);
#813=LINE('',#5793,#1389);
#814=LINE('',#5795,#1390);
#815=LINE('',#5797,#1391);
#816=LINE('',#5799,#1392);
#817=LINE('',#5801,#1393);
#818=LINE('',#5803,#1394);
#819=LINE('',#5805,#1395);
#820=LINE('',#5807,#1396);
#821=LINE('',#5809,#1397);
#822=LINE('',#5811,#1398);
#823=LINE('',#5813,#1399);
#824=LINE('',#5815,#1400);
#825=LINE('',#5817,#1401);
#826=LINE('',#5819,#1402);
#827=LINE('',#5821,#1403);
#828=LINE('',#5823,#1404);
#829=LINE('',#5825,#1405);
#830=LINE('',#5827,#1406);
#831=LINE('',#5829,#1407);
#832=LINE('',#5831,#1408);
#833=LINE('',#5833,#1409);
#834=LINE('',#5835,#1410);
#835=LINE('',#5836,#1411);
#836=LINE('',#5843,#1412);
#837=LINE('',#5845,#1413);
#838=LINE('',#5864,#1414);
#839=LINE('',#5865,#1415);
#840=LINE('',#5867,#1416);
#841=LINE('',#5868,#1417);
#842=LINE('',#5871,#1418);
#843=LINE('',#5873,#1419);
#844=LINE('',#5874,#1420);
#845=LINE('',#5892,#1421);
#846=LINE('',#5894,#1422);
#847=LINE('',#5895,#1423);
#848=LINE('',#5913,#1424);
#849=LINE('',#5915,#1425);
#850=LINE('',#5916,#1426);
#851=LINE('',#5934,#1427);
#852=LINE('',#5936,#1428);
#853=LINE('',#5937,#1429);
#854=LINE('',#5955,#1430);
#855=LINE('',#5957,#1431);
#856=LINE('',#5958,#1432);
#857=LINE('',#5976,#1433);
#858=LINE('',#5978,#1434);
#859=LINE('',#5979,#1435);
#860=LINE('',#5997,#1436);
#861=LINE('',#5999,#1437);
#862=LINE('',#6000,#1438);
#863=LINE('',#6018,#1439);
#864=LINE('',#6020,#1440);
#865=LINE('',#6021,#1441);
#866=LINE('',#6039,#1442);
#867=LINE('',#6041,#1443);
#868=LINE('',#6042,#1444);
#869=LINE('',#6060,#1445);
#870=LINE('',#6062,#1446);
#871=LINE('',#6063,#1447);
#872=LINE('',#6066,#1448);
#873=LINE('',#6068,#1449);
#874=LINE('',#6069,#1450);
#875=LINE('',#6087,#1451);
#876=LINE('',#6089,#1452);
#877=LINE('',#6090,#1453);
#878=LINE('',#6108,#1454);
#879=LINE('',#6110,#1455);
#880=LINE('',#6111,#1456);
#881=LINE('',#6129,#1457);
#882=LINE('',#6131,#1458);
#883=LINE('',#6132,#1459);
#884=LINE('',#6150,#1460);
#885=LINE('',#6152,#1461);
#886=LINE('',#6153,#1462);
#887=LINE('',#6171,#1463);
#888=LINE('',#6173,#1464);
#889=LINE('',#6174,#1465);
#890=LINE('',#6192,#1466);
#891=LINE('',#6194,#1467);
#892=LINE('',#6195,#1468);
#893=LINE('',#6213,#1469);
#894=LINE('',#6215,#1470);
#895=LINE('',#6216,#1471);
#896=LINE('',#6234,#1472);
#897=LINE('',#6236,#1473);
#898=LINE('',#6237,#1474);
#899=LINE('',#6255,#1475);
#900=LINE('',#6257,#1476);
#901=LINE('',#6258,#1477);
#902=LINE('',#6261,#1478);
#903=LINE('',#6263,#1479);
#904=LINE('',#6264,#1480);
#905=LINE('',#6282,#1481);
#906=LINE('',#6284,#1482);
#907=LINE('',#6285,#1483);
#908=LINE('',#6303,#1484);
#909=LINE('',#6305,#1485);
#910=LINE('',#6306,#1486);
#911=LINE('',#6324,#1487);
#912=LINE('',#6326,#1488);
#913=LINE('',#6327,#1489);
#914=LINE('',#6345,#1490);
#915=LINE('',#6347,#1491);
#916=LINE('',#6348,#1492);
#917=LINE('',#6366,#1493);
#918=LINE('',#6368,#1494);
#919=LINE('',#6369,#1495);
#920=LINE('',#6387,#1496);
#921=LINE('',#6389,#1497);
#922=LINE('',#6390,#1498);
#923=LINE('',#6408,#1499);
#924=LINE('',#6410,#1500);
#925=LINE('',#6411,#1501);
#926=LINE('',#6429,#1502);
#927=LINE('',#6431,#1503);
#928=LINE('',#6432,#1504);
#929=LINE('',#6450,#1505);
#930=LINE('',#6452,#1506);
#931=LINE('',#6453,#1507);
#932=LINE('',#6456,#1508);
#933=LINE('',#6458,#1509);
#934=LINE('',#6459,#1510);
#935=LINE('',#6477,#1511);
#936=LINE('',#6479,#1512);
#937=LINE('',#6480,#1513);
#938=LINE('',#6498,#1514);
#939=LINE('',#6500,#1515);
#940=LINE('',#6501,#1516);
#941=LINE('',#6519,#1517);
#942=LINE('',#6521,#1518);
#943=LINE('',#6522,#1519);
#944=LINE('',#6540,#1520);
#945=LINE('',#6542,#1521);
#946=LINE('',#6543,#1522);
#947=LINE('',#6561,#1523);
#948=LINE('',#6563,#1524);
#949=LINE('',#6564,#1525);
#950=LINE('',#6582,#1526);
#951=LINE('',#6584,#1527);
#952=LINE('',#6585,#1528);
#953=LINE('',#6603,#1529);
#954=LINE('',#6605,#1530);
#955=LINE('',#6606,#1531);
#956=LINE('',#6624,#1532);
#957=LINE('',#6626,#1533);
#958=LINE('',#6627,#1534);
#959=LINE('',#6645,#1535);
#960=LINE('',#6647,#1536);
#961=LINE('',#6648,#1537);
#962=LINE('',#6651,#1538);
#963=LINE('',#6653,#1539);
#964=LINE('',#6654,#1540);
#965=LINE('',#6672,#1541);
#966=LINE('',#6674,#1542);
#967=LINE('',#6675,#1543);
#968=LINE('',#6693,#1544);
#969=LINE('',#6695,#1545);
#970=LINE('',#6696,#1546);
#971=LINE('',#6714,#1547);
#972=LINE('',#6716,#1548);
#973=LINE('',#6717,#1549);
#974=LINE('',#6735,#1550);
#975=LINE('',#6737,#1551);
#976=LINE('',#6738,#1552);
#977=LINE('',#6756,#1553);
#978=LINE('',#6758,#1554);
#979=LINE('',#6759,#1555);
#980=LINE('',#6777,#1556);
#981=LINE('',#6779,#1557);
#982=LINE('',#6780,#1558);
#983=LINE('',#6798,#1559);
#984=LINE('',#6800,#1560);
#985=LINE('',#6801,#1561);
#986=LINE('',#6819,#1562);
#987=LINE('',#6821,#1563);
#988=LINE('',#6822,#1564);
#989=LINE('',#6840,#1565);
#990=LINE('',#6842,#1566);
#991=LINE('',#6843,#1567);
#992=LINE('',#6846,#1568);
#993=LINE('',#6848,#1569);
#994=LINE('',#6849,#1570);
#995=LINE('',#6867,#1571);
#996=LINE('',#6869,#1572);
#997=LINE('',#6870,#1573);
#998=LINE('',#6888,#1574);
#999=LINE('',#6890,#1575);
#1000=LINE('',#6891,#1576);
#1001=LINE('',#6909,#1577);
#1002=LINE('',#6911,#1578);
#1003=LINE('',#6912,#1579);
#1004=LINE('',#6930,#1580);
#1005=LINE('',#6932,#1581);
#1006=LINE('',#6933,#1582);
#1007=LINE('',#6951,#1583);
#1008=LINE('',#6953,#1584);
#1009=LINE('',#6954,#1585);
#1010=LINE('',#6972,#1586);
#1011=LINE('',#6974,#1587);
#1012=LINE('',#6975,#1588);
#1013=LINE('',#6993,#1589);
#1014=LINE('',#6995,#1590);
#1015=LINE('',#6996,#1591);
#1016=LINE('',#7014,#1592);
#1017=LINE('',#7016,#1593);
#1018=LINE('',#7017,#1594);
#1019=LINE('',#7035,#1595);
#1020=LINE('',#7037,#1596);
#1021=LINE('',#7038,#1597);
#1022=LINE('',#7041,#1598);
#1023=LINE('',#7043,#1599);
#1024=LINE('',#7044,#1600);
#1025=LINE('',#7062,#1601);
#1026=LINE('',#7064,#1602);
#1027=LINE('',#7065,#1603);
#1028=LINE('',#7083,#1604);
#1029=LINE('',#7085,#1605);
#1030=LINE('',#7086,#1606);
#1031=LINE('',#7104,#1607);
#1032=LINE('',#7106,#1608);
#1033=LINE('',#7107,#1609);
#1034=LINE('',#7125,#1610);
#1035=LINE('',#7127,#1611);
#1036=LINE('',#7128,#1612);
#1037=LINE('',#7146,#1613);
#1038=LINE('',#7148,#1614);
#1039=LINE('',#7149,#1615);
#1040=LINE('',#7167,#1616);
#1041=LINE('',#7169,#1617);
#1042=LINE('',#7170,#1618);
#1043=LINE('',#7188,#1619);
#1044=LINE('',#7190,#1620);
#1045=LINE('',#7191,#1621);
#1046=LINE('',#7209,#1622);
#1047=LINE('',#7211,#1623);
#1048=LINE('',#7212,#1624);
#1049=LINE('',#7230,#1625);
#1050=LINE('',#7231,#1626);
#1051=LINE('',#7232,#1627);
#1052=LINE('',#7235,#1628);
#1053=LINE('',#7236,#1629);
#1054=LINE('',#7254,#1630);
#1055=LINE('',#7255,#1631);
#1056=LINE('',#7273,#1632);
#1057=LINE('',#7274,#1633);
#1058=LINE('',#7292,#1634);
#1059=LINE('',#7293,#1635);
#1060=LINE('',#7311,#1636);
#1061=LINE('',#7312,#1637);
#1062=LINE('',#7330,#1638);
#1063=LINE('',#7331,#1639);
#1064=LINE('',#7349,#1640);
#1065=LINE('',#7350,#1641);
#1066=LINE('',#7368,#1642);
#1067=LINE('',#7369,#1643);
#1068=LINE('',#7386,#1644);
#1069=LINE('',#7388,#1645);
#1070=LINE('',#7390,#1646);
#1071=LINE('',#7392,#1647);
#1072=LINE('',#7394,#1648);
#1073=LINE('',#7396,#1649);
#1074=LINE('',#7398,#1650);
#1075=LINE('',#7401,#1651);
#1076=LINE('',#7402,#1652);
#1077=LINE('',#7404,#1653);
#1078=LINE('',#7406,#1654);
#1079=LINE('',#7408,#1655);
#1080=LINE('',#7410,#1656);
#1081=LINE('',#7412,#1657);
#1082=LINE('',#7414,#1658);
#1083=LINE('',#7416,#1659);
#1084=LINE('',#7418,#1660);
#1085=LINE('',#7420,#1661);
#1086=LINE('',#7422,#1662);
#1087=LINE('',#7424,#1663);
#1088=LINE('',#7426,#1664);
#1089=LINE('',#7428,#1665);
#1090=LINE('',#7430,#1666);
#1091=LINE('',#7432,#1667);
#1092=LINE('',#7434,#1668);
#1093=LINE('',#7436,#1669);
#1094=LINE('',#7438,#1670);
#1095=LINE('',#7440,#1671);
#1096=LINE('',#7442,#1672);
#1097=LINE('',#7444,#1673);
#1098=LINE('',#7446,#1674);
#1099=LINE('',#7448,#1675);
#1100=LINE('',#7450,#1676);
#1101=LINE('',#7452,#1677);
#1102=LINE('',#7454,#1678);
#1103=LINE('',#7456,#1679);
#1104=LINE('',#7458,#1680);
#1105=LINE('',#7460,#1681);
#1106=LINE('',#7462,#1682);
#1107=LINE('',#7464,#1683);
#1108=LINE('',#7466,#1684);
#1109=LINE('',#7468,#1685);
#1110=LINE('',#7470,#1686);
#1111=LINE('',#7472,#1687);
#1112=LINE('',#7474,#1688);
#1113=LINE('',#7476,#1689);
#1114=LINE('',#7478,#1690);
#1115=LINE('',#7480,#1691);
#1116=LINE('',#7482,#1692);
#1117=LINE('',#7484,#1693);
#1118=LINE('',#7486,#1694);
#1119=LINE('',#7488,#1695);
#1120=LINE('',#7490,#1696);
#1121=LINE('',#7492,#1697);
#1122=LINE('',#7494,#1698);
#1123=LINE('',#7496,#1699);
#1124=LINE('',#7498,#1700);
#1125=LINE('',#7500,#1701);
#1126=LINE('',#7502,#1702);
#1127=LINE('',#7504,#1703);
#1128=LINE('',#7506,#1704);
#1129=LINE('',#7508,#1705);
#1130=LINE('',#7510,#1706);
#1131=LINE('',#7512,#1707);
#1132=LINE('',#7514,#1708);
#1133=LINE('',#7516,#1709);
#1134=LINE('',#7518,#1710);
#1135=LINE('',#7520,#1711);
#1136=LINE('',#7522,#1712);
#1137=LINE('',#7524,#1713);
#1138=LINE('',#7526,#1714);
#1139=LINE('',#7528,#1715);
#1140=LINE('',#7530,#1716);
#1141=LINE('',#7532,#1717);
#1142=LINE('',#7534,#1718);
#1143=LINE('',#7536,#1719);
#1144=LINE('',#7538,#1720);
#1145=LINE('',#7540,#1721);
#1146=LINE('',#7542,#1722);
#1147=LINE('',#7544,#1723);
#1148=LINE('',#7546,#1724);
#1149=LINE('',#7548,#1725);
#1150=LINE('',#7550,#1726);
#1151=LINE('',#7552,#1727);
#1152=LINE('',#7554,#1728);
#1153=LINE('',#7556,#1729);
#1154=LINE('',#7558,#1730);
#1155=VECTOR('',#4405,10.);
#1156=VECTOR('',#4406,10.);
#1157=VECTOR('',#4407,10.);
#1158=VECTOR('',#4408,10.);
#1159=VECTOR('',#4409,10.);
#1160=VECTOR('',#4410,10.);
#1161=VECTOR('',#4411,10.);
#1162=VECTOR('',#4412,10.);
#1163=VECTOR('',#4417,10.);
#1164=VECTOR('',#4418,10.);
#1165=VECTOR('',#4419,10.);
#1166=VECTOR('',#4422,10.);
#1167=VECTOR('',#4423,10.);
#1168=VECTOR('',#4426,10.);
#1169=VECTOR('',#4427,10.);
#1170=VECTOR('',#4430,10.);
#1171=VECTOR('',#4431,10.);
#1172=VECTOR('',#4434,10.);
#1173=VECTOR('',#4435,10.);
#1174=VECTOR('',#4438,10.);
#1175=VECTOR('',#4439,10.);
#1176=VECTOR('',#4440,10.);
#1177=VECTOR('',#4441,10.);
#1178=VECTOR('',#4442,10.);
#1179=VECTOR('',#4443,10.);
#1180=VECTOR('',#4444,10.);
#1181=VECTOR('',#4445,10.);
#1182=VECTOR('',#4450,10.);
#1183=VECTOR('',#4451,10.);
#1184=VECTOR('',#4452,10.);
#1185=VECTOR('',#4455,10.);
#1186=VECTOR('',#4456,10.);
#1187=VECTOR('',#4457,10.);
#1188=VECTOR('',#4458,10.);
#1189=VECTOR('',#4461,10.);
#1190=VECTOR('',#4462,10.);
#1191=VECTOR('',#4463,10.);
#1192=VECTOR('',#4466,10.);
#1193=VECTOR('',#4467,10.);
#1194=VECTOR('',#4468,10.);
#1195=VECTOR('',#4469,10.);
#1196=VECTOR('',#4470,10.);
#1197=VECTOR('',#4471,10.);
#1198=VECTOR('',#4472,10.);
#1199=VECTOR('',#4473,10.);
#1200=VECTOR('',#4474,10.);
#1201=VECTOR('',#4475,10.);
#1202=VECTOR('',#4478,10.);
#1203=VECTOR('',#4479,10.);
#1204=VECTOR('',#4480,10.);
#1205=VECTOR('',#4483,10.);
#1206=VECTOR('',#4484,10.);
#1207=VECTOR('',#4485,10.);
#1208=VECTOR('',#4486,10.);
#1209=VECTOR('',#4489,10.);
#1210=VECTOR('',#4490,10.);
#1211=VECTOR('',#4491,10.);
#1212=VECTOR('',#4492,10.);
#1213=VECTOR('',#4493,10.);
#1214=VECTOR('',#4496,10.);
#1215=VECTOR('',#4497,10.);
#1216=VECTOR('',#4498,10.);
#1217=VECTOR('',#4499,10.);
#1218=VECTOR('',#4502,10.);
#1219=VECTOR('',#4503,10.);
#1220=VECTOR('',#4504,10.);
#1221=VECTOR('',#4507,10.);
#1222=VECTOR('',#4508,10.);
#1223=VECTOR('',#4509,10.);
#1224=VECTOR('',#4510,10.);
#1225=VECTOR('',#4511,10.);
#1226=VECTOR('',#4512,10.);
#1227=VECTOR('',#4513,10.);
#1228=VECTOR('',#4514,10.);
#1229=VECTOR('',#4517,10.);
#1230=VECTOR('',#4518,10.);
#1231=VECTOR('',#4519,10.);
#1232=VECTOR('',#4522,10.);
#1233=VECTOR('',#4523,10.);
#1234=VECTOR('',#4526,10.);
#1235=VECTOR('',#4527,10.);
#1236=VECTOR('',#4528,10.);
#1237=VECTOR('',#4531,10.);
#1238=VECTOR('',#4532,10.);
#1239=VECTOR('',#4535,10.);
#1240=VECTOR('',#4536,10.);
#1241=VECTOR('',#4537,10.);
#1242=VECTOR('',#4540,10.);
#1243=VECTOR('',#4541,10.);
#1244=VECTOR('',#4542,10.);
#1245=VECTOR('',#4545,10.);
#1246=VECTOR('',#4546,10.);
#1247=VECTOR('',#4547,10.);
#1248=VECTOR('',#4550,10.);
#1249=VECTOR('',#4551,10.);
#1250=VECTOR('',#4552,10.);
#1251=VECTOR('',#4555,10.);
#1252=VECTOR('',#4556,10.);
#1253=VECTOR('',#4557,10.);
#1254=VECTOR('',#4558,10.);
#1255=VECTOR('',#4561,10.);
#1256=VECTOR('',#4562,10.);
#1257=VECTOR('',#4563,10.);
#1258=VECTOR('',#4566,10.);
#1259=VECTOR('',#4567,10.);
#1260=VECTOR('',#4568,10.);
#1261=VECTOR('',#4571,10.);
#1262=VECTOR('',#4572,10.);
#1263=VECTOR('',#4573,10.);
#1264=VECTOR('',#4576,10.);
#1265=VECTOR('',#4577,10.);
#1266=VECTOR('',#4578,10.);
#1267=VECTOR('',#4581,10.);
#1268=VECTOR('',#4582,10.);
#1269=VECTOR('',#4589,10.);
#1270=VECTOR('',#4590,10.);
#1271=VECTOR('',#4591,10.);
#1272=VECTOR('',#4592,10.);
#1273=VECTOR('',#4595,10.);
#1274=VECTOR('',#4596,10.);
#1275=VECTOR('',#4597,10.);
#1276=VECTOR('',#4600,10.);
#1277=VECTOR('',#4601,10.);
#1278=VECTOR('',#4602,10.);
#1279=VECTOR('',#4605,10.);
#1280=VECTOR('',#4606,10.);
#1281=VECTOR('',#4607,10.);
#1282=VECTOR('',#4610,10.);
#1283=VECTOR('',#4611,10.);
#1284=VECTOR('',#4612,10.);
#1285=VECTOR('',#4615,10.);
#1286=VECTOR('',#4616,10.);
#1287=VECTOR('',#4623,10.);
#1288=VECTOR('',#4624,10.);
#1289=VECTOR('',#4627,10.);
#1290=VECTOR('',#4628,10.);
#1291=VECTOR('',#4631,10.);
#1292=VECTOR('',#4632,10.);
#1293=VECTOR('',#4633,10.);
#1294=VECTOR('',#4634,10.);
#1295=VECTOR('',#4635,10.);
#1296=VECTOR('',#4636,10.);
#1297=VECTOR('',#4637,10.);
#1298=VECTOR('',#4638,10.);
#1299=VECTOR('',#4639,10.);
#1300=VECTOR('',#4640,10.);
#1301=VECTOR('',#4641,10.);
#1302=VECTOR('',#4642,10.);
#1303=VECTOR('',#4645,10.);
#1304=VECTOR('',#4646,10.);
#1305=VECTOR('',#4647,10.);
#1306=VECTOR('',#4648,10.);
#1307=VECTOR('',#4649,10.);
#1308=VECTOR('',#4650,10.);
#1309=VECTOR('',#4651,10.);
#1310=VECTOR('',#4656,10.);
#1311=VECTOR('',#4657,10.);
#1312=VECTOR('',#4658,10.);
#1313=VECTOR('',#4659,10.);
#1314=VECTOR('',#4660,10.);
#1315=VECTOR('',#4661,10.);
#1316=VECTOR('',#4662,10.);
#1317=VECTOR('',#4665,1.6);
#1318=VECTOR('',#4668,1.6);
#1319=VECTOR('',#4671,10.);
#1320=VECTOR('',#4674,10.);
#1321=VECTOR('',#4677,10.);
#1322=VECTOR('',#4680,10.);
#1323=VECTOR('',#4683,10.);
#1324=VECTOR('',#4686,10.);
#1325=VECTOR('',#4689,10.);
#1326=VECTOR('',#4694,10.);
#1327=VECTOR('',#4695,10.);
#1328=VECTOR('',#4698,10.);
#1329=VECTOR('',#4701,10.);
#1330=VECTOR('',#4702,10.);
#1331=VECTOR('',#4705,10.);
#1332=VECTOR('',#4708,0.999999999999995);
#1333=VECTOR('',#4709,0.999999999999854);
#1334=VECTOR('',#4710,1.00000000000064);
#1335=VECTOR('',#4711,0.999999999999854);
#1336=VECTOR('',#4712,0.999999999999995);
#1337=VECTOR('',#4713,1.00000000000027);
#1338=VECTOR('',#4714,1.0000000000004);
#1339=VECTOR('',#4715,1.00000000000008);
#1340=VECTOR('',#4716,0.999999999999597);
#1341=VECTOR('',#4717,1.00000000000012);
#1342=VECTOR('',#4718,0.999999999999909);
#1343=VECTOR('',#4719,0.999999999999827);
#1344=VECTOR('',#4720,1.);
#1345=VECTOR('',#4721,0.999999999999827);
#1346=VECTOR('',#4722,0.999999999999909);
#1347=VECTOR('',#4723,1.00000000000012);
#1348=VECTOR('',#4724,0.999999999999597);
#1349=VECTOR('',#4725,1.00000000000008);
#1350=VECTOR('',#4726,1.0000000000004);
#1351=VECTOR('',#4727,1.00000000000027);
#1352=VECTOR('',#4728,0.999999999999995);
#1353=VECTOR('',#4729,0.999999999999854);
#1354=VECTOR('',#4730,1.00000000000064);
#1355=VECTOR('',#4731,0.999999999999854);
#1356=VECTOR('',#4732,0.999999999999995);
#1357=VECTOR('',#4733,1.00000000000027);
#1358=VECTOR('',#4734,1.0000000000004);
#1359=VECTOR('',#4735,1.00000000000008);
#1360=VECTOR('',#4736,0.999999999999597);
#1361=VECTOR('',#4737,1.00000000000012);
#1362=VECTOR('',#4738,0.999999999999909);
#1363=VECTOR('',#4739,0.999999999999827);
#1364=VECTOR('',#4740,1.);
#1365=VECTOR('',#4741,0.999999999999827);
#1366=VECTOR('',#4742,0.999999999999909);
#1367=VECTOR('',#4743,1.00000000000012);
#1368=VECTOR('',#4744,0.999999999999597);
#1369=VECTOR('',#4745,1.00000000000008);
#1370=VECTOR('',#4746,1.0000000000004);
#1371=VECTOR('',#4747,1.00000000000027);
#1372=VECTOR('',#4748,0.999999999999995);
#1373=VECTOR('',#4749,0.999999999999854);
#1374=VECTOR('',#4750,1.00000000000064);
#1375=VECTOR('',#4751,0.999999999999854);
#1376=VECTOR('',#4752,0.999999999999995);
#1377=VECTOR('',#4753,1.00000000000027);
#1378=VECTOR('',#4754,1.0000000000004);
#1379=VECTOR('',#4755,1.00000000000008);
#1380=VECTOR('',#4756,0.999999999999597);
#1381=VECTOR('',#4757,1.00000000000012);
#1382=VECTOR('',#4758,0.999999999999909);
#1383=VECTOR('',#4759,0.999999999999827);
#1384=VECTOR('',#4760,1.);
#1385=VECTOR('',#4761,0.999999999999827);
#1386=VECTOR('',#4762,0.999999999999909);
#1387=VECTOR('',#4763,1.00000000000012);
#1388=VECTOR('',#4764,0.999999999999597);
#1389=VECTOR('',#4765,1.00000000000008);
#1390=VECTOR('',#4766,1.0000000000004);
#1391=VECTOR('',#4767,1.00000000000027);
#1392=VECTOR('',#4768,0.999999999999995);
#1393=VECTOR('',#4769,0.999999999999854);
#1394=VECTOR('',#4770,1.00000000000064);
#1395=VECTOR('',#4771,0.999999999999854);
#1396=VECTOR('',#4772,0.999999999999995);
#1397=VECTOR('',#4773,1.00000000000027);
#1398=VECTOR('',#4774,1.0000000000004);
#1399=VECTOR('',#4775,1.00000000000008);
#1400=VECTOR('',#4776,0.999999999999597);
#1401=VECTOR('',#4777,1.00000000000012);
#1402=VECTOR('',#4778,0.999999999999909);
#1403=VECTOR('',#4779,0.999999999999827);
#1404=VECTOR('',#4780,1.);
#1405=VECTOR('',#4781,0.999999999999827);
#1406=VECTOR('',#4782,0.999999999999909);
#1407=VECTOR('',#4783,1.00000000000012);
#1408=VECTOR('',#4784,0.999999999999597);
#1409=VECTOR('',#4785,1.00000000000008);
#1410=VECTOR('',#4786,1.0000000000004);
#1411=VECTOR('',#4787,1.00000000000027);
#1412=VECTOR('',#4796,1.6);
#1413=VECTOR('',#4799,1.6);
#1414=VECTOR('',#4800,0.999999999999854);
#1415=VECTOR('',#4801,6.55599232217034);
#1416=VECTOR('',#4802,10.);
#1417=VECTOR('',#4803,10.);
#1418=VECTOR('',#4806,1.00000000000064);
#1419=VECTOR('',#4807,10.);
#1420=VECTOR('',#4808,6.80485363140868);
#1421=VECTOR('',#4809,0.999999999999854);
#1422=VECTOR('',#4810,10.);
#1423=VECTOR('',#4811,6.81051755357575);
#1424=VECTOR('',#4812,0.999999999999995);
#1425=VECTOR('',#4813,10.);
#1426=VECTOR('',#4814,6.8222286901405);
#1427=VECTOR('',#4815,1.00000000000027);
#1428=VECTOR('',#4816,10.);
#1429=VECTOR('',#4817,6.819033731076);
#1430=VECTOR('',#4818,1.0000000000004);
#1431=VECTOR('',#4819,10.);
#1432=VECTOR('',#4820,6.79669155576037);
#1433=VECTOR('',#4821,1.00000000000008);
#1434=VECTOR('',#4822,10.);
#1435=VECTOR('',#4823,6.7545740123729);
#1436=VECTOR('',#4824,0.999999999999597);
#1437=VECTOR('',#4825,10.);
#1438=VECTOR('',#4826,6.69306232303013);
#1439=VECTOR('',#4827,1.00000000000012);
#1440=VECTOR('',#4828,10.);
#1441=VECTOR('',#4829,6.61302197997042);
#1442=VECTOR('',#4830,0.999999999999909);
#1443=VECTOR('',#4831,10.);
#1444=VECTOR('',#4832,6.51575142843578);
#1445=VECTOR('',#4833,0.999999999999827);
#1446=VECTOR('',#4834,10.);
#1447=VECTOR('',#4835,10.);
#1448=VECTOR('',#4838,1.);
#1449=VECTOR('',#4839,10.);
#1450=VECTOR('',#4840,6.62321219540583);
#1451=VECTOR('',#4841,0.999999999999827);
#1452=VECTOR('',#4842,10.);
#1453=VECTOR('',#4843,6.61740864427187);
#1454=VECTOR('',#4844,0.999999999999909);
#1455=VECTOR('',#4845,10.);
#1456=VECTOR('',#4846,6.58887508443373);
#1457=VECTOR('',#4847,1.00000000000012);
#1458=VECTOR('',#4848,10.);
#1459=VECTOR('',#4849,6.53863895687724);
#1460=VECTOR('',#4850,0.999999999999597);
#1461=VECTOR('',#4851,10.);
#1462=VECTOR('',#4852,6.46824021885791);
#1463=VECTOR('',#4853,1.00000000000008);
#1464=VECTOR('',#4854,10.);
#1465=VECTOR('',#4855,6.52761408043622);
#1466=VECTOR('',#4856,1.0000000000004);
#1467=VECTOR('',#4857,10.);
#1468=VECTOR('',#4858,6.56887052498615);
#1469=VECTOR('',#4859,1.00000000000027);
#1470=VECTOR('',#4860,10.);
#1471=VECTOR('',#4861,6.59119935709568);
#1472=VECTOR('',#4862,0.999999999999995);
#1473=VECTOR('',#4863,10.);
#1474=VECTOR('',#4864,6.59545967546409);
#1475=VECTOR('',#4865,0.999999999999854);
#1476=VECTOR('',#4866,10.);
#1477=VECTOR('',#4867,10.);
#1478=VECTOR('',#4870,1.00000000000064);
#1479=VECTOR('',#4871,10.);
#1480=VECTOR('',#4872,6.7347331954179);
#1481=VECTOR('',#4873,0.999999999999854);
#1482=VECTOR('',#4874,10.);
#1483=VECTOR('',#4875,6.74058435321201);
#1484=VECTOR('',#4876,0.999999999999995);
#1485=VECTOR('',#4877,10.);
#1486=VECTOR('',#4878,6.75356385715958);
#1487=VECTOR('',#4879,1.00000000000027);
#1488=VECTOR('',#4880,10.);
#1489=VECTOR('',#4881,6.75328668919242);
#1490=VECTOR('',#4882,1.0000000000004);
#1491=VECTOR('',#4883,10.);
#1492=VECTOR('',#4884,6.73589611851993);
#1493=VECTOR('',#4885,1.00000000000008);
#1494=VECTOR('',#4886,10.);
#1495=VECTOR('',#4887,6.70097962457162);
#1496=VECTOR('',#4888,0.999999999999597);
#1497=VECTOR('',#4889,10.);
#1498=VECTOR('',#4890,6.64905514968162);
#1499=VECTOR('',#4891,1.00000000000012);
#1500=VECTOR('',#4892,10.);
#1501=VECTOR('',#4893,6.58109125144385);
#1502=VECTOR('',#4894,0.999999999999909);
#1503=VECTOR('',#4895,10.);
#1504=VECTOR('',#4896,6.4984704166605);
#1505=VECTOR('',#4897,0.999999999999827);
#1506=VECTOR('',#4898,10.);
#1507=VECTOR('',#4899,10.);
#1508=VECTOR('',#4902,1.);
#1509=VECTOR('',#4903,10.);
#1510=VECTOR('',#4904,6.62321219540577);
#1511=VECTOR('',#4905,0.999999999999827);
#1512=VECTOR('',#4906,10.);
#1513=VECTOR('',#4907,6.6174086442718);
#1514=VECTOR('',#4908,0.999999999999909);
#1515=VECTOR('',#4909,10.);
#1516=VECTOR('',#4910,6.58887508443366);
#1517=VECTOR('',#4911,1.00000000000012);
#1518=VECTOR('',#4912,10.);
#1519=VECTOR('',#4913,6.53863895687717);
#1520=VECTOR('',#4914,0.999999999999597);
#1521=VECTOR('',#4915,10.);
#1522=VECTOR('',#4916,6.46824021885784);
#1523=VECTOR('',#4917,1.00000000000008);
#1524=VECTOR('',#4918,10.);
#1525=VECTOR('',#4919,6.52761408043615);
#1526=VECTOR('',#4920,1.0000000000004);
#1527=VECTOR('',#4921,10.);
#1528=VECTOR('',#4922,6.56887052498608);
#1529=VECTOR('',#4923,1.00000000000027);
#1530=VECTOR('',#4924,10.);
#1531=VECTOR('',#4925,6.59119935709561);
#1532=VECTOR('',#4926,0.999999999999995);
#1533=VECTOR('',#4927,10.);
#1534=VECTOR('',#4928,6.59545967546402);
#1535=VECTOR('',#4929,0.999999999999854);
#1536=VECTOR('',#4930,10.);
#1537=VECTOR('',#4931,10.);
#1538=VECTOR('',#4934,1.00000000000064);
#1539=VECTOR('',#4935,10.);
#1540=VECTOR('',#4936,6.73473319541783);
#1541=VECTOR('',#4937,0.999999999999854);
#1542=VECTOR('',#4938,10.);
#1543=VECTOR('',#4939,6.74058435321194);
#1544=VECTOR('',#4940,0.999999999999995);
#1545=VECTOR('',#4941,10.);
#1546=VECTOR('',#4942,6.7535638571595);
#1547=VECTOR('',#4943,1.00000000000027);
#1548=VECTOR('',#4944,10.);
#1549=VECTOR('',#4945,6.75328668919235);
#1550=VECTOR('',#4946,1.0000000000004);
#1551=VECTOR('',#4947,10.);
#1552=VECTOR('',#4948,6.73589611851985);
#1553=VECTOR('',#4949,1.00000000000008);
#1554=VECTOR('',#4950,10.);
#1555=VECTOR('',#4951,6.70097962457154);
#1556=VECTOR('',#4952,0.999999999999597);
#1557=VECTOR('',#4953,10.);
#1558=VECTOR('',#4954,6.64905514968153);
#1559=VECTOR('',#4955,1.00000000000012);
#1560=VECTOR('',#4956,10.);
#1561=VECTOR('',#4957,6.58109125144377);
#1562=VECTOR('',#4958,0.999999999999909);
#1563=VECTOR('',#4959,10.);
#1564=VECTOR('',#4960,6.49847041666041);
#1565=VECTOR('',#4961,0.999999999999827);
#1566=VECTOR('',#4962,10.);
#1567=VECTOR('',#4963,10.);
#1568=VECTOR('',#4966,1.);
#1569=VECTOR('',#4967,10.);
#1570=VECTOR('',#4968,6.62321219540574);
#1571=VECTOR('',#4969,0.999999999999827);
#1572=VECTOR('',#4970,10.);
#1573=VECTOR('',#4971,6.61740864427177);
#1574=VECTOR('',#4972,0.999999999999909);
#1575=VECTOR('',#4973,10.);
#1576=VECTOR('',#4974,6.58887508443364);
#1577=VECTOR('',#4975,1.00000000000012);
#1578=VECTOR('',#4976,10.);
#1579=VECTOR('',#4977,6.53863895687715);
#1580=VECTOR('',#4978,0.999999999999597);
#1581=VECTOR('',#4979,10.);
#1582=VECTOR('',#4980,6.46824021885782);
#1583=VECTOR('',#4981,1.00000000000008);
#1584=VECTOR('',#4982,10.);
#1585=VECTOR('',#4983,6.52761408043614);
#1586=VECTOR('',#4984,1.0000000000004);
#1587=VECTOR('',#4985,10.);
#1588=VECTOR('',#4986,6.56887052498607);
#1589=VECTOR('',#4987,1.00000000000027);
#1590=VECTOR('',#4988,10.);
#1591=VECTOR('',#4989,6.59119935709559);
#1592=VECTOR('',#4990,0.999999999999995);
#1593=VECTOR('',#4991,10.);
#1594=VECTOR('',#4992,6.595459675464);
#1595=VECTOR('',#4993,0.999999999999854);
#1596=VECTOR('',#4994,10.);
#1597=VECTOR('',#4995,10.);
#1598=VECTOR('',#4998,1.00000000000064);
#1599=VECTOR('',#4999,10.);
#1600=VECTOR('',#5000,6.73473319541782);
#1601=VECTOR('',#5001,0.999999999999854);
#1602=VECTOR('',#5002,10.);
#1603=VECTOR('',#5003,6.74058435321194);
#1604=VECTOR('',#5004,0.999999999999995);
#1605=VECTOR('',#5005,10.);
#1606=VECTOR('',#5006,6.7535638571595);
#1607=VECTOR('',#5007,1.00000000000027);
#1608=VECTOR('',#5008,10.);
#1609=VECTOR('',#5009,6.75328668919235);
#1610=VECTOR('',#5010,1.0000000000004);
#1611=VECTOR('',#5011,10.);
#1612=VECTOR('',#5012,6.73589611851986);
#1613=VECTOR('',#5013,1.00000000000008);
#1614=VECTOR('',#5014,10.);
#1615=VECTOR('',#5015,6.70097962457155);
#1616=VECTOR('',#5016,0.999999999999597);
#1617=VECTOR('',#5017,10.);
#1618=VECTOR('',#5018,6.64905514968154);
#1619=VECTOR('',#5019,1.00000000000012);
#1620=VECTOR('',#5020,10.);
#1621=VECTOR('',#5021,6.58109125144378);
#1622=VECTOR('',#5022,0.999999999999909);
#1623=VECTOR('',#5023,10.);
#1624=VECTOR('',#5024,6.49847041666042);
#1625=VECTOR('',#5025,0.999999999999827);
#1626=VECTOR('',#5026,10.);
#1627=VECTOR('',#5027,10.);
#1628=VECTOR('',#5030,1.);
#1629=VECTOR('',#5031,7.03347570241775);
#1630=VECTOR('',#5032,0.999999999999827);
#1631=VECTOR('',#5033,7.03841878522488);
#1632=VECTOR('',#5034,0.999999999999909);
#1633=VECTOR('',#5035,7.02120633671055);
#1634=VECTOR('',#5036,1.00000000000012);
#1635=VECTOR('',#5037,6.98239213976462);
#1636=VECTOR('',#5038,0.999999999999597);
#1637=VECTOR('',#5039,6.92297990966939);
#1638=VECTOR('',#5040,1.00000000000008);
#1639=VECTOR('',#5041,6.84475233663061);
#1640=VECTOR('',#5042,1.0000000000004);
#1641=VECTOR('',#5043,6.75103393436373);
#1642=VECTOR('',#5044,1.00000000000027);
#1643=VECTOR('',#5045,6.64872454355763);
#1644=VECTOR('',#5046,0.999999999999995);
#1645=VECTOR('',#5049,10.);
#1646=VECTOR('',#5052,10.);
#1647=VECTOR('',#5055,10.);
#1648=VECTOR('',#5058,10.);
#1649=VECTOR('',#5061,10.);
#1650=VECTOR('',#5064,10.);
#1651=VECTOR('',#5069,10.);
#1652=VECTOR('',#5070,10.);
#1653=VECTOR('',#5073,10.);
#1654=VECTOR('',#5076,10.);
#1655=VECTOR('',#5079,10.);
#1656=VECTOR('',#5082,10.);
#1657=VECTOR('',#5085,10.);
#1658=VECTOR('',#5088,10.);
#1659=VECTOR('',#5091,10.);
#1660=VECTOR('',#5094,10.);
#1661=VECTOR('',#5097,10.);
#1662=VECTOR('',#5100,10.);
#1663=VECTOR('',#5103,10.);
#1664=VECTOR('',#5106,10.);
#1665=VECTOR('',#5109,10.);
#1666=VECTOR('',#5112,10.);
#1667=VECTOR('',#5115,10.);
#1668=VECTOR('',#5118,10.);
#1669=VECTOR('',#5121,10.);
#1670=VECTOR('',#5124,10.);
#1671=VECTOR('',#5127,10.);
#1672=VECTOR('',#5130,10.);
#1673=VECTOR('',#5133,10.);
#1674=VECTOR('',#5136,10.);
#1675=VECTOR('',#5139,10.);
#1676=VECTOR('',#5142,10.);
#1677=VECTOR('',#5145,10.);
#1678=VECTOR('',#5148,10.);
#1679=VECTOR('',#5151,10.);
#1680=VECTOR('',#5154,10.);
#1681=VECTOR('',#5157,10.);
#1682=VECTOR('',#5160,10.);
#1683=VECTOR('',#5163,10.);
#1684=VECTOR('',#5166,10.);
#1685=VECTOR('',#5169,10.);
#1686=VECTOR('',#5172,10.);
#1687=VECTOR('',#5175,10.);
#1688=VECTOR('',#5178,10.);
#1689=VECTOR('',#5181,10.);
#1690=VECTOR('',#5184,10.);
#1691=VECTOR('',#5187,10.);
#1692=VECTOR('',#5190,10.);
#1693=VECTOR('',#5193,10.);
#1694=VECTOR('',#5196,10.);
#1695=VECTOR('',#5199,10.);
#1696=VECTOR('',#5202,10.);
#1697=VECTOR('',#5205,10.);
#1698=VECTOR('',#5208,10.);
#1699=VECTOR('',#5211,10.);
#1700=VECTOR('',#5214,10.);
#1701=VECTOR('',#5217,10.);
#1702=VECTOR('',#5220,10.);
#1703=VECTOR('',#5223,10.);
#1704=VECTOR('',#5226,10.);
#1705=VECTOR('',#5229,10.);
#1706=VECTOR('',#5232,10.);
#1707=VECTOR('',#5235,10.);
#1708=VECTOR('',#5238,10.);
#1709=VECTOR('',#5241,10.);
#1710=VECTOR('',#5244,10.);
#1711=VECTOR('',#5247,10.);
#1712=VECTOR('',#5250,10.);
#1713=VECTOR('',#5253,10.);
#1714=VECTOR('',#5256,10.);
#1715=VECTOR('',#5259,10.);
#1716=VECTOR('',#5262,10.);
#1717=VECTOR('',#5265,10.);
#1718=VECTOR('',#5268,10.);
#1719=VECTOR('',#5271,10.);
#1720=VECTOR('',#5274,10.);
#1721=VECTOR('',#5277,10.);
#1722=VECTOR('',#5280,10.);
#1723=VECTOR('',#5283,10.);
#1724=VECTOR('',#5286,10.);
#1725=VECTOR('',#5289,10.);
#1726=VECTOR('',#5292,10.);
#1727=VECTOR('',#5295,10.);
#1728=VECTOR('',#5298,10.);
#1729=VECTOR('',#5301,10.);
#1730=VECTOR('',#5304,10.);
#1731=VERTEX_POINT('',#5309);
#1732=VERTEX_POINT('',#5310);
#1733=VERTEX_POINT('',#5312);
#1734=VERTEX_POINT('',#5314);
#1735=VERTEX_POINT('',#5316);
#1736=VERTEX_POINT('',#5318);
#1737=VERTEX_POINT('',#5320);
#1738=VERTEX_POINT('',#5322);
#1739=VERTEX_POINT('',#5325);
#1740=VERTEX_POINT('',#5328);
#1741=VERTEX_POINT('',#5330);
#1742=VERTEX_POINT('',#5334);
#1743=VERTEX_POINT('',#5338);
#1744=VERTEX_POINT('',#5342);
#1745=VERTEX_POINT('',#5346);
#1746=VERTEX_POINT('',#5350);
#1747=VERTEX_POINT('',#5351);
#1748=VERTEX_POINT('',#5353);
#1749=VERTEX_POINT('',#5355);
#1750=VERTEX_POINT('',#5357);
#1751=VERTEX_POINT('',#5359);
#1752=VERTEX_POINT('',#5361);
#1753=VERTEX_POINT('',#5363);
#1754=VERTEX_POINT('',#5366);
#1755=VERTEX_POINT('',#5369);
#1756=VERTEX_POINT('',#5371);
#1757=VERTEX_POINT('',#5375);
#1758=VERTEX_POINT('',#5376);
#1759=VERTEX_POINT('',#5378);
#1760=VERTEX_POINT('',#5380);
#1761=VERTEX_POINT('',#5384);
#1762=VERTEX_POINT('',#5386);
#1763=VERTEX_POINT('',#5390);
#1764=VERTEX_POINT('',#5392);
#1765=VERTEX_POINT('',#5394);
#1766=VERTEX_POINT('',#5396);
#1767=VERTEX_POINT('',#5398);
#1768=VERTEX_POINT('',#5400);
#1769=VERTEX_POINT('',#5402);
#1770=VERTEX_POINT('',#5404);
#1771=VERTEX_POINT('',#5406);
#1772=VERTEX_POINT('',#5410);
#1773=VERTEX_POINT('',#5412);
#1774=VERTEX_POINT('',#5416);
#1775=VERTEX_POINT('',#5417);
#1776=VERTEX_POINT('',#5419);
#1777=VERTEX_POINT('',#5421);
#1778=VERTEX_POINT('',#5425);
#1779=VERTEX_POINT('',#5427);
#1780=VERTEX_POINT('',#5429);
#1781=VERTEX_POINT('',#5431);
#1782=VERTEX_POINT('',#5435);
#1783=VERTEX_POINT('',#5436);
#1784=VERTEX_POINT('',#5438);
#1785=VERTEX_POINT('',#5440);
#1786=VERTEX_POINT('',#5444);
#1787=VERTEX_POINT('',#5446);
#1788=VERTEX_POINT('',#5450);
#1789=VERTEX_POINT('',#5453);
#1790=VERTEX_POINT('',#5455);
#1791=VERTEX_POINT('',#5457);
#1792=VERTEX_POINT('',#5459);
#1793=VERTEX_POINT('',#5461);
#1794=VERTEX_POINT('',#5465);
#1795=VERTEX_POINT('',#5467);
#1796=VERTEX_POINT('',#5474);
#1797=VERTEX_POINT('',#5476);
#1798=VERTEX_POINT('',#5480);
#1799=VERTEX_POINT('',#5484);
#1800=VERTEX_POINT('',#5486);
#1801=VERTEX_POINT('',#5490);
#1802=VERTEX_POINT('',#5492);
#1803=VERTEX_POINT('',#5496);
#1804=VERTEX_POINT('',#5498);
#1805=VERTEX_POINT('',#5502);
#1806=VERTEX_POINT('',#5504);
#1807=VERTEX_POINT('',#5508);
#1808=VERTEX_POINT('',#5509);
#1809=VERTEX_POINT('',#5511);
#1810=VERTEX_POINT('',#5513);
#1811=VERTEX_POINT('',#5517);
#1812=VERTEX_POINT('',#5519);
#1813=VERTEX_POINT('',#5523);
#1814=VERTEX_POINT('',#5525);
#1815=VERTEX_POINT('',#5529);
#1816=VERTEX_POINT('',#5531);
#1817=VERTEX_POINT('',#5535);
#1818=VERTEX_POINT('',#5537);
#1819=VERTEX_POINT('',#5544);
#1820=VERTEX_POINT('',#5547);
#1821=VERTEX_POINT('',#5548);
#1822=VERTEX_POINT('',#5550);
#1823=VERTEX_POINT('',#5552);
#1824=VERTEX_POINT('',#5556);
#1825=VERTEX_POINT('',#5558);
#1826=VERTEX_POINT('',#5562);
#1827=VERTEX_POINT('',#5564);
#1828=VERTEX_POINT('',#5568);
#1829=VERTEX_POINT('',#5570);
#1830=VERTEX_POINT('',#5574);
#1831=VERTEX_POINT('',#5576);
#1832=VERTEX_POINT('',#5583);
#1833=VERTEX_POINT('',#5592);
#1834=VERTEX_POINT('',#5593);
#1835=VERTEX_POINT('',#5595);
#1836=VERTEX_POINT('',#5597);
#1837=VERTEX_POINT('',#5599);
#1838=VERTEX_POINT('',#5601);
#1839=VERTEX_POINT('',#5603);
#1840=VERTEX_POINT('',#5605);
#1841=VERTEX_POINT('',#5607);
#1842=VERTEX_POINT('',#5609);
#1843=VERTEX_POINT('',#5611);
#1844=VERTEX_POINT('',#5613);
#1845=VERTEX_POINT('',#5617);
#1846=VERTEX_POINT('',#5618);
#1847=VERTEX_POINT('',#5620);
#1848=VERTEX_POINT('',#5622);
#1849=VERTEX_POINT('',#5625);
#1850=VERTEX_POINT('',#5627);
#1851=VERTEX_POINT('',#5630);
#1852=VERTEX_POINT('',#5632);
#1853=VERTEX_POINT('',#5636);
#1854=VERTEX_POINT('',#5638);
#1855=VERTEX_POINT('',#5640);
#1856=VERTEX_POINT('',#5642);
#1857=VERTEX_POINT('',#5665);
#1858=VERTEX_POINT('',#5671);
#1859=VERTEX_POINT('',#5677);
#1860=VERTEX_POINT('',#5678);
#1861=VERTEX_POINT('',#5680);
#1862=VERTEX_POINT('',#5682);
#1863=VERTEX_POINT('',#5684);
#1864=VERTEX_POINT('',#5686);
#1865=VERTEX_POINT('',#5688);
#1866=VERTEX_POINT('',#5690);
#1867=VERTEX_POINT('',#5692);
#1868=VERTEX_POINT('',#5694);
#1869=VERTEX_POINT('',#5696);
#1870=VERTEX_POINT('',#5698);
#1871=VERTEX_POINT('',#5700);
#1872=VERTEX_POINT('',#5702);
#1873=VERTEX_POINT('',#5704);
#1874=VERTEX_POINT('',#5706);
#1875=VERTEX_POINT('',#5708);
#1876=VERTEX_POINT('',#5710);
#1877=VERTEX_POINT('',#5712);
#1878=VERTEX_POINT('',#5714);
#1879=VERTEX_POINT('',#5716);
#1880=VERTEX_POINT('',#5718);
#1881=VERTEX_POINT('',#5720);
#1882=VERTEX_POINT('',#5722);
#1883=VERTEX_POINT('',#5724);
#1884=VERTEX_POINT('',#5726);
#1885=VERTEX_POINT('',#5728);
#1886=VERTEX_POINT('',#5730);
#1887=VERTEX_POINT('',#5732);
#1888=VERTEX_POINT('',#5734);
#1889=VERTEX_POINT('',#5736);
#1890=VERTEX_POINT('',#5738);
#1891=VERTEX_POINT('',#5740);
#1892=VERTEX_POINT('',#5742);
#1893=VERTEX_POINT('',#5744);
#1894=VERTEX_POINT('',#5746);
#1895=VERTEX_POINT('',#5748);
#1896=VERTEX_POINT('',#5750);
#1897=VERTEX_POINT('',#5752);
#1898=VERTEX_POINT('',#5754);
#1899=VERTEX_POINT('',#5756);
#1900=VERTEX_POINT('',#5758);
#1901=VERTEX_POINT('',#5760);
#1902=VERTEX_POINT('',#5762);
#1903=VERTEX_POINT('',#5764);
#1904=VERTEX_POINT('',#5766);
#1905=VERTEX_POINT('',#5768);
#1906=VERTEX_POINT('',#5770);
#1907=VERTEX_POINT('',#5772);
#1908=VERTEX_POINT('',#5774);
#1909=VERTEX_POINT('',#5776);
#1910=VERTEX_POINT('',#5778);
#1911=VERTEX_POINT('',#5780);
#1912=VERTEX_POINT('',#5782);
#1913=VERTEX_POINT('',#5784);
#1914=VERTEX_POINT('',#5786);
#1915=VERTEX_POINT('',#5788);
#1916=VERTEX_POINT('',#5790);
#1917=VERTEX_POINT('',#5792);
#1918=VERTEX_POINT('',#5794);
#1919=VERTEX_POINT('',#5796);
#1920=VERTEX_POINT('',#5798);
#1921=VERTEX_POINT('',#5800);
#1922=VERTEX_POINT('',#5802);
#1923=VERTEX_POINT('',#5804);
#1924=VERTEX_POINT('',#5806);
#1925=VERTEX_POINT('',#5808);
#1926=VERTEX_POINT('',#5810);
#1927=VERTEX_POINT('',#5812);
#1928=VERTEX_POINT('',#5814);
#1929=VERTEX_POINT('',#5816);
#1930=VERTEX_POINT('',#5818);
#1931=VERTEX_POINT('',#5820);
#1932=VERTEX_POINT('',#5822);
#1933=VERTEX_POINT('',#5824);
#1934=VERTEX_POINT('',#5826);
#1935=VERTEX_POINT('',#5828);
#1936=VERTEX_POINT('',#5830);
#1937=VERTEX_POINT('',#5832);
#1938=VERTEX_POINT('',#5834);
#1939=VERTEX_POINT('',#5837);
#1940=VERTEX_POINT('',#5839);
#1941=VERTEX_POINT('',#5862);
#1942=VERTEX_POINT('',#5863);
#1943=VERTEX_POINT('',#5866);
#1944=VERTEX_POINT('',#5870);
#1945=VERTEX_POINT('',#5872);
#1946=VERTEX_POINT('',#5891);
#1947=VERTEX_POINT('',#5893);
#1948=VERTEX_POINT('',#5912);
#1949=VERTEX_POINT('',#5914);
#1950=VERTEX_POINT('',#5933);
#1951=VERTEX_POINT('',#5935);
#1952=VERTEX_POINT('',#5954);
#1953=VERTEX_POINT('',#5956);
#1954=VERTEX_POINT('',#5975);
#1955=VERTEX_POINT('',#5977);
#1956=VERTEX_POINT('',#5996);
#1957=VERTEX_POINT('',#5998);
#1958=VERTEX_POINT('',#6017);
#1959=VERTEX_POINT('',#6019);
#1960=VERTEX_POINT('',#6038);
#1961=VERTEX_POINT('',#6040);
#1962=VERTEX_POINT('',#6059);
#1963=VERTEX_POINT('',#6061);
#1964=VERTEX_POINT('',#6065);
#1965=VERTEX_POINT('',#6067);
#1966=VERTEX_POINT('',#6086);
#1967=VERTEX_POINT('',#6088);
#1968=VERTEX_POINT('',#6107);
#1969=VERTEX_POINT('',#6109);
#1970=VERTEX_POINT('',#6128);
#1971=VERTEX_POINT('',#6130);
#1972=VERTEX_POINT('',#6149);
#1973=VERTEX_POINT('',#6151);
#1974=VERTEX_POINT('',#6170);
#1975=VERTEX_POINT('',#6172);
#1976=VERTEX_POINT('',#6191);
#1977=VERTEX_POINT('',#6193);
#1978=VERTEX_POINT('',#6212);
#1979=VERTEX_POINT('',#6214);
#1980=VERTEX_POINT('',#6233);
#1981=VERTEX_POINT('',#6235);
#1982=VERTEX_POINT('',#6254);
#1983=VERTEX_POINT('',#6256);
#1984=VERTEX_POINT('',#6260);
#1985=VERTEX_POINT('',#6262);
#1986=VERTEX_POINT('',#6281);
#1987=VERTEX_POINT('',#6283);
#1988=VERTEX_POINT('',#6302);
#1989=VERTEX_POINT('',#6304);
#1990=VERTEX_POINT('',#6323);
#1991=VERTEX_POINT('',#6325);
#1992=VERTEX_POINT('',#6344);
#1993=VERTEX_POINT('',#6346);
#1994=VERTEX_POINT('',#6365);
#1995=VERTEX_POINT('',#6367);
#1996=VERTEX_POINT('',#6386);
#1997=VERTEX_POINT('',#6388);
#1998=VERTEX_POINT('',#6407);
#1999=VERTEX_POINT('',#6409);
#2000=VERTEX_POINT('',#6428);
#2001=VERTEX_POINT('',#6430);
#2002=VERTEX_POINT('',#6449);
#2003=VERTEX_POINT('',#6451);
#2004=VERTEX_POINT('',#6455);
#2005=VERTEX_POINT('',#6457);
#2006=VERTEX_POINT('',#6476);
#2007=VERTEX_POINT('',#6478);
#2008=VERTEX_POINT('',#6497);
#2009=VERTEX_POINT('',#6499);
#2010=VERTEX_POINT('',#6518);
#2011=VERTEX_POINT('',#6520);
#2012=VERTEX_POINT('',#6539);
#2013=VERTEX_POINT('',#6541);
#2014=VERTEX_POINT('',#6560);
#2015=VERTEX_POINT('',#6562);
#2016=VERTEX_POINT('',#6581);
#2017=VERTEX_POINT('',#6583);
#2018=VERTEX_POINT('',#6602);
#2019=VERTEX_POINT('',#6604);
#2020=VERTEX_POINT('',#6623);
#2021=VERTEX_POINT('',#6625);
#2022=VERTEX_POINT('',#6644);
#2023=VERTEX_POINT('',#6646);
#2024=VERTEX_POINT('',#6650);
#2025=VERTEX_POINT('',#6652);
#2026=VERTEX_POINT('',#6671);
#2027=VERTEX_POINT('',#6673);
#2028=VERTEX_POINT('',#6692);
#2029=VERTEX_POINT('',#6694);
#2030=VERTEX_POINT('',#6713);
#2031=VERTEX_POINT('',#6715);
#2032=VERTEX_POINT('',#6734);
#2033=VERTEX_POINT('',#6736);
#2034=VERTEX_POINT('',#6755);
#2035=VERTEX_POINT('',#6757);
#2036=VERTEX_POINT('',#6776);
#2037=VERTEX_POINT('',#6778);
#2038=VERTEX_POINT('',#6797);
#2039=VERTEX_POINT('',#6799);
#2040=VERTEX_POINT('',#6818);
#2041=VERTEX_POINT('',#6820);
#2042=VERTEX_POINT('',#6839);
#2043=VERTEX_POINT('',#6841);
#2044=VERTEX_POINT('',#6845);
#2045=VERTEX_POINT('',#6847);
#2046=VERTEX_POINT('',#6866);
#2047=VERTEX_POINT('',#6868);
#2048=VERTEX_POINT('',#6887);
#2049=VERTEX_POINT('',#6889);
#2050=VERTEX_POINT('',#6908);
#2051=VERTEX_POINT('',#6910);
#2052=VERTEX_POINT('',#6929);
#2053=VERTEX_POINT('',#6931);
#2054=VERTEX_POINT('',#6950);
#2055=VERTEX_POINT('',#6952);
#2056=VERTEX_POINT('',#6971);
#2057=VERTEX_POINT('',#6973);
#2058=VERTEX_POINT('',#6992);
#2059=VERTEX_POINT('',#6994);
#2060=VERTEX_POINT('',#7013);
#2061=VERTEX_POINT('',#7015);
#2062=VERTEX_POINT('',#7034);
#2063=VERTEX_POINT('',#7036);
#2064=VERTEX_POINT('',#7040);
#2065=VERTEX_POINT('',#7042);
#2066=VERTEX_POINT('',#7061);
#2067=VERTEX_POINT('',#7063);
#2068=VERTEX_POINT('',#7082);
#2069=VERTEX_POINT('',#7084);
#2070=VERTEX_POINT('',#7103);
#2071=VERTEX_POINT('',#7105);
#2072=VERTEX_POINT('',#7124);
#2073=VERTEX_POINT('',#7126);
#2074=VERTEX_POINT('',#7145);
#2075=VERTEX_POINT('',#7147);
#2076=VERTEX_POINT('',#7166);
#2077=VERTEX_POINT('',#7168);
#2078=VERTEX_POINT('',#7187);
#2079=VERTEX_POINT('',#7189);
#2080=VERTEX_POINT('',#7208);
#2081=VERTEX_POINT('',#7210);
#2082=VERTEX_POINT('',#7229);
#2083=VERTEX_POINT('',#7234);
#2084=VERTEX_POINT('',#7253);
#2085=VERTEX_POINT('',#7272);
#2086=VERTEX_POINT('',#7291);
#2087=VERTEX_POINT('',#7310);
#2088=VERTEX_POINT('',#7329);
#2089=VERTEX_POINT('',#7348);
#2090=VERTEX_POINT('',#7367);
#2091=EDGE_CURVE('',#1731,#1732,#579,.T.);
#2092=EDGE_CURVE('',#1733,#1731,#580,.T.);
#2093=EDGE_CURVE('',#1734,#1733,#581,.T.);
#2094=EDGE_CURVE('',#1735,#1734,#582,.T.);
#2095=EDGE_CURVE('',#1736,#1735,#583,.T.);
#2096=EDGE_CURVE('',#1737,#1736,#584,.T.);
#2097=EDGE_CURVE('',#1738,#1737,#585,.T.);
#2098=EDGE_CURVE('',#1732,#1738,#586,.T.);
#2099=EDGE_CURVE('',#1739,#1739,#103,.T.);
#2100=EDGE_CURVE('',#1740,#1735,#587,.T.);
#2101=EDGE_CURVE('',#1740,#1741,#588,.T.);
#2102=EDGE_CURVE('',#1736,#1741,#589,.T.);
#2103=EDGE_CURVE('',#1742,#1734,#590,.T.);
#2104=EDGE_CURVE('',#1742,#1740,#591,.T.);
#2105=EDGE_CURVE('',#1743,#1733,#592,.T.);
#2106=EDGE_CURVE('',#1742,#1743,#593,.T.);
#2107=EDGE_CURVE('',#1744,#1731,#594,.T.);
#2108=EDGE_CURVE('',#1744,#1743,#595,.T.);
#2109=EDGE_CURVE('',#1745,#1732,#596,.T.);
#2110=EDGE_CURVE('',#1744,#1745,#597,.T.);
#2111=EDGE_CURVE('',#1746,#1747,#598,.T.);
#2112=EDGE_CURVE('',#1748,#1746,#599,.T.);
#2113=EDGE_CURVE('',#1749,#1748,#600,.T.);
#2114=EDGE_CURVE('',#1750,#1749,#601,.T.);
#2115=EDGE_CURVE('',#1751,#1750,#602,.T.);
#2116=EDGE_CURVE('',#1752,#1751,#603,.T.);
#2117=EDGE_CURVE('',#1753,#1752,#604,.T.);
#2118=EDGE_CURVE('',#1747,#1753,#605,.T.);
#2119=EDGE_CURVE('',#1754,#1754,#104,.T.);
#2120=EDGE_CURVE('',#1755,#1753,#606,.T.);
#2121=EDGE_CURVE('',#1755,#1756,#607,.T.);
#2122=EDGE_CURVE('',#1747,#1756,#608,.T.);
#2123=EDGE_CURVE('',#1757,#1758,#609,.T.);
#2124=EDGE_CURVE('',#1759,#1757,#610,.T.);
#2125=EDGE_CURVE('',#1760,#1759,#611,.T.);
#2126=EDGE_CURVE('',#1758,#1760,#612,.T.);
#2127=EDGE_CURVE('',#1757,#1761,#613,.T.);
#2128=EDGE_CURVE('',#1762,#1761,#614,.T.);
#2129=EDGE_CURVE('',#1759,#1762,#615,.T.);
#2130=EDGE_CURVE('',#1763,#1758,#616,.T.);
#2131=EDGE_CURVE('',#1763,#1764,#617,.T.);
#2132=EDGE_CURVE('',#1765,#1764,#618,.T.);
#2133=EDGE_CURVE('',#1766,#1765,#619,.T.);
#2134=EDGE_CURVE('',#1767,#1766,#620,.T.);
#2135=EDGE_CURVE('',#1768,#1767,#621,.T.);
#2136=EDGE_CURVE('',#1768,#1769,#622,.T.);
#2137=EDGE_CURVE('',#1769,#1770,#623,.T.);
#2138=EDGE_CURVE('',#1771,#1770,#624,.T.);
#2139=EDGE_CURVE('',#1761,#1771,#625,.T.);
#2140=EDGE_CURVE('',#1772,#1769,#626,.T.);
#2141=EDGE_CURVE('',#1773,#1772,#627,.T.);
#2142=EDGE_CURVE('',#1770,#1773,#628,.T.);
#2143=EDGE_CURVE('',#1774,#1775,#629,.T.);
#2144=EDGE_CURVE('',#1776,#1774,#630,.T.);
#2145=EDGE_CURVE('',#1777,#1776,#631,.T.);
#2146=EDGE_CURVE('',#1775,#1777,#632,.T.);
#2147=EDGE_CURVE('',#1778,#1774,#633,.T.);
#2148=EDGE_CURVE('',#1778,#1779,#634,.T.);
#2149=EDGE_CURVE('',#1780,#1779,#635,.T.);
#2150=EDGE_CURVE('',#1781,#1780,#636,.T.);
#2151=EDGE_CURVE('',#1776,#1781,#637,.T.);
#2152=EDGE_CURVE('',#1782,#1783,#638,.T.);
#2153=EDGE_CURVE('',#1784,#1782,#639,.T.);
#2154=EDGE_CURVE('',#1785,#1784,#640,.T.);
#2155=EDGE_CURVE('',#1783,#1785,#641,.T.);
#2156=EDGE_CURVE('',#1782,#1786,#642,.T.);
#2157=EDGE_CURVE('',#1787,#1786,#643,.T.);
#2158=EDGE_CURVE('',#1784,#1787,#644,.T.);
#2159=EDGE_CURVE('',#1788,#1775,#645,.T.);
#2160=EDGE_CURVE('',#1786,#1788,#646,.T.);
#2161=EDGE_CURVE('',#1783,#1789,#647,.T.);
#2162=EDGE_CURVE('',#1790,#1789,#648,.T.);
#2163=EDGE_CURVE('',#1791,#1790,#649,.T.);
#2164=EDGE_CURVE('',#1792,#1791,#650,.T.);
#2165=EDGE_CURVE('',#1793,#1792,#651,.T.);
#2166=EDGE_CURVE('',#1793,#1778,#652,.T.);
#2167=EDGE_CURVE('',#1794,#1767,#653,.T.);
#2168=EDGE_CURVE('',#1795,#1794,#654,.T.);
#2169=EDGE_CURVE('',#1768,#1795,#655,.T.);
#2170=EDGE_CURVE('',#1737,#1766,#656,.T.);
#2171=EDGE_CURVE('',#1794,#1741,#657,.T.);
#2172=EDGE_CURVE('',#1796,#1795,#658,.T.);
#2173=EDGE_CURVE('',#1797,#1796,#659,.T.);
#2174=EDGE_CURVE('',#1797,#1772,#660,.T.);
#2175=EDGE_CURVE('',#1798,#1793,#661,.T.);
#2176=EDGE_CURVE('',#1779,#1798,#662,.T.);
#2177=EDGE_CURVE('',#1799,#1789,#663,.T.);
#2178=EDGE_CURVE('',#1800,#1799,#664,.T.);
#2179=EDGE_CURVE('',#1790,#1800,#665,.T.);
#2180=EDGE_CURVE('',#1785,#1801,#666,.T.);
#2181=EDGE_CURVE('',#1801,#1802,#667,.T.);
#2182=EDGE_CURVE('',#1799,#1802,#668,.T.);
#2183=EDGE_CURVE('',#1803,#1763,#669,.T.);
#2184=EDGE_CURVE('',#1804,#1803,#670,.T.);
#2185=EDGE_CURVE('',#1764,#1804,#671,.T.);
#2186=EDGE_CURVE('',#1805,#1760,#672,.T.);
#2187=EDGE_CURVE('',#1805,#1806,#673,.T.);
#2188=EDGE_CURVE('',#1803,#1806,#674,.T.);
#2189=EDGE_CURVE('',#1807,#1808,#675,.T.);
#2190=EDGE_CURVE('',#1807,#1809,#676,.T.);
#2191=EDGE_CURVE('',#1809,#1810,#677,.T.);
#2192=EDGE_CURVE('',#1808,#1810,#678,.T.);
#2193=EDGE_CURVE('',#1811,#1807,#679,.T.);
#2194=EDGE_CURVE('',#1811,#1812,#680,.T.);
#2195=EDGE_CURVE('',#1812,#1809,#681,.T.);
#2196=EDGE_CURVE('',#1813,#1811,#682,.T.);
#2197=EDGE_CURVE('',#1813,#1814,#683,.T.);
#2198=EDGE_CURVE('',#1814,#1812,#684,.T.);
#2199=EDGE_CURVE('',#1815,#1813,#685,.T.);
#2200=EDGE_CURVE('',#1815,#1816,#686,.T.);
#2201=EDGE_CURVE('',#1816,#1814,#687,.T.);
#2202=EDGE_CURVE('',#1817,#1815,#688,.T.);
#2203=EDGE_CURVE('',#1817,#1818,#689,.T.);
#2204=EDGE_CURVE('',#1818,#1816,#690,.T.);
#2205=EDGE_CURVE('',#1808,#1817,#691,.T.);
#2206=EDGE_CURVE('',#1810,#1818,#692,.T.);
#2207=EDGE_CURVE('',#1819,#1819,#105,.T.);
#2208=EDGE_CURVE('',#1820,#1821,#693,.T.);
#2209=EDGE_CURVE('',#1820,#1822,#694,.T.);
#2210=EDGE_CURVE('',#1822,#1823,#695,.T.);
#2211=EDGE_CURVE('',#1821,#1823,#696,.T.);
#2212=EDGE_CURVE('',#1824,#1820,#697,.T.);
#2213=EDGE_CURVE('',#1824,#1825,#698,.T.);
#2214=EDGE_CURVE('',#1825,#1822,#699,.T.);
#2215=EDGE_CURVE('',#1826,#1824,#700,.T.);
#2216=EDGE_CURVE('',#1826,#1827,#701,.T.);
#2217=EDGE_CURVE('',#1827,#1825,#702,.T.);
#2218=EDGE_CURVE('',#1828,#1826,#703,.T.);
#2219=EDGE_CURVE('',#1828,#1829,#704,.T.);
#2220=EDGE_CURVE('',#1829,#1827,#705,.T.);
#2221=EDGE_CURVE('',#1830,#1828,#706,.T.);
#2222=EDGE_CURVE('',#1830,#1831,#707,.T.);
#2223=EDGE_CURVE('',#1831,#1829,#708,.T.);
#2224=EDGE_CURVE('',#1821,#1830,#709,.T.);
#2225=EDGE_CURVE('',#1823,#1831,#710,.T.);
#2226=EDGE_CURVE('',#1832,#1832,#106,.T.);
#2227=EDGE_CURVE('',#1801,#1797,#711,.T.);
#2228=EDGE_CURVE('',#1802,#1796,#712,.T.);
#2229=EDGE_CURVE('',#1781,#1805,#713,.T.);
#2230=EDGE_CURVE('',#1806,#1780,#714,.T.);
#2231=EDGE_CURVE('',#1833,#1834,#715,.T.);
#2232=EDGE_CURVE('',#1833,#1835,#716,.T.);
#2233=EDGE_CURVE('',#1836,#1835,#717,.T.);
#2234=EDGE_CURVE('',#1837,#1836,#718,.T.);
#2235=EDGE_CURVE('',#1838,#1837,#719,.T.);
#2236=EDGE_CURVE('',#1839,#1838,#720,.T.);
#2237=EDGE_CURVE('',#1840,#1839,#721,.T.);
#2238=EDGE_CURVE('',#1841,#1840,#722,.T.);
#2239=EDGE_CURVE('',#1842,#1841,#723,.T.);
#2240=EDGE_CURVE('',#1843,#1842,#724,.T.);
#2241=EDGE_CURVE('',#1844,#1843,#725,.T.);
#2242=EDGE_CURVE('',#1844,#1834,#726,.T.);
#2243=EDGE_CURVE('',#1845,#1846,#727,.T.);
#2244=EDGE_CURVE('',#1846,#1847,#728,.T.);
#2245=EDGE_CURVE('',#1847,#1848,#729,.T.);
#2246=EDGE_CURVE('',#1848,#1833,#730,.T.);
#2247=EDGE_CURVE('',#1834,#1849,#731,.T.);
#2248=EDGE_CURVE('',#1849,#1850,#732,.T.);
#2249=EDGE_CURVE('',#1850,#1845,#733,.T.);
#2250=EDGE_CURVE('',#1851,#1851,#107,.T.);
#2251=EDGE_CURVE('',#1852,#1852,#108,.T.);
#2252=EDGE_CURVE('',#1745,#1804,#734,.T.);
#2253=EDGE_CURVE('',#1798,#1756,#735,.T.);
#2254=EDGE_CURVE('',#1755,#1853,#736,.T.);
#2255=EDGE_CURVE('',#1854,#1853,#737,.T.);
#2256=EDGE_CURVE('',#1854,#1855,#738,.T.);
#2257=EDGE_CURVE('',#1855,#1856,#739,.T.);
#2258=EDGE_CURVE('',#1856,#1800,#740,.T.);
#2259=EDGE_CURVE('',#1852,#1754,#741,.T.);
#2260=EDGE_CURVE('',#1851,#1739,#742,.T.);
#2261=EDGE_CURVE('',#1853,#1752,#743,.T.);
#2262=EDGE_CURVE('',#1854,#1751,#744,.T.);
#2263=EDGE_CURVE('',#1855,#1750,#745,.T.);
#2264=EDGE_CURVE('',#1856,#1749,#746,.T.);
#2265=EDGE_CURVE('',#1748,#1791,#747,.T.);
#2266=EDGE_CURVE('',#1746,#1792,#748,.T.);
#2267=EDGE_CURVE('',#1738,#1765,#749,.T.);
#2268=EDGE_CURVE('',#1857,#1773,#750,.T.);
#2269=EDGE_CURVE('',#1857,#1771,#751,.T.);
#2270=EDGE_CURVE('',#1762,#1857,#752,.T.);
#2271=EDGE_CURVE('',#1858,#1777,#753,.T.);
#2272=EDGE_CURVE('',#1858,#1788,#754,.T.);
#2273=EDGE_CURVE('',#1787,#1858,#755,.T.);
#2274=EDGE_CURVE('',#1859,#1860,#756,.T.);
#2275=EDGE_CURVE('',#1860,#1861,#757,.T.);
#2276=EDGE_CURVE('',#1861,#1862,#758,.T.);
#2277=EDGE_CURVE('',#1862,#1863,#759,.T.);
#2278=EDGE_CURVE('',#1863,#1864,#760,.T.);
#2279=EDGE_CURVE('',#1864,#1865,#761,.T.);
#2280=EDGE_CURVE('',#1865,#1866,#762,.T.);
#2281=EDGE_CURVE('',#1866,#1867,#763,.T.);
#2282=EDGE_CURVE('',#1867,#1868,#764,.T.);
#2283=EDGE_CURVE('',#1868,#1869,#765,.T.);
#2284=EDGE_CURVE('',#1869,#1870,#766,.T.);
#2285=EDGE_CURVE('',#1870,#1871,#767,.T.);
#2286=EDGE_CURVE('',#1871,#1872,#768,.T.);
#2287=EDGE_CURVE('',#1872,#1873,#769,.T.);
#2288=EDGE_CURVE('',#1873,#1874,#770,.T.);
#2289=EDGE_CURVE('',#1874,#1875,#771,.T.);
#2290=EDGE_CURVE('',#1875,#1876,#772,.T.);
#2291=EDGE_CURVE('',#1876,#1877,#773,.T.);
#2292=EDGE_CURVE('',#1877,#1878,#774,.T.);
#2293=EDGE_CURVE('',#1878,#1879,#775,.T.);
#2294=EDGE_CURVE('',#1879,#1880,#776,.T.);
#2295=EDGE_CURVE('',#1880,#1881,#777,.T.);
#2296=EDGE_CURVE('',#1881,#1882,#778,.T.);
#2297=EDGE_CURVE('',#1882,#1883,#779,.T.);
#2298=EDGE_CURVE('',#1883,#1884,#780,.T.);
#2299=EDGE_CURVE('',#1884,#1885,#781,.T.);
#2300=EDGE_CURVE('',#1885,#1886,#782,.T.);
#2301=EDGE_CURVE('',#1886,#1887,#783,.T.);
#2302=EDGE_CURVE('',#1887,#1888,#784,.T.);
#2303=EDGE_CURVE('',#1888,#1889,#785,.T.);
#2304=EDGE_CURVE('',#1889,#1890,#786,.T.);
#2305=EDGE_CURVE('',#1890,#1891,#787,.T.);
#2306=EDGE_CURVE('',#1891,#1892,#788,.T.);
#2307=EDGE_CURVE('',#1892,#1893,#789,.T.);
#2308=EDGE_CURVE('',#1893,#1894,#790,.T.);
#2309=EDGE_CURVE('',#1894,#1895,#791,.T.);
#2310=EDGE_CURVE('',#1895,#1896,#792,.T.);
#2311=EDGE_CURVE('',#1896,#1897,#793,.T.);
#2312=EDGE_CURVE('',#1897,#1898,#794,.T.);
#2313=EDGE_CURVE('',#1898,#1899,#795,.T.);
#2314=EDGE_CURVE('',#1899,#1900,#796,.T.);
#2315=EDGE_CURVE('',#1900,#1901,#797,.T.);
#2316=EDGE_CURVE('',#1901,#1902,#798,.T.);
#2317=EDGE_CURVE('',#1902,#1903,#799,.T.);
#2318=EDGE_CURVE('',#1903,#1904,#800,.T.);
#2319=EDGE_CURVE('',#1904,#1905,#801,.T.);
#2320=EDGE_CURVE('',#1905,#1906,#802,.T.);
#2321=EDGE_CURVE('',#1906,#1907,#803,.T.);
#2322=EDGE_CURVE('',#1907,#1908,#804,.T.);
#2323=EDGE_CURVE('',#1908,#1909,#805,.T.);
#2324=EDGE_CURVE('',#1909,#1910,#806,.T.);
#2325=EDGE_CURVE('',#1910,#1911,#807,.T.);
#2326=EDGE_CURVE('',#1911,#1912,#808,.T.);
#2327=EDGE_CURVE('',#1912,#1913,#809,.T.);
#2328=EDGE_CURVE('',#1913,#1914,#810,.T.);
#2329=EDGE_CURVE('',#1914,#1915,#811,.T.);
#2330=EDGE_CURVE('',#1915,#1916,#812,.T.);
#2331=EDGE_CURVE('',#1916,#1917,#813,.T.);
#2332=EDGE_CURVE('',#1917,#1918,#814,.T.);
#2333=EDGE_CURVE('',#1918,#1919,#815,.T.);
#2334=EDGE_CURVE('',#1919,#1920,#816,.T.);
#2335=EDGE_CURVE('',#1920,#1921,#817,.T.);
#2336=EDGE_CURVE('',#1921,#1922,#818,.T.);
#2337=EDGE_CURVE('',#1922,#1923,#819,.T.);
#2338=EDGE_CURVE('',#1923,#1924,#820,.T.);
#2339=EDGE_CURVE('',#1924,#1925,#821,.T.);
#2340=EDGE_CURVE('',#1925,#1926,#822,.T.);
#2341=EDGE_CURVE('',#1926,#1927,#823,.T.);
#2342=EDGE_CURVE('',#1927,#1928,#824,.T.);
#2343=EDGE_CURVE('',#1928,#1929,#825,.T.);
#2344=EDGE_CURVE('',#1929,#1930,#826,.T.);
#2345=EDGE_CURVE('',#1930,#1931,#827,.T.);
#2346=EDGE_CURVE('',#1931,#1932,#828,.T.);
#2347=EDGE_CURVE('',#1932,#1933,#829,.T.);
#2348=EDGE_CURVE('',#1933,#1934,#830,.T.);
#2349=EDGE_CURVE('',#1934,#1935,#831,.T.);
#2350=EDGE_CURVE('',#1935,#1936,#832,.T.);
#2351=EDGE_CURVE('',#1936,#1937,#833,.T.);
#2352=EDGE_CURVE('',#1937,#1938,#834,.T.);
#2353=EDGE_CURVE('',#1938,#1859,#835,.T.);
#2354=EDGE_CURVE('',#1939,#1939,#109,.T.);
#2355=EDGE_CURVE('',#1940,#1940,#110,.T.);
#2356=EDGE_CURVE('',#1940,#1832,#836,.T.);
#2357=EDGE_CURVE('',#1939,#1819,#837,.T.);
#2358=EDGE_CURVE('',#1941,#1942,#838,.T.);
#2359=EDGE_CURVE('',#1942,#1835,#839,.T.);
#2360=EDGE_CURVE('',#1835,#1943,#840,.T.);
#2361=EDGE_CURVE('',#1941,#1943,#841,.T.);
#2362=EDGE_CURVE('',#1944,#1941,#842,.T.);
#2363=EDGE_CURVE('',#1943,#1945,#843,.T.);
#2364=EDGE_CURVE('',#1944,#1945,#844,.T.);
#2365=EDGE_CURVE('',#1946,#1944,#845,.T.);
#2366=EDGE_CURVE('',#1945,#1947,#846,.T.);
#2367=EDGE_CURVE('',#1946,#1947,#847,.T.);
#2368=EDGE_CURVE('',#1948,#1946,#848,.T.);
#2369=EDGE_CURVE('',#1947,#1949,#849,.T.);
#2370=EDGE_CURVE('',#1948,#1949,#850,.T.);
#2371=EDGE_CURVE('',#1950,#1948,#851,.T.);
#2372=EDGE_CURVE('',#1949,#1951,#852,.T.);
#2373=EDGE_CURVE('',#1950,#1951,#853,.T.);
#2374=EDGE_CURVE('',#1952,#1950,#854,.T.);
#2375=EDGE_CURVE('',#1951,#1953,#855,.T.);
#2376=EDGE_CURVE('',#1952,#1953,#856,.T.);
#2377=EDGE_CURVE('',#1954,#1952,#857,.T.);
#2378=EDGE_CURVE('',#1953,#1955,#858,.T.);
#2379=EDGE_CURVE('',#1954,#1955,#859,.T.);
#2380=EDGE_CURVE('',#1956,#1954,#860,.T.);
#2381=EDGE_CURVE('',#1955,#1957,#861,.T.);
#2382=EDGE_CURVE('',#1956,#1957,#862,.T.);
#2383=EDGE_CURVE('',#1958,#1956,#863,.T.);
#2384=EDGE_CURVE('',#1957,#1959,#864,.T.);
#2385=EDGE_CURVE('',#1958,#1959,#865,.T.);
#2386=EDGE_CURVE('',#1960,#1958,#866,.T.);
#2387=EDGE_CURVE('',#1959,#1961,#867,.T.);
#2388=EDGE_CURVE('',#1960,#1961,#868,.T.);
#2389=EDGE_CURVE('',#1962,#1960,#869,.T.);
#2390=EDGE_CURVE('',#1961,#1963,#870,.T.);
#2391=EDGE_CURVE('',#1962,#1963,#871,.T.);
#2392=EDGE_CURVE('',#1964,#1962,#872,.T.);
#2393=EDGE_CURVE('',#1963,#1965,#873,.T.);
#2394=EDGE_CURVE('',#1964,#1965,#874,.T.);
#2395=EDGE_CURVE('',#1966,#1964,#875,.T.);
#2396=EDGE_CURVE('',#1965,#1967,#876,.T.);
#2397=EDGE_CURVE('',#1966,#1967,#877,.T.);
#2398=EDGE_CURVE('',#1968,#1966,#878,.T.);
#2399=EDGE_CURVE('',#1967,#1969,#879,.T.);
#2400=EDGE_CURVE('',#1968,#1969,#880,.T.);
#2401=EDGE_CURVE('',#1970,#1968,#881,.T.);
#2402=EDGE_CURVE('',#1969,#1971,#882,.T.);
#2403=EDGE_CURVE('',#1970,#1971,#883,.T.);
#2404=EDGE_CURVE('',#1972,#1970,#884,.T.);
#2405=EDGE_CURVE('',#1971,#1973,#885,.T.);
#2406=EDGE_CURVE('',#1972,#1973,#886,.T.);
#2407=EDGE_CURVE('',#1974,#1972,#887,.T.);
#2408=EDGE_CURVE('',#1973,#1975,#888,.T.);
#2409=EDGE_CURVE('',#1974,#1975,#889,.T.);
#2410=EDGE_CURVE('',#1976,#1974,#890,.T.);
#2411=EDGE_CURVE('',#1975,#1977,#891,.T.);
#2412=EDGE_CURVE('',#1976,#1977,#892,.T.);
#2413=EDGE_CURVE('',#1978,#1976,#893,.T.);
#2414=EDGE_CURVE('',#1977,#1979,#894,.T.);
#2415=EDGE_CURVE('',#1978,#1979,#895,.T.);
#2416=EDGE_CURVE('',#1980,#1978,#896,.T.);
#2417=EDGE_CURVE('',#1979,#1981,#897,.T.);
#2418=EDGE_CURVE('',#1980,#1981,#898,.T.);
#2419=EDGE_CURVE('',#1982,#1980,#899,.T.);
#2420=EDGE_CURVE('',#1981,#1983,#900,.T.);
#2421=EDGE_CURVE('',#1982,#1983,#901,.T.);
#2422=EDGE_CURVE('',#1984,#1982,#902,.T.);
#2423=EDGE_CURVE('',#1983,#1985,#903,.T.);
#2424=EDGE_CURVE('',#1984,#1985,#904,.T.);
#2425=EDGE_CURVE('',#1986,#1984,#905,.T.);
#2426=EDGE_CURVE('',#1985,#1987,#906,.T.);
#2427=EDGE_CURVE('',#1986,#1987,#907,.T.);
#2428=EDGE_CURVE('',#1988,#1986,#908,.T.);
#2429=EDGE_CURVE('',#1987,#1989,#909,.T.);
#2430=EDGE_CURVE('',#1988,#1989,#910,.T.);
#2431=EDGE_CURVE('',#1990,#1988,#911,.T.);
#2432=EDGE_CURVE('',#1989,#1991,#912,.T.);
#2433=EDGE_CURVE('',#1990,#1991,#913,.T.);
#2434=EDGE_CURVE('',#1992,#1990,#914,.T.);
#2435=EDGE_CURVE('',#1991,#1993,#915,.T.);
#2436=EDGE_CURVE('',#1992,#1993,#916,.T.);
#2437=EDGE_CURVE('',#1994,#1992,#917,.T.);
#2438=EDGE_CURVE('',#1993,#1995,#918,.T.);
#2439=EDGE_CURVE('',#1994,#1995,#919,.T.);
#2440=EDGE_CURVE('',#1996,#1994,#920,.T.);
#2441=EDGE_CURVE('',#1995,#1997,#921,.T.);
#2442=EDGE_CURVE('',#1996,#1997,#922,.T.);
#2443=EDGE_CURVE('',#1998,#1996,#923,.T.);
#2444=EDGE_CURVE('',#1997,#1999,#924,.T.);
#2445=EDGE_CURVE('',#1998,#1999,#925,.T.);
#2446=EDGE_CURVE('',#2000,#1998,#926,.T.);
#2447=EDGE_CURVE('',#1999,#2001,#927,.T.);
#2448=EDGE_CURVE('',#2000,#2001,#928,.T.);
#2449=EDGE_CURVE('',#2002,#2000,#929,.T.);
#2450=EDGE_CURVE('',#2001,#2003,#930,.T.);
#2451=EDGE_CURVE('',#2002,#2003,#931,.T.);
#2452=EDGE_CURVE('',#2004,#2002,#932,.T.);
#2453=EDGE_CURVE('',#2003,#2005,#933,.T.);
#2454=EDGE_CURVE('',#2004,#2005,#934,.T.);
#2455=EDGE_CURVE('',#2006,#2004,#935,.T.);
#2456=EDGE_CURVE('',#2005,#2007,#936,.T.);
#2457=EDGE_CURVE('',#2006,#2007,#937,.T.);
#2458=EDGE_CURVE('',#2008,#2006,#938,.T.);
#2459=EDGE_CURVE('',#2007,#2009,#939,.T.);
#2460=EDGE_CURVE('',#2008,#2009,#940,.T.);
#2461=EDGE_CURVE('',#2010,#2008,#941,.T.);
#2462=EDGE_CURVE('',#2009,#2011,#942,.T.);
#2463=EDGE_CURVE('',#2010,#2011,#943,.T.);
#2464=EDGE_CURVE('',#2012,#2010,#944,.T.);
#2465=EDGE_CURVE('',#2011,#2013,#945,.T.);
#2466=EDGE_CURVE('',#2012,#2013,#946,.T.);
#2467=EDGE_CURVE('',#2014,#2012,#947,.T.);
#2468=EDGE_CURVE('',#2013,#2015,#948,.T.);
#2469=EDGE_CURVE('',#2014,#2015,#949,.T.);
#2470=EDGE_CURVE('',#2016,#2014,#950,.T.);
#2471=EDGE_CURVE('',#2015,#2017,#951,.T.);
#2472=EDGE_CURVE('',#2016,#2017,#952,.T.);
#2473=EDGE_CURVE('',#2018,#2016,#953,.T.);
#2474=EDGE_CURVE('',#2017,#2019,#954,.T.);
#2475=EDGE_CURVE('',#2018,#2019,#955,.T.);
#2476=EDGE_CURVE('',#2020,#2018,#956,.T.);
#2477=EDGE_CURVE('',#2019,#2021,#957,.T.);
#2478=EDGE_CURVE('',#2020,#2021,#958,.T.);
#2479=EDGE_CURVE('',#2022,#2020,#959,.T.);
#2480=EDGE_CURVE('',#2021,#2023,#960,.T.);
#2481=EDGE_CURVE('',#2022,#2023,#961,.T.);
#2482=EDGE_CURVE('',#2024,#2022,#962,.T.);
#2483=EDGE_CURVE('',#2023,#2025,#963,.T.);
#2484=EDGE_CURVE('',#2024,#2025,#964,.T.);
#2485=EDGE_CURVE('',#2026,#2024,#965,.T.);
#2486=EDGE_CURVE('',#2025,#2027,#966,.T.);
#2487=EDGE_CURVE('',#2026,#2027,#967,.T.);
#2488=EDGE_CURVE('',#2028,#2026,#968,.T.);
#2489=EDGE_CURVE('',#2027,#2029,#969,.T.);
#2490=EDGE_CURVE('',#2028,#2029,#970,.T.);
#2491=EDGE_CURVE('',#2030,#2028,#971,.T.);
#2492=EDGE_CURVE('',#2029,#2031,#972,.T.);
#2493=EDGE_CURVE('',#2030,#2031,#973,.T.);
#2494=EDGE_CURVE('',#2032,#2030,#974,.T.);
#2495=EDGE_CURVE('',#2031,#2033,#975,.T.);
#2496=EDGE_CURVE('',#2032,#2033,#976,.T.);
#2497=EDGE_CURVE('',#2034,#2032,#977,.T.);
#2498=EDGE_CURVE('',#2033,#2035,#978,.T.);
#2499=EDGE_CURVE('',#2034,#2035,#979,.T.);
#2500=EDGE_CURVE('',#2036,#2034,#980,.T.);
#2501=EDGE_CURVE('',#2035,#2037,#981,.T.);
#2502=EDGE_CURVE('',#2036,#2037,#982,.T.);
#2503=EDGE_CURVE('',#2038,#2036,#983,.T.);
#2504=EDGE_CURVE('',#2037,#2039,#984,.T.);
#2505=EDGE_CURVE('',#2038,#2039,#985,.T.);
#2506=EDGE_CURVE('',#2040,#2038,#986,.T.);
#2507=EDGE_CURVE('',#2039,#2041,#987,.T.);
#2508=EDGE_CURVE('',#2040,#2041,#988,.T.);
#2509=EDGE_CURVE('',#2042,#2040,#989,.T.);
#2510=EDGE_CURVE('',#2041,#2043,#990,.T.);
#2511=EDGE_CURVE('',#2042,#2043,#991,.T.);
#2512=EDGE_CURVE('',#2044,#2042,#992,.T.);
#2513=EDGE_CURVE('',#2043,#2045,#993,.T.);
#2514=EDGE_CURVE('',#2044,#2045,#994,.T.);
#2515=EDGE_CURVE('',#2046,#2044,#995,.T.);
#2516=EDGE_CURVE('',#2045,#2047,#996,.T.);
#2517=EDGE_CURVE('',#2046,#2047,#997,.T.);
#2518=EDGE_CURVE('',#2048,#2046,#998,.T.);
#2519=EDGE_CURVE('',#2047,#2049,#999,.T.);
#2520=EDGE_CURVE('',#2048,#2049,#1000,.T.);
#2521=EDGE_CURVE('',#2050,#2048,#1001,.T.);
#2522=EDGE_CURVE('',#2049,#2051,#1002,.T.);
#2523=EDGE_CURVE('',#2050,#2051,#1003,.T.);
#2524=EDGE_CURVE('',#2052,#2050,#1004,.T.);
#2525=EDGE_CURVE('',#2051,#2053,#1005,.T.);
#2526=EDGE_CURVE('',#2052,#2053,#1006,.T.);
#2527=EDGE_CURVE('',#2054,#2052,#1007,.T.);
#2528=EDGE_CURVE('',#2053,#2055,#1008,.T.);
#2529=EDGE_CURVE('',#2054,#2055,#1009,.T.);
#2530=EDGE_CURVE('',#2056,#2054,#1010,.T.);
#2531=EDGE_CURVE('',#2055,#2057,#1011,.T.);
#2532=EDGE_CURVE('',#2056,#2057,#1012,.T.);
#2533=EDGE_CURVE('',#2058,#2056,#1013,.T.);
#2534=EDGE_CURVE('',#2057,#2059,#1014,.T.);
#2535=EDGE_CURVE('',#2058,#2059,#1015,.T.);
#2536=EDGE_CURVE('',#2060,#2058,#1016,.T.);
#2537=EDGE_CURVE('',#2059,#2061,#1017,.T.);
#2538=EDGE_CURVE('',#2060,#2061,#1018,.T.);
#2539=EDGE_CURVE('',#2062,#2060,#1019,.T.);
#2540=EDGE_CURVE('',#2061,#2063,#1020,.T.);
#2541=EDGE_CURVE('',#2062,#2063,#1021,.T.);
#2542=EDGE_CURVE('',#2064,#2062,#1022,.T.);
#2543=EDGE_CURVE('',#2063,#2065,#1023,.T.);
#2544=EDGE_CURVE('',#2064,#2065,#1024,.T.);
#2545=EDGE_CURVE('',#2066,#2064,#1025,.T.);
#2546=EDGE_CURVE('',#2065,#2067,#1026,.T.);
#2547=EDGE_CURVE('',#2066,#2067,#1027,.T.);
#2548=EDGE_CURVE('',#2068,#2066,#1028,.T.);
#2549=EDGE_CURVE('',#2067,#2069,#1029,.T.);
#2550=EDGE_CURVE('',#2068,#2069,#1030,.T.);
#2551=EDGE_CURVE('',#2070,#2068,#1031,.T.);
#2552=EDGE_CURVE('',#2069,#2071,#1032,.T.);
#2553=EDGE_CURVE('',#2070,#2071,#1033,.T.);
#2554=EDGE_CURVE('',#2072,#2070,#1034,.T.);
#2555=EDGE_CURVE('',#2071,#2073,#1035,.T.);
#2556=EDGE_CURVE('',#2072,#2073,#1036,.T.);
#2557=EDGE_CURVE('',#2074,#2072,#1037,.T.);
#2558=EDGE_CURVE('',#2073,#2075,#1038,.T.);
#2559=EDGE_CURVE('',#2074,#2075,#1039,.T.);
#2560=EDGE_CURVE('',#2076,#2074,#1040,.T.);
#2561=EDGE_CURVE('',#2075,#2077,#1041,.T.);
#2562=EDGE_CURVE('',#2076,#2077,#1042,.T.);
#2563=EDGE_CURVE('',#2078,#2076,#1043,.T.);
#2564=EDGE_CURVE('',#2077,#2079,#1044,.T.);
#2565=EDGE_CURVE('',#2078,#2079,#1045,.T.);
#2566=EDGE_CURVE('',#2080,#2078,#1046,.T.);
#2567=EDGE_CURVE('',#2079,#2081,#1047,.T.);
#2568=EDGE_CURVE('',#2080,#2081,#1048,.T.);
#2569=EDGE_CURVE('',#2082,#2080,#1049,.T.);
#2570=EDGE_CURVE('',#2081,#1844,#1050,.T.);
#2571=EDGE_CURVE('',#2082,#1844,#1051,.T.);
#2572=EDGE_CURVE('',#2083,#2082,#1052,.T.);
#2573=EDGE_CURVE('',#2083,#1843,#1053,.T.);
#2574=EDGE_CURVE('',#2084,#2083,#1054,.T.);
#2575=EDGE_CURVE('',#2084,#1842,#1055,.T.);
#2576=EDGE_CURVE('',#2085,#2084,#1056,.T.);
#2577=EDGE_CURVE('',#2085,#1841,#1057,.T.);
#2578=EDGE_CURVE('',#2086,#2085,#1058,.T.);
#2579=EDGE_CURVE('',#2086,#1840,#1059,.T.);
#2580=EDGE_CURVE('',#2087,#2086,#1060,.T.);
#2581=EDGE_CURVE('',#2087,#1839,#1061,.T.);
#2582=EDGE_CURVE('',#2088,#2087,#1062,.T.);
#2583=EDGE_CURVE('',#2088,#1838,#1063,.T.);
#2584=EDGE_CURVE('',#2089,#2088,#1064,.T.);
#2585=EDGE_CURVE('',#2089,#1837,#1065,.T.);
#2586=EDGE_CURVE('',#2090,#2089,#1066,.T.);
#2587=EDGE_CURVE('',#2090,#1836,#1067,.T.);
#2588=EDGE_CURVE('',#1942,#2090,#1068,.T.);
#2589=EDGE_CURVE('',#2053,#1849,#1069,.T.);
#2590=EDGE_CURVE('',#2043,#1850,#1070,.T.);
#2591=EDGE_CURVE('',#2013,#1845,#1071,.T.);
#2592=EDGE_CURVE('',#2003,#1846,#1072,.T.);
#2593=EDGE_CURVE('',#1973,#1847,#1073,.T.);
#2594=EDGE_CURVE('',#1963,#1848,#1074,.T.);
#2595=EDGE_CURVE('',#1942,#1860,#1075,.T.);
#2596=EDGE_CURVE('',#1861,#1941,#1076,.T.);
#2597=EDGE_CURVE('',#1862,#1944,#1077,.T.);
#2598=EDGE_CURVE('',#1863,#1946,#1078,.T.);
#2599=EDGE_CURVE('',#1864,#1948,#1079,.T.);
#2600=EDGE_CURVE('',#1865,#1950,#1080,.T.);
#2601=EDGE_CURVE('',#1866,#1952,#1081,.T.);
#2602=EDGE_CURVE('',#1867,#1954,#1082,.T.);
#2603=EDGE_CURVE('',#1868,#1956,#1083,.T.);
#2604=EDGE_CURVE('',#1869,#1958,#1084,.T.);
#2605=EDGE_CURVE('',#1870,#1960,#1085,.T.);
#2606=EDGE_CURVE('',#1871,#1962,#1086,.T.);
#2607=EDGE_CURVE('',#1872,#1964,#1087,.T.);
#2608=EDGE_CURVE('',#1873,#1966,#1088,.T.);
#2609=EDGE_CURVE('',#1874,#1968,#1089,.T.);
#2610=EDGE_CURVE('',#1875,#1970,#1090,.T.);
#2611=EDGE_CURVE('',#1876,#1972,#1091,.T.);
#2612=EDGE_CURVE('',#1877,#1974,#1092,.T.);
#2613=EDGE_CURVE('',#1878,#1976,#1093,.T.);
#2614=EDGE_CURVE('',#1879,#1978,#1094,.T.);
#2615=EDGE_CURVE('',#1880,#1980,#1095,.T.);
#2616=EDGE_CURVE('',#1881,#1982,#1096,.T.);
#2617=EDGE_CURVE('',#1882,#1984,#1097,.T.);
#2618=EDGE_CURVE('',#1883,#1986,#1098,.T.);
#2619=EDGE_CURVE('',#1884,#1988,#1099,.T.);
#2620=EDGE_CURVE('',#1885,#1990,#1100,.T.);
#2621=EDGE_CURVE('',#1886,#1992,#1101,.T.);
#2622=EDGE_CURVE('',#1887,#1994,#1102,.T.);
#2623=EDGE_CURVE('',#1888,#1996,#1103,.T.);
#2624=EDGE_CURVE('',#1889,#1998,#1104,.T.);
#2625=EDGE_CURVE('',#1890,#2000,#1105,.T.);
#2626=EDGE_CURVE('',#1891,#2002,#1106,.T.);
#2627=EDGE_CURVE('',#1892,#2004,#1107,.T.);
#2628=EDGE_CURVE('',#1893,#2006,#1108,.T.);
#2629=EDGE_CURVE('',#1894,#2008,#1109,.T.);
#2630=EDGE_CURVE('',#1895,#2010,#1110,.T.);
#2631=EDGE_CURVE('',#1896,#2012,#1111,.T.);
#2632=EDGE_CURVE('',#1897,#2014,#1112,.T.);
#2633=EDGE_CURVE('',#1898,#2016,#1113,.T.);
#2634=EDGE_CURVE('',#1899,#2018,#1114,.T.);
#2635=EDGE_CURVE('',#1900,#2020,#1115,.T.);
#2636=EDGE_CURVE('',#1901,#2022,#1116,.T.);
#2637=EDGE_CURVE('',#1902,#2024,#1117,.T.);
#2638=EDGE_CURVE('',#1903,#2026,#1118,.T.);
#2639=EDGE_CURVE('',#1904,#2028,#1119,.T.);
#2640=EDGE_CURVE('',#1905,#2030,#1120,.T.);
#2641=EDGE_CURVE('',#1906,#2032,#1121,.T.);
#2642=EDGE_CURVE('',#1907,#2034,#1122,.T.);
#2643=EDGE_CURVE('',#1908,#2036,#1123,.T.);
#2644=EDGE_CURVE('',#1909,#2038,#1124,.T.);
#2645=EDGE_CURVE('',#1910,#2040,#1125,.T.);
#2646=EDGE_CURVE('',#1911,#2042,#1126,.T.);
#2647=EDGE_CURVE('',#1912,#2044,#1127,.T.);
#2648=EDGE_CURVE('',#1913,#2046,#1128,.T.);
#2649=EDGE_CURVE('',#1914,#2048,#1129,.T.);
#2650=EDGE_CURVE('',#1915,#2050,#1130,.T.);
#2651=EDGE_CURVE('',#1916,#2052,#1131,.T.);
#2652=EDGE_CURVE('',#1917,#2054,#1132,.T.);
#2653=EDGE_CURVE('',#1918,#2056,#1133,.T.);
#2654=EDGE_CURVE('',#1919,#2058,#1134,.T.);
#2655=EDGE_CURVE('',#1920,#2060,#1135,.T.);
#2656=EDGE_CURVE('',#1921,#2062,#1136,.T.);
#2657=EDGE_CURVE('',#1922,#2064,#1137,.T.);
#2658=EDGE_CURVE('',#1923,#2066,#1138,.T.);
#2659=EDGE_CURVE('',#1924,#2068,#1139,.T.);
#2660=EDGE_CURVE('',#1925,#2070,#1140,.T.);
#2661=EDGE_CURVE('',#1926,#2072,#1141,.T.);
#2662=EDGE_CURVE('',#1927,#2074,#1142,.T.);
#2663=EDGE_CURVE('',#1928,#2076,#1143,.T.);
#2664=EDGE_CURVE('',#1929,#2078,#1144,.T.);
#2665=EDGE_CURVE('',#1930,#2080,#1145,.T.);
#2666=EDGE_CURVE('',#1931,#2082,#1146,.T.);
#2667=EDGE_CURVE('',#1932,#2083,#1147,.T.);
#2668=EDGE_CURVE('',#1933,#2084,#1148,.T.);
#2669=EDGE_CURVE('',#1934,#2085,#1149,.T.);
#2670=EDGE_CURVE('',#1935,#2086,#1150,.T.);
#2671=EDGE_CURVE('',#1936,#2087,#1151,.T.);
#2672=EDGE_CURVE('',#1937,#2088,#1152,.T.);
#2673=EDGE_CURVE('',#1938,#2089,#1153,.T.);
#2674=EDGE_CURVE('',#1859,#2090,#1154,.T.);
#2675=ORIENTED_EDGE('',*,*,#2091,.F.);
#2676=ORIENTED_EDGE('',*,*,#2092,.F.);
#2677=ORIENTED_EDGE('',*,*,#2093,.F.);
#2678=ORIENTED_EDGE('',*,*,#2094,.F.);
#2679=ORIENTED_EDGE('',*,*,#2095,.F.);
#2680=ORIENTED_EDGE('',*,*,#2096,.F.);
#2681=ORIENTED_EDGE('',*,*,#2097,.F.);
#2682=ORIENTED_EDGE('',*,*,#2098,.F.);
#2683=ORIENTED_EDGE('',*,*,#2099,.F.);
#2684=ORIENTED_EDGE('',*,*,#2095,.T.);
#2685=ORIENTED_EDGE('',*,*,#2100,.F.);
#2686=ORIENTED_EDGE('',*,*,#2101,.T.);
#2687=ORIENTED_EDGE('',*,*,#2102,.F.);
#2688=ORIENTED_EDGE('',*,*,#2094,.T.);
#2689=ORIENTED_EDGE('',*,*,#2103,.F.);
#2690=ORIENTED_EDGE('',*,*,#2104,.T.);
#2691=ORIENTED_EDGE('',*,*,#2100,.T.);
#2692=ORIENTED_EDGE('',*,*,#2093,.T.);
#2693=ORIENTED_EDGE('',*,*,#2105,.F.);
#2694=ORIENTED_EDGE('',*,*,#2106,.F.);
#2695=ORIENTED_EDGE('',*,*,#2103,.T.);
#2696=ORIENTED_EDGE('',*,*,#2092,.T.);
#2697=ORIENTED_EDGE('',*,*,#2107,.F.);
#2698=ORIENTED_EDGE('',*,*,#2108,.T.);
#2699=ORIENTED_EDGE('',*,*,#2105,.T.);
#2700=ORIENTED_EDGE('',*,*,#2091,.T.);
#2701=ORIENTED_EDGE('',*,*,#2109,.F.);
#2702=ORIENTED_EDGE('',*,*,#2110,.F.);
#2703=ORIENTED_EDGE('',*,*,#2107,.T.);
#2704=ORIENTED_EDGE('',*,*,#2111,.F.);
#2705=ORIENTED_EDGE('',*,*,#2112,.F.);
#2706=ORIENTED_EDGE('',*,*,#2113,.F.);
#2707=ORIENTED_EDGE('',*,*,#2114,.F.);
#2708=ORIENTED_EDGE('',*,*,#2115,.F.);
#2709=ORIENTED_EDGE('',*,*,#2116,.F.);
#2710=ORIENTED_EDGE('',*,*,#2117,.F.);
#2711=ORIENTED_EDGE('',*,*,#2118,.F.);
#2712=ORIENTED_EDGE('',*,*,#2119,.F.);
#2713=ORIENTED_EDGE('',*,*,#2118,.T.);
#2714=ORIENTED_EDGE('',*,*,#2120,.F.);
#2715=ORIENTED_EDGE('',*,*,#2121,.T.);
#2716=ORIENTED_EDGE('',*,*,#2122,.F.);
#2717=ORIENTED_EDGE('',*,*,#2123,.F.);
#2718=ORIENTED_EDGE('',*,*,#2124,.F.);
#2719=ORIENTED_EDGE('',*,*,#2125,.F.);
#2720=ORIENTED_EDGE('',*,*,#2126,.F.);
#2721=ORIENTED_EDGE('',*,*,#2124,.T.);
#2722=ORIENTED_EDGE('',*,*,#2127,.T.);
#2723=ORIENTED_EDGE('',*,*,#2128,.F.);
#2724=ORIENTED_EDGE('',*,*,#2129,.F.);
#2725=ORIENTED_EDGE('',*,*,#2123,.T.);
#2726=ORIENTED_EDGE('',*,*,#2130,.F.);
#2727=ORIENTED_EDGE('',*,*,#2131,.T.);
#2728=ORIENTED_EDGE('',*,*,#2132,.F.);
#2729=ORIENTED_EDGE('',*,*,#2133,.F.);
#2730=ORIENTED_EDGE('',*,*,#2134,.F.);
#2731=ORIENTED_EDGE('',*,*,#2135,.F.);
#2732=ORIENTED_EDGE('',*,*,#2136,.T.);
#2733=ORIENTED_EDGE('',*,*,#2137,.T.);
#2734=ORIENTED_EDGE('',*,*,#2138,.F.);
#2735=ORIENTED_EDGE('',*,*,#2139,.F.);
#2736=ORIENTED_EDGE('',*,*,#2127,.F.);
#2737=ORIENTED_EDGE('',*,*,#2137,.F.);
#2738=ORIENTED_EDGE('',*,*,#2140,.F.);
#2739=ORIENTED_EDGE('',*,*,#2141,.F.);
#2740=ORIENTED_EDGE('',*,*,#2142,.F.);
#2741=ORIENTED_EDGE('',*,*,#2143,.F.);
#2742=ORIENTED_EDGE('',*,*,#2144,.F.);
#2743=ORIENTED_EDGE('',*,*,#2145,.F.);
#2744=ORIENTED_EDGE('',*,*,#2146,.F.);
#2745=ORIENTED_EDGE('',*,*,#2144,.T.);
#2746=ORIENTED_EDGE('',*,*,#2147,.F.);
#2747=ORIENTED_EDGE('',*,*,#2148,.T.);
#2748=ORIENTED_EDGE('',*,*,#2149,.F.);
#2749=ORIENTED_EDGE('',*,*,#2150,.F.);
#2750=ORIENTED_EDGE('',*,*,#2151,.F.);
#2751=ORIENTED_EDGE('',*,*,#2152,.F.);
#2752=ORIENTED_EDGE('',*,*,#2153,.F.);
#2753=ORIENTED_EDGE('',*,*,#2154,.F.);
#2754=ORIENTED_EDGE('',*,*,#2155,.F.);
#2755=ORIENTED_EDGE('',*,*,#2153,.T.);
#2756=ORIENTED_EDGE('',*,*,#2156,.T.);
#2757=ORIENTED_EDGE('',*,*,#2157,.F.);
#2758=ORIENTED_EDGE('',*,*,#2158,.F.);
#2759=ORIENTED_EDGE('',*,*,#2143,.T.);
#2760=ORIENTED_EDGE('',*,*,#2159,.F.);
#2761=ORIENTED_EDGE('',*,*,#2160,.F.);
#2762=ORIENTED_EDGE('',*,*,#2156,.F.);
#2763=ORIENTED_EDGE('',*,*,#2152,.T.);
#2764=ORIENTED_EDGE('',*,*,#2161,.T.);
#2765=ORIENTED_EDGE('',*,*,#2162,.F.);
#2766=ORIENTED_EDGE('',*,*,#2163,.F.);
#2767=ORIENTED_EDGE('',*,*,#2164,.F.);
#2768=ORIENTED_EDGE('',*,*,#2165,.F.);
#2769=ORIENTED_EDGE('',*,*,#2166,.T.);
#2770=ORIENTED_EDGE('',*,*,#2147,.T.);
#2771=ORIENTED_EDGE('',*,*,#2135,.T.);
#2772=ORIENTED_EDGE('',*,*,#2167,.F.);
#2773=ORIENTED_EDGE('',*,*,#2168,.F.);
#2774=ORIENTED_EDGE('',*,*,#2169,.F.);
#2775=ORIENTED_EDGE('',*,*,#2167,.T.);
#2776=ORIENTED_EDGE('',*,*,#2134,.T.);
#2777=ORIENTED_EDGE('',*,*,#2170,.F.);
#2778=ORIENTED_EDGE('',*,*,#2096,.T.);
#2779=ORIENTED_EDGE('',*,*,#2102,.T.);
#2780=ORIENTED_EDGE('',*,*,#2171,.F.);
#2781=ORIENTED_EDGE('',*,*,#2140,.T.);
#2782=ORIENTED_EDGE('',*,*,#2136,.F.);
#2783=ORIENTED_EDGE('',*,*,#2169,.T.);
#2784=ORIENTED_EDGE('',*,*,#2172,.F.);
#2785=ORIENTED_EDGE('',*,*,#2173,.F.);
#2786=ORIENTED_EDGE('',*,*,#2174,.T.);
#2787=ORIENTED_EDGE('',*,*,#2166,.F.);
#2788=ORIENTED_EDGE('',*,*,#2175,.F.);
#2789=ORIENTED_EDGE('',*,*,#2176,.F.);
#2790=ORIENTED_EDGE('',*,*,#2148,.F.);
#2791=ORIENTED_EDGE('',*,*,#2162,.T.);
#2792=ORIENTED_EDGE('',*,*,#2177,.F.);
#2793=ORIENTED_EDGE('',*,*,#2178,.F.);
#2794=ORIENTED_EDGE('',*,*,#2179,.F.);
#2795=ORIENTED_EDGE('',*,*,#2155,.T.);
#2796=ORIENTED_EDGE('',*,*,#2180,.T.);
#2797=ORIENTED_EDGE('',*,*,#2181,.T.);
#2798=ORIENTED_EDGE('',*,*,#2182,.F.);
#2799=ORIENTED_EDGE('',*,*,#2177,.T.);
#2800=ORIENTED_EDGE('',*,*,#2161,.F.);
#2801=ORIENTED_EDGE('',*,*,#2131,.F.);
#2802=ORIENTED_EDGE('',*,*,#2183,.F.);
#2803=ORIENTED_EDGE('',*,*,#2184,.F.);
#2804=ORIENTED_EDGE('',*,*,#2185,.F.);
#2805=ORIENTED_EDGE('',*,*,#2126,.T.);
#2806=ORIENTED_EDGE('',*,*,#2186,.F.);
#2807=ORIENTED_EDGE('',*,*,#2187,.T.);
#2808=ORIENTED_EDGE('',*,*,#2188,.F.);
#2809=ORIENTED_EDGE('',*,*,#2183,.T.);
#2810=ORIENTED_EDGE('',*,*,#2130,.T.);
#2811=ORIENTED_EDGE('',*,*,#2189,.F.);
#2812=ORIENTED_EDGE('',*,*,#2190,.T.);
#2813=ORIENTED_EDGE('',*,*,#2191,.T.);
#2814=ORIENTED_EDGE('',*,*,#2192,.F.);
#2815=ORIENTED_EDGE('',*,*,#2193,.F.);
#2816=ORIENTED_EDGE('',*,*,#2194,.T.);
#2817=ORIENTED_EDGE('',*,*,#2195,.T.);
#2818=ORIENTED_EDGE('',*,*,#2190,.F.);
#2819=ORIENTED_EDGE('',*,*,#2196,.F.);
#2820=ORIENTED_EDGE('',*,*,#2197,.T.);
#2821=ORIENTED_EDGE('',*,*,#2198,.T.);
#2822=ORIENTED_EDGE('',*,*,#2194,.F.);
#2823=ORIENTED_EDGE('',*,*,#2199,.F.);
#2824=ORIENTED_EDGE('',*,*,#2200,.T.);
#2825=ORIENTED_EDGE('',*,*,#2201,.T.);
#2826=ORIENTED_EDGE('',*,*,#2197,.F.);
#2827=ORIENTED_EDGE('',*,*,#2202,.F.);
#2828=ORIENTED_EDGE('',*,*,#2203,.T.);
#2829=ORIENTED_EDGE('',*,*,#2204,.T.);
#2830=ORIENTED_EDGE('',*,*,#2200,.F.);
#2831=ORIENTED_EDGE('',*,*,#2205,.F.);
#2832=ORIENTED_EDGE('',*,*,#2192,.T.);
#2833=ORIENTED_EDGE('',*,*,#2206,.T.);
#2834=ORIENTED_EDGE('',*,*,#2203,.F.);
#2835=ORIENTED_EDGE('',*,*,#2206,.F.);
#2836=ORIENTED_EDGE('',*,*,#2191,.F.);
#2837=ORIENTED_EDGE('',*,*,#2195,.F.);
#2838=ORIENTED_EDGE('',*,*,#2198,.F.);
#2839=ORIENTED_EDGE('',*,*,#2201,.F.);
#2840=ORIENTED_EDGE('',*,*,#2204,.F.);
#2841=ORIENTED_EDGE('',*,*,#2207,.F.);
#2842=ORIENTED_EDGE('',*,*,#2208,.F.);
#2843=ORIENTED_EDGE('',*,*,#2209,.T.);
#2844=ORIENTED_EDGE('',*,*,#2210,.T.);
#2845=ORIENTED_EDGE('',*,*,#2211,.F.);
#2846=ORIENTED_EDGE('',*,*,#2212,.F.);
#2847=ORIENTED_EDGE('',*,*,#2213,.T.);
#2848=ORIENTED_EDGE('',*,*,#2214,.T.);
#2849=ORIENTED_EDGE('',*,*,#2209,.F.);
#2850=ORIENTED_EDGE('',*,*,#2215,.F.);
#2851=ORIENTED_EDGE('',*,*,#2216,.T.);
#2852=ORIENTED_EDGE('',*,*,#2217,.T.);
#2853=ORIENTED_EDGE('',*,*,#2213,.F.);
#2854=ORIENTED_EDGE('',*,*,#2218,.F.);
#2855=ORIENTED_EDGE('',*,*,#2219,.T.);
#2856=ORIENTED_EDGE('',*,*,#2220,.T.);
#2857=ORIENTED_EDGE('',*,*,#2216,.F.);
#2858=ORIENTED_EDGE('',*,*,#2221,.F.);
#2859=ORIENTED_EDGE('',*,*,#2222,.T.);
#2860=ORIENTED_EDGE('',*,*,#2223,.T.);
#2861=ORIENTED_EDGE('',*,*,#2219,.F.);
#2862=ORIENTED_EDGE('',*,*,#2224,.F.);
#2863=ORIENTED_EDGE('',*,*,#2211,.T.);
#2864=ORIENTED_EDGE('',*,*,#2225,.T.);
#2865=ORIENTED_EDGE('',*,*,#2222,.F.);
#2866=ORIENTED_EDGE('',*,*,#2225,.F.);
#2867=ORIENTED_EDGE('',*,*,#2210,.F.);
#2868=ORIENTED_EDGE('',*,*,#2214,.F.);
#2869=ORIENTED_EDGE('',*,*,#2217,.F.);
#2870=ORIENTED_EDGE('',*,*,#2220,.F.);
#2871=ORIENTED_EDGE('',*,*,#2223,.F.);
#2872=ORIENTED_EDGE('',*,*,#2226,.F.);
#2873=ORIENTED_EDGE('',*,*,#2227,.T.);
#2874=ORIENTED_EDGE('',*,*,#2173,.T.);
#2875=ORIENTED_EDGE('',*,*,#2228,.F.);
#2876=ORIENTED_EDGE('',*,*,#2181,.F.);
#2877=ORIENTED_EDGE('',*,*,#2229,.F.);
#2878=ORIENTED_EDGE('',*,*,#2150,.T.);
#2879=ORIENTED_EDGE('',*,*,#2230,.F.);
#2880=ORIENTED_EDGE('',*,*,#2187,.F.);
#2881=ORIENTED_EDGE('',*,*,#2231,.F.);
#2882=ORIENTED_EDGE('',*,*,#2232,.T.);
#2883=ORIENTED_EDGE('',*,*,#2233,.F.);
#2884=ORIENTED_EDGE('',*,*,#2234,.F.);
#2885=ORIENTED_EDGE('',*,*,#2235,.F.);
#2886=ORIENTED_EDGE('',*,*,#2236,.F.);
#2887=ORIENTED_EDGE('',*,*,#2237,.F.);
#2888=ORIENTED_EDGE('',*,*,#2238,.F.);
#2889=ORIENTED_EDGE('',*,*,#2239,.F.);
#2890=ORIENTED_EDGE('',*,*,#2240,.F.);
#2891=ORIENTED_EDGE('',*,*,#2241,.F.);
#2892=ORIENTED_EDGE('',*,*,#2242,.T.);
#2893=ORIENTED_EDGE('',*,*,#2243,.T.);
#2894=ORIENTED_EDGE('',*,*,#2244,.T.);
#2895=ORIENTED_EDGE('',*,*,#2245,.T.);
#2896=ORIENTED_EDGE('',*,*,#2246,.T.);
#2897=ORIENTED_EDGE('',*,*,#2231,.T.);
#2898=ORIENTED_EDGE('',*,*,#2247,.T.);
#2899=ORIENTED_EDGE('',*,*,#2248,.T.);
#2900=ORIENTED_EDGE('',*,*,#2249,.T.);
#2901=ORIENTED_EDGE('',*,*,#2250,.T.);
#2902=ORIENTED_EDGE('',*,*,#2251,.T.);
#2903=ORIENTED_EDGE('',*,*,#2171,.T.);
#2904=ORIENTED_EDGE('',*,*,#2101,.F.);
#2905=ORIENTED_EDGE('',*,*,#2104,.F.);
#2906=ORIENTED_EDGE('',*,*,#2106,.T.);
#2907=ORIENTED_EDGE('',*,*,#2108,.F.);
#2908=ORIENTED_EDGE('',*,*,#2110,.T.);
#2909=ORIENTED_EDGE('',*,*,#2252,.T.);
#2910=ORIENTED_EDGE('',*,*,#2184,.T.);
#2911=ORIENTED_EDGE('',*,*,#2188,.T.);
#2912=ORIENTED_EDGE('',*,*,#2230,.T.);
#2913=ORIENTED_EDGE('',*,*,#2149,.T.);
#2914=ORIENTED_EDGE('',*,*,#2176,.T.);
#2915=ORIENTED_EDGE('',*,*,#2253,.T.);
#2916=ORIENTED_EDGE('',*,*,#2121,.F.);
#2917=ORIENTED_EDGE('',*,*,#2254,.T.);
#2918=ORIENTED_EDGE('',*,*,#2255,.F.);
#2919=ORIENTED_EDGE('',*,*,#2256,.T.);
#2920=ORIENTED_EDGE('',*,*,#2257,.T.);
#2921=ORIENTED_EDGE('',*,*,#2258,.T.);
#2922=ORIENTED_EDGE('',*,*,#2178,.T.);
#2923=ORIENTED_EDGE('',*,*,#2182,.T.);
#2924=ORIENTED_EDGE('',*,*,#2228,.T.);
#2925=ORIENTED_EDGE('',*,*,#2172,.T.);
#2926=ORIENTED_EDGE('',*,*,#2168,.T.);
#2927=ORIENTED_EDGE('',*,*,#2208,.T.);
#2928=ORIENTED_EDGE('',*,*,#2224,.T.);
#2929=ORIENTED_EDGE('',*,*,#2221,.T.);
#2930=ORIENTED_EDGE('',*,*,#2218,.T.);
#2931=ORIENTED_EDGE('',*,*,#2215,.T.);
#2932=ORIENTED_EDGE('',*,*,#2212,.T.);
#2933=ORIENTED_EDGE('',*,*,#2189,.T.);
#2934=ORIENTED_EDGE('',*,*,#2205,.T.);
#2935=ORIENTED_EDGE('',*,*,#2202,.T.);
#2936=ORIENTED_EDGE('',*,*,#2199,.T.);
#2937=ORIENTED_EDGE('',*,*,#2196,.T.);
#2938=ORIENTED_EDGE('',*,*,#2193,.T.);
#2939=ORIENTED_EDGE('',*,*,#2251,.F.);
#2940=ORIENTED_EDGE('',*,*,#2259,.T.);
#2941=ORIENTED_EDGE('',*,*,#2119,.T.);
#2942=ORIENTED_EDGE('',*,*,#2259,.F.);
#2943=ORIENTED_EDGE('',*,*,#2250,.F.);
#2944=ORIENTED_EDGE('',*,*,#2260,.T.);
#2945=ORIENTED_EDGE('',*,*,#2099,.T.);
#2946=ORIENTED_EDGE('',*,*,#2260,.F.);
#2947=ORIENTED_EDGE('',*,*,#2117,.T.);
#2948=ORIENTED_EDGE('',*,*,#2261,.F.);
#2949=ORIENTED_EDGE('',*,*,#2254,.F.);
#2950=ORIENTED_EDGE('',*,*,#2120,.T.);
#2951=ORIENTED_EDGE('',*,*,#2116,.T.);
#2952=ORIENTED_EDGE('',*,*,#2262,.F.);
#2953=ORIENTED_EDGE('',*,*,#2255,.T.);
#2954=ORIENTED_EDGE('',*,*,#2261,.T.);
#2955=ORIENTED_EDGE('',*,*,#2115,.T.);
#2956=ORIENTED_EDGE('',*,*,#2263,.F.);
#2957=ORIENTED_EDGE('',*,*,#2256,.F.);
#2958=ORIENTED_EDGE('',*,*,#2262,.T.);
#2959=ORIENTED_EDGE('',*,*,#2114,.T.);
#2960=ORIENTED_EDGE('',*,*,#2264,.F.);
#2961=ORIENTED_EDGE('',*,*,#2257,.F.);
#2962=ORIENTED_EDGE('',*,*,#2263,.T.);
#2963=ORIENTED_EDGE('',*,*,#2179,.T.);
#2964=ORIENTED_EDGE('',*,*,#2258,.F.);
#2965=ORIENTED_EDGE('',*,*,#2264,.T.);
#2966=ORIENTED_EDGE('',*,*,#2113,.T.);
#2967=ORIENTED_EDGE('',*,*,#2265,.T.);
#2968=ORIENTED_EDGE('',*,*,#2163,.T.);
#2969=ORIENTED_EDGE('',*,*,#2266,.T.);
#2970=ORIENTED_EDGE('',*,*,#2164,.T.);
#2971=ORIENTED_EDGE('',*,*,#2265,.F.);
#2972=ORIENTED_EDGE('',*,*,#2112,.T.);
#2973=ORIENTED_EDGE('',*,*,#2185,.T.);
#2974=ORIENTED_EDGE('',*,*,#2252,.F.);
#2975=ORIENTED_EDGE('',*,*,#2109,.T.);
#2976=ORIENTED_EDGE('',*,*,#2098,.T.);
#2977=ORIENTED_EDGE('',*,*,#2267,.T.);
#2978=ORIENTED_EDGE('',*,*,#2132,.T.);
#2979=ORIENTED_EDGE('',*,*,#2170,.T.);
#2980=ORIENTED_EDGE('',*,*,#2133,.T.);
#2981=ORIENTED_EDGE('',*,*,#2267,.F.);
#2982=ORIENTED_EDGE('',*,*,#2097,.T.);
#2983=ORIENTED_EDGE('',*,*,#2142,.T.);
#2984=ORIENTED_EDGE('',*,*,#2268,.F.);
#2985=ORIENTED_EDGE('',*,*,#2269,.T.);
#2986=ORIENTED_EDGE('',*,*,#2138,.T.);
#2987=ORIENTED_EDGE('',*,*,#2270,.F.);
#2988=ORIENTED_EDGE('',*,*,#2128,.T.);
#2989=ORIENTED_EDGE('',*,*,#2139,.T.);
#2990=ORIENTED_EDGE('',*,*,#2269,.F.);
#2991=ORIENTED_EDGE('',*,*,#2146,.T.);
#2992=ORIENTED_EDGE('',*,*,#2271,.F.);
#2993=ORIENTED_EDGE('',*,*,#2272,.T.);
#2994=ORIENTED_EDGE('',*,*,#2159,.T.);
#2995=ORIENTED_EDGE('',*,*,#2273,.F.);
#2996=ORIENTED_EDGE('',*,*,#2157,.T.);
#2997=ORIENTED_EDGE('',*,*,#2160,.T.);
#2998=ORIENTED_EDGE('',*,*,#2272,.F.);
#2999=ORIENTED_EDGE('',*,*,#2274,.T.);
#3000=ORIENTED_EDGE('',*,*,#2275,.T.);
#3001=ORIENTED_EDGE('',*,*,#2276,.T.);
#3002=ORIENTED_EDGE('',*,*,#2277,.T.);
#3003=ORIENTED_EDGE('',*,*,#2278,.T.);
#3004=ORIENTED_EDGE('',*,*,#2279,.T.);
#3005=ORIENTED_EDGE('',*,*,#2280,.T.);
#3006=ORIENTED_EDGE('',*,*,#2281,.T.);
#3007=ORIENTED_EDGE('',*,*,#2282,.T.);
#3008=ORIENTED_EDGE('',*,*,#2283,.T.);
#3009=ORIENTED_EDGE('',*,*,#2284,.T.);
#3010=ORIENTED_EDGE('',*,*,#2285,.T.);
#3011=ORIENTED_EDGE('',*,*,#2286,.T.);
#3012=ORIENTED_EDGE('',*,*,#2287,.T.);
#3013=ORIENTED_EDGE('',*,*,#2288,.T.);
#3014=ORIENTED_EDGE('',*,*,#2289,.T.);
#3015=ORIENTED_EDGE('',*,*,#2290,.T.);
#3016=ORIENTED_EDGE('',*,*,#2291,.T.);
#3017=ORIENTED_EDGE('',*,*,#2292,.T.);
#3018=ORIENTED_EDGE('',*,*,#2293,.T.);
#3019=ORIENTED_EDGE('',*,*,#2294,.T.);
#3020=ORIENTED_EDGE('',*,*,#2295,.T.);
#3021=ORIENTED_EDGE('',*,*,#2296,.T.);
#3022=ORIENTED_EDGE('',*,*,#2297,.T.);
#3023=ORIENTED_EDGE('',*,*,#2298,.T.);
#3024=ORIENTED_EDGE('',*,*,#2299,.T.);
#3025=ORIENTED_EDGE('',*,*,#2300,.T.);
#3026=ORIENTED_EDGE('',*,*,#2301,.T.);
#3027=ORIENTED_EDGE('',*,*,#2302,.T.);
#3028=ORIENTED_EDGE('',*,*,#2303,.T.);
#3029=ORIENTED_EDGE('',*,*,#2304,.T.);
#3030=ORIENTED_EDGE('',*,*,#2305,.T.);
#3031=ORIENTED_EDGE('',*,*,#2306,.T.);
#3032=ORIENTED_EDGE('',*,*,#2307,.T.);
#3033=ORIENTED_EDGE('',*,*,#2308,.T.);
#3034=ORIENTED_EDGE('',*,*,#2309,.T.);
#3035=ORIENTED_EDGE('',*,*,#2310,.T.);
#3036=ORIENTED_EDGE('',*,*,#2311,.T.);
#3037=ORIENTED_EDGE('',*,*,#2312,.T.);
#3038=ORIENTED_EDGE('',*,*,#2313,.T.);
#3039=ORIENTED_EDGE('',*,*,#2314,.T.);
#3040=ORIENTED_EDGE('',*,*,#2315,.T.);
#3041=ORIENTED_EDGE('',*,*,#2316,.T.);
#3042=ORIENTED_EDGE('',*,*,#2317,.T.);
#3043=ORIENTED_EDGE('',*,*,#2318,.T.);
#3044=ORIENTED_EDGE('',*,*,#2319,.T.);
#3045=ORIENTED_EDGE('',*,*,#2320,.T.);
#3046=ORIENTED_EDGE('',*,*,#2321,.T.);
#3047=ORIENTED_EDGE('',*,*,#2322,.T.);
#3048=ORIENTED_EDGE('',*,*,#2323,.T.);
#3049=ORIENTED_EDGE('',*,*,#2324,.T.);
#3050=ORIENTED_EDGE('',*,*,#2325,.T.);
#3051=ORIENTED_EDGE('',*,*,#2326,.T.);
#3052=ORIENTED_EDGE('',*,*,#2327,.T.);
#3053=ORIENTED_EDGE('',*,*,#2328,.T.);
#3054=ORIENTED_EDGE('',*,*,#2329,.T.);
#3055=ORIENTED_EDGE('',*,*,#2330,.T.);
#3056=ORIENTED_EDGE('',*,*,#2331,.T.);
#3057=ORIENTED_EDGE('',*,*,#2332,.T.);
#3058=ORIENTED_EDGE('',*,*,#2333,.T.);
#3059=ORIENTED_EDGE('',*,*,#2334,.T.);
#3060=ORIENTED_EDGE('',*,*,#2335,.T.);
#3061=ORIENTED_EDGE('',*,*,#2336,.T.);
#3062=ORIENTED_EDGE('',*,*,#2337,.T.);
#3063=ORIENTED_EDGE('',*,*,#2338,.T.);
#3064=ORIENTED_EDGE('',*,*,#2339,.T.);
#3065=ORIENTED_EDGE('',*,*,#2340,.T.);
#3066=ORIENTED_EDGE('',*,*,#2341,.T.);
#3067=ORIENTED_EDGE('',*,*,#2342,.T.);
#3068=ORIENTED_EDGE('',*,*,#2343,.T.);
#3069=ORIENTED_EDGE('',*,*,#2344,.T.);
#3070=ORIENTED_EDGE('',*,*,#2345,.T.);
#3071=ORIENTED_EDGE('',*,*,#2346,.T.);
#3072=ORIENTED_EDGE('',*,*,#2347,.T.);
#3073=ORIENTED_EDGE('',*,*,#2348,.T.);
#3074=ORIENTED_EDGE('',*,*,#2349,.T.);
#3075=ORIENTED_EDGE('',*,*,#2350,.T.);
#3076=ORIENTED_EDGE('',*,*,#2351,.T.);
#3077=ORIENTED_EDGE('',*,*,#2352,.T.);
#3078=ORIENTED_EDGE('',*,*,#2353,.T.);
#3079=ORIENTED_EDGE('',*,*,#2354,.T.);
#3080=ORIENTED_EDGE('',*,*,#2355,.T.);
#3081=ORIENTED_EDGE('',*,*,#2129,.T.);
#3082=ORIENTED_EDGE('',*,*,#2270,.T.);
#3083=ORIENTED_EDGE('',*,*,#2268,.T.);
#3084=ORIENTED_EDGE('',*,*,#2141,.T.);
#3085=ORIENTED_EDGE('',*,*,#2174,.F.);
#3086=ORIENTED_EDGE('',*,*,#2227,.F.);
#3087=ORIENTED_EDGE('',*,*,#2180,.F.);
#3088=ORIENTED_EDGE('',*,*,#2154,.T.);
#3089=ORIENTED_EDGE('',*,*,#2158,.T.);
#3090=ORIENTED_EDGE('',*,*,#2273,.T.);
#3091=ORIENTED_EDGE('',*,*,#2271,.T.);
#3092=ORIENTED_EDGE('',*,*,#2145,.T.);
#3093=ORIENTED_EDGE('',*,*,#2151,.T.);
#3094=ORIENTED_EDGE('',*,*,#2229,.T.);
#3095=ORIENTED_EDGE('',*,*,#2186,.T.);
#3096=ORIENTED_EDGE('',*,*,#2125,.T.);
#3097=ORIENTED_EDGE('',*,*,#2175,.T.);
#3098=ORIENTED_EDGE('',*,*,#2165,.T.);
#3099=ORIENTED_EDGE('',*,*,#2266,.F.);
#3100=ORIENTED_EDGE('',*,*,#2111,.T.);
#3101=ORIENTED_EDGE('',*,*,#2122,.T.);
#3102=ORIENTED_EDGE('',*,*,#2253,.F.);
#3103=ORIENTED_EDGE('',*,*,#2355,.F.);
#3104=ORIENTED_EDGE('',*,*,#2356,.T.);
#3105=ORIENTED_EDGE('',*,*,#2226,.T.);
#3106=ORIENTED_EDGE('',*,*,#2356,.F.);
#3107=ORIENTED_EDGE('',*,*,#2354,.F.);
#3108=ORIENTED_EDGE('',*,*,#2357,.T.);
#3109=ORIENTED_EDGE('',*,*,#2207,.T.);
#3110=ORIENTED_EDGE('',*,*,#2357,.F.);
#3111=ORIENTED_EDGE('',*,*,#2358,.T.);
#3112=ORIENTED_EDGE('',*,*,#2359,.T.);
#3113=ORIENTED_EDGE('',*,*,#2360,.T.);
#3114=ORIENTED_EDGE('',*,*,#2361,.F.);
#3115=ORIENTED_EDGE('',*,*,#2362,.T.);
#3116=ORIENTED_EDGE('',*,*,#2361,.T.);
#3117=ORIENTED_EDGE('',*,*,#2363,.T.);
#3118=ORIENTED_EDGE('',*,*,#2364,.F.);
#3119=ORIENTED_EDGE('',*,*,#2365,.T.);
#3120=ORIENTED_EDGE('',*,*,#2364,.T.);
#3121=ORIENTED_EDGE('',*,*,#2366,.T.);
#3122=ORIENTED_EDGE('',*,*,#2367,.F.);
#3123=ORIENTED_EDGE('',*,*,#2368,.T.);
#3124=ORIENTED_EDGE('',*,*,#2367,.T.);
#3125=ORIENTED_EDGE('',*,*,#2369,.T.);
#3126=ORIENTED_EDGE('',*,*,#2370,.F.);
#3127=ORIENTED_EDGE('',*,*,#2371,.T.);
#3128=ORIENTED_EDGE('',*,*,#2370,.T.);
#3129=ORIENTED_EDGE('',*,*,#2372,.T.);
#3130=ORIENTED_EDGE('',*,*,#2373,.F.);
#3131=ORIENTED_EDGE('',*,*,#2374,.T.);
#3132=ORIENTED_EDGE('',*,*,#2373,.T.);
#3133=ORIENTED_EDGE('',*,*,#2375,.T.);
#3134=ORIENTED_EDGE('',*,*,#2376,.F.);
#3135=ORIENTED_EDGE('',*,*,#2377,.T.);
#3136=ORIENTED_EDGE('',*,*,#2376,.T.);
#3137=ORIENTED_EDGE('',*,*,#2378,.T.);
#3138=ORIENTED_EDGE('',*,*,#2379,.F.);
#3139=ORIENTED_EDGE('',*,*,#2380,.T.);
#3140=ORIENTED_EDGE('',*,*,#2379,.T.);
#3141=ORIENTED_EDGE('',*,*,#2381,.T.);
#3142=ORIENTED_EDGE('',*,*,#2382,.F.);
#3143=ORIENTED_EDGE('',*,*,#2383,.T.);
#3144=ORIENTED_EDGE('',*,*,#2382,.T.);
#3145=ORIENTED_EDGE('',*,*,#2384,.T.);
#3146=ORIENTED_EDGE('',*,*,#2385,.F.);
#3147=ORIENTED_EDGE('',*,*,#2386,.T.);
#3148=ORIENTED_EDGE('',*,*,#2385,.T.);
#3149=ORIENTED_EDGE('',*,*,#2387,.T.);
#3150=ORIENTED_EDGE('',*,*,#2388,.F.);
#3151=ORIENTED_EDGE('',*,*,#2389,.T.);
#3152=ORIENTED_EDGE('',*,*,#2388,.T.);
#3153=ORIENTED_EDGE('',*,*,#2390,.T.);
#3154=ORIENTED_EDGE('',*,*,#2391,.F.);
#3155=ORIENTED_EDGE('',*,*,#2392,.T.);
#3156=ORIENTED_EDGE('',*,*,#2391,.T.);
#3157=ORIENTED_EDGE('',*,*,#2393,.T.);
#3158=ORIENTED_EDGE('',*,*,#2394,.F.);
#3159=ORIENTED_EDGE('',*,*,#2395,.T.);
#3160=ORIENTED_EDGE('',*,*,#2394,.T.);
#3161=ORIENTED_EDGE('',*,*,#2396,.T.);
#3162=ORIENTED_EDGE('',*,*,#2397,.F.);
#3163=ORIENTED_EDGE('',*,*,#2398,.T.);
#3164=ORIENTED_EDGE('',*,*,#2397,.T.);
#3165=ORIENTED_EDGE('',*,*,#2399,.T.);
#3166=ORIENTED_EDGE('',*,*,#2400,.F.);
#3167=ORIENTED_EDGE('',*,*,#2401,.T.);
#3168=ORIENTED_EDGE('',*,*,#2400,.T.);
#3169=ORIENTED_EDGE('',*,*,#2402,.T.);
#3170=ORIENTED_EDGE('',*,*,#2403,.F.);
#3171=ORIENTED_EDGE('',*,*,#2404,.T.);
#3172=ORIENTED_EDGE('',*,*,#2403,.T.);
#3173=ORIENTED_EDGE('',*,*,#2405,.T.);
#3174=ORIENTED_EDGE('',*,*,#2406,.F.);
#3175=ORIENTED_EDGE('',*,*,#2407,.T.);
#3176=ORIENTED_EDGE('',*,*,#2406,.T.);
#3177=ORIENTED_EDGE('',*,*,#2408,.T.);
#3178=ORIENTED_EDGE('',*,*,#2409,.F.);
#3179=ORIENTED_EDGE('',*,*,#2410,.T.);
#3180=ORIENTED_EDGE('',*,*,#2409,.T.);
#3181=ORIENTED_EDGE('',*,*,#2411,.T.);
#3182=ORIENTED_EDGE('',*,*,#2412,.F.);
#3183=ORIENTED_EDGE('',*,*,#2413,.T.);
#3184=ORIENTED_EDGE('',*,*,#2412,.T.);
#3185=ORIENTED_EDGE('',*,*,#2414,.T.);
#3186=ORIENTED_EDGE('',*,*,#2415,.F.);
#3187=ORIENTED_EDGE('',*,*,#2416,.T.);
#3188=ORIENTED_EDGE('',*,*,#2415,.T.);
#3189=ORIENTED_EDGE('',*,*,#2417,.T.);
#3190=ORIENTED_EDGE('',*,*,#2418,.F.);
#3191=ORIENTED_EDGE('',*,*,#2419,.T.);
#3192=ORIENTED_EDGE('',*,*,#2418,.T.);
#3193=ORIENTED_EDGE('',*,*,#2420,.T.);
#3194=ORIENTED_EDGE('',*,*,#2421,.F.);
#3195=ORIENTED_EDGE('',*,*,#2422,.T.);
#3196=ORIENTED_EDGE('',*,*,#2421,.T.);
#3197=ORIENTED_EDGE('',*,*,#2423,.T.);
#3198=ORIENTED_EDGE('',*,*,#2424,.F.);
#3199=ORIENTED_EDGE('',*,*,#2425,.T.);
#3200=ORIENTED_EDGE('',*,*,#2424,.T.);
#3201=ORIENTED_EDGE('',*,*,#2426,.T.);
#3202=ORIENTED_EDGE('',*,*,#2427,.F.);
#3203=ORIENTED_EDGE('',*,*,#2428,.T.);
#3204=ORIENTED_EDGE('',*,*,#2427,.T.);
#3205=ORIENTED_EDGE('',*,*,#2429,.T.);
#3206=ORIENTED_EDGE('',*,*,#2430,.F.);
#3207=ORIENTED_EDGE('',*,*,#2431,.T.);
#3208=ORIENTED_EDGE('',*,*,#2430,.T.);
#3209=ORIENTED_EDGE('',*,*,#2432,.T.);
#3210=ORIENTED_EDGE('',*,*,#2433,.F.);
#3211=ORIENTED_EDGE('',*,*,#2434,.T.);
#3212=ORIENTED_EDGE('',*,*,#2433,.T.);
#3213=ORIENTED_EDGE('',*,*,#2435,.T.);
#3214=ORIENTED_EDGE('',*,*,#2436,.F.);
#3215=ORIENTED_EDGE('',*,*,#2437,.T.);
#3216=ORIENTED_EDGE('',*,*,#2436,.T.);
#3217=ORIENTED_EDGE('',*,*,#2438,.T.);
#3218=ORIENTED_EDGE('',*,*,#2439,.F.);
#3219=ORIENTED_EDGE('',*,*,#2440,.T.);
#3220=ORIENTED_EDGE('',*,*,#2439,.T.);
#3221=ORIENTED_EDGE('',*,*,#2441,.T.);
#3222=ORIENTED_EDGE('',*,*,#2442,.F.);
#3223=ORIENTED_EDGE('',*,*,#2443,.T.);
#3224=ORIENTED_EDGE('',*,*,#2442,.T.);
#3225=ORIENTED_EDGE('',*,*,#2444,.T.);
#3226=ORIENTED_EDGE('',*,*,#2445,.F.);
#3227=ORIENTED_EDGE('',*,*,#2446,.T.);
#3228=ORIENTED_EDGE('',*,*,#2445,.T.);
#3229=ORIENTED_EDGE('',*,*,#2447,.T.);
#3230=ORIENTED_EDGE('',*,*,#2448,.F.);
#3231=ORIENTED_EDGE('',*,*,#2449,.T.);
#3232=ORIENTED_EDGE('',*,*,#2448,.T.);
#3233=ORIENTED_EDGE('',*,*,#2450,.T.);
#3234=ORIENTED_EDGE('',*,*,#2451,.F.);
#3235=ORIENTED_EDGE('',*,*,#2452,.T.);
#3236=ORIENTED_EDGE('',*,*,#2451,.T.);
#3237=ORIENTED_EDGE('',*,*,#2453,.T.);
#3238=ORIENTED_EDGE('',*,*,#2454,.F.);
#3239=ORIENTED_EDGE('',*,*,#2455,.T.);
#3240=ORIENTED_EDGE('',*,*,#2454,.T.);
#3241=ORIENTED_EDGE('',*,*,#2456,.T.);
#3242=ORIENTED_EDGE('',*,*,#2457,.F.);
#3243=ORIENTED_EDGE('',*,*,#2458,.T.);
#3244=ORIENTED_EDGE('',*,*,#2457,.T.);
#3245=ORIENTED_EDGE('',*,*,#2459,.T.);
#3246=ORIENTED_EDGE('',*,*,#2460,.F.);
#3247=ORIENTED_EDGE('',*,*,#2461,.T.);
#3248=ORIENTED_EDGE('',*,*,#2460,.T.);
#3249=ORIENTED_EDGE('',*,*,#2462,.T.);
#3250=ORIENTED_EDGE('',*,*,#2463,.F.);
#3251=ORIENTED_EDGE('',*,*,#2464,.T.);
#3252=ORIENTED_EDGE('',*,*,#2463,.T.);
#3253=ORIENTED_EDGE('',*,*,#2465,.T.);
#3254=ORIENTED_EDGE('',*,*,#2466,.F.);
#3255=ORIENTED_EDGE('',*,*,#2467,.T.);
#3256=ORIENTED_EDGE('',*,*,#2466,.T.);
#3257=ORIENTED_EDGE('',*,*,#2468,.T.);
#3258=ORIENTED_EDGE('',*,*,#2469,.F.);
#3259=ORIENTED_EDGE('',*,*,#2470,.T.);
#3260=ORIENTED_EDGE('',*,*,#2469,.T.);
#3261=ORIENTED_EDGE('',*,*,#2471,.T.);
#3262=ORIENTED_EDGE('',*,*,#2472,.F.);
#3263=ORIENTED_EDGE('',*,*,#2473,.T.);
#3264=ORIENTED_EDGE('',*,*,#2472,.T.);
#3265=ORIENTED_EDGE('',*,*,#2474,.T.);
#3266=ORIENTED_EDGE('',*,*,#2475,.F.);
#3267=ORIENTED_EDGE('',*,*,#2476,.T.);
#3268=ORIENTED_EDGE('',*,*,#2475,.T.);
#3269=ORIENTED_EDGE('',*,*,#2477,.T.);
#3270=ORIENTED_EDGE('',*,*,#2478,.F.);
#3271=ORIENTED_EDGE('',*,*,#2479,.T.);
#3272=ORIENTED_EDGE('',*,*,#2478,.T.);
#3273=ORIENTED_EDGE('',*,*,#2480,.T.);
#3274=ORIENTED_EDGE('',*,*,#2481,.F.);
#3275=ORIENTED_EDGE('',*,*,#2482,.T.);
#3276=ORIENTED_EDGE('',*,*,#2481,.T.);
#3277=ORIENTED_EDGE('',*,*,#2483,.T.);
#3278=ORIENTED_EDGE('',*,*,#2484,.F.);
#3279=ORIENTED_EDGE('',*,*,#2485,.T.);
#3280=ORIENTED_EDGE('',*,*,#2484,.T.);
#3281=ORIENTED_EDGE('',*,*,#2486,.T.);
#3282=ORIENTED_EDGE('',*,*,#2487,.F.);
#3283=ORIENTED_EDGE('',*,*,#2488,.T.);
#3284=ORIENTED_EDGE('',*,*,#2487,.T.);
#3285=ORIENTED_EDGE('',*,*,#2489,.T.);
#3286=ORIENTED_EDGE('',*,*,#2490,.F.);
#3287=ORIENTED_EDGE('',*,*,#2491,.T.);
#3288=ORIENTED_EDGE('',*,*,#2490,.T.);
#3289=ORIENTED_EDGE('',*,*,#2492,.T.);
#3290=ORIENTED_EDGE('',*,*,#2493,.F.);
#3291=ORIENTED_EDGE('',*,*,#2494,.T.);
#3292=ORIENTED_EDGE('',*,*,#2493,.T.);
#3293=ORIENTED_EDGE('',*,*,#2495,.T.);
#3294=ORIENTED_EDGE('',*,*,#2496,.F.);
#3295=ORIENTED_EDGE('',*,*,#2497,.T.);
#3296=ORIENTED_EDGE('',*,*,#2496,.T.);
#3297=ORIENTED_EDGE('',*,*,#2498,.T.);
#3298=ORIENTED_EDGE('',*,*,#2499,.F.);
#3299=ORIENTED_EDGE('',*,*,#2500,.T.);
#3300=ORIENTED_EDGE('',*,*,#2499,.T.);
#3301=ORIENTED_EDGE('',*,*,#2501,.T.);
#3302=ORIENTED_EDGE('',*,*,#2502,.F.);
#3303=ORIENTED_EDGE('',*,*,#2503,.T.);
#3304=ORIENTED_EDGE('',*,*,#2502,.T.);
#3305=ORIENTED_EDGE('',*,*,#2504,.T.);
#3306=ORIENTED_EDGE('',*,*,#2505,.F.);
#3307=ORIENTED_EDGE('',*,*,#2506,.T.);
#3308=ORIENTED_EDGE('',*,*,#2505,.T.);
#3309=ORIENTED_EDGE('',*,*,#2507,.T.);
#3310=ORIENTED_EDGE('',*,*,#2508,.F.);
#3311=ORIENTED_EDGE('',*,*,#2509,.T.);
#3312=ORIENTED_EDGE('',*,*,#2508,.T.);
#3313=ORIENTED_EDGE('',*,*,#2510,.T.);
#3314=ORIENTED_EDGE('',*,*,#2511,.F.);
#3315=ORIENTED_EDGE('',*,*,#2512,.T.);
#3316=ORIENTED_EDGE('',*,*,#2511,.T.);
#3317=ORIENTED_EDGE('',*,*,#2513,.T.);
#3318=ORIENTED_EDGE('',*,*,#2514,.F.);
#3319=ORIENTED_EDGE('',*,*,#2515,.T.);
#3320=ORIENTED_EDGE('',*,*,#2514,.T.);
#3321=ORIENTED_EDGE('',*,*,#2516,.T.);
#3322=ORIENTED_EDGE('',*,*,#2517,.F.);
#3323=ORIENTED_EDGE('',*,*,#2518,.T.);
#3324=ORIENTED_EDGE('',*,*,#2517,.T.);
#3325=ORIENTED_EDGE('',*,*,#2519,.T.);
#3326=ORIENTED_EDGE('',*,*,#2520,.F.);
#3327=ORIENTED_EDGE('',*,*,#2521,.T.);
#3328=ORIENTED_EDGE('',*,*,#2520,.T.);
#3329=ORIENTED_EDGE('',*,*,#2522,.T.);
#3330=ORIENTED_EDGE('',*,*,#2523,.F.);
#3331=ORIENTED_EDGE('',*,*,#2524,.T.);
#3332=ORIENTED_EDGE('',*,*,#2523,.T.);
#3333=ORIENTED_EDGE('',*,*,#2525,.T.);
#3334=ORIENTED_EDGE('',*,*,#2526,.F.);
#3335=ORIENTED_EDGE('',*,*,#2527,.T.);
#3336=ORIENTED_EDGE('',*,*,#2526,.T.);
#3337=ORIENTED_EDGE('',*,*,#2528,.T.);
#3338=ORIENTED_EDGE('',*,*,#2529,.F.);
#3339=ORIENTED_EDGE('',*,*,#2530,.T.);
#3340=ORIENTED_EDGE('',*,*,#2529,.T.);
#3341=ORIENTED_EDGE('',*,*,#2531,.T.);
#3342=ORIENTED_EDGE('',*,*,#2532,.F.);
#3343=ORIENTED_EDGE('',*,*,#2533,.T.);
#3344=ORIENTED_EDGE('',*,*,#2532,.T.);
#3345=ORIENTED_EDGE('',*,*,#2534,.T.);
#3346=ORIENTED_EDGE('',*,*,#2535,.F.);
#3347=ORIENTED_EDGE('',*,*,#2536,.T.);
#3348=ORIENTED_EDGE('',*,*,#2535,.T.);
#3349=ORIENTED_EDGE('',*,*,#2537,.T.);
#3350=ORIENTED_EDGE('',*,*,#2538,.F.);
#3351=ORIENTED_EDGE('',*,*,#2539,.T.);
#3352=ORIENTED_EDGE('',*,*,#2538,.T.);
#3353=ORIENTED_EDGE('',*,*,#2540,.T.);
#3354=ORIENTED_EDGE('',*,*,#2541,.F.);
#3355=ORIENTED_EDGE('',*,*,#2542,.T.);
#3356=ORIENTED_EDGE('',*,*,#2541,.T.);
#3357=ORIENTED_EDGE('',*,*,#2543,.T.);
#3358=ORIENTED_EDGE('',*,*,#2544,.F.);
#3359=ORIENTED_EDGE('',*,*,#2545,.T.);
#3360=ORIENTED_EDGE('',*,*,#2544,.T.);
#3361=ORIENTED_EDGE('',*,*,#2546,.T.);
#3362=ORIENTED_EDGE('',*,*,#2547,.F.);
#3363=ORIENTED_EDGE('',*,*,#2548,.T.);
#3364=ORIENTED_EDGE('',*,*,#2547,.T.);
#3365=ORIENTED_EDGE('',*,*,#2549,.T.);
#3366=ORIENTED_EDGE('',*,*,#2550,.F.);
#3367=ORIENTED_EDGE('',*,*,#2551,.T.);
#3368=ORIENTED_EDGE('',*,*,#2550,.T.);
#3369=ORIENTED_EDGE('',*,*,#2552,.T.);
#3370=ORIENTED_EDGE('',*,*,#2553,.F.);
#3371=ORIENTED_EDGE('',*,*,#2554,.T.);
#3372=ORIENTED_EDGE('',*,*,#2553,.T.);
#3373=ORIENTED_EDGE('',*,*,#2555,.T.);
#3374=ORIENTED_EDGE('',*,*,#2556,.F.);
#3375=ORIENTED_EDGE('',*,*,#2557,.T.);
#3376=ORIENTED_EDGE('',*,*,#2556,.T.);
#3377=ORIENTED_EDGE('',*,*,#2558,.T.);
#3378=ORIENTED_EDGE('',*,*,#2559,.F.);
#3379=ORIENTED_EDGE('',*,*,#2560,.T.);
#3380=ORIENTED_EDGE('',*,*,#2559,.T.);
#3381=ORIENTED_EDGE('',*,*,#2561,.T.);
#3382=ORIENTED_EDGE('',*,*,#2562,.F.);
#3383=ORIENTED_EDGE('',*,*,#2563,.T.);
#3384=ORIENTED_EDGE('',*,*,#2562,.T.);
#3385=ORIENTED_EDGE('',*,*,#2564,.T.);
#3386=ORIENTED_EDGE('',*,*,#2565,.F.);
#3387=ORIENTED_EDGE('',*,*,#2566,.T.);
#3388=ORIENTED_EDGE('',*,*,#2565,.T.);
#3389=ORIENTED_EDGE('',*,*,#2567,.T.);
#3390=ORIENTED_EDGE('',*,*,#2568,.F.);
#3391=ORIENTED_EDGE('',*,*,#2569,.T.);
#3392=ORIENTED_EDGE('',*,*,#2568,.T.);
#3393=ORIENTED_EDGE('',*,*,#2570,.T.);
#3394=ORIENTED_EDGE('',*,*,#2571,.F.);
#3395=ORIENTED_EDGE('',*,*,#2572,.T.);
#3396=ORIENTED_EDGE('',*,*,#2571,.T.);
#3397=ORIENTED_EDGE('',*,*,#2241,.T.);
#3398=ORIENTED_EDGE('',*,*,#2573,.F.);
#3399=ORIENTED_EDGE('',*,*,#2574,.T.);
#3400=ORIENTED_EDGE('',*,*,#2573,.T.);
#3401=ORIENTED_EDGE('',*,*,#2240,.T.);
#3402=ORIENTED_EDGE('',*,*,#2575,.F.);
#3403=ORIENTED_EDGE('',*,*,#2576,.T.);
#3404=ORIENTED_EDGE('',*,*,#2575,.T.);
#3405=ORIENTED_EDGE('',*,*,#2239,.T.);
#3406=ORIENTED_EDGE('',*,*,#2577,.F.);
#3407=ORIENTED_EDGE('',*,*,#2578,.T.);
#3408=ORIENTED_EDGE('',*,*,#2577,.T.);
#3409=ORIENTED_EDGE('',*,*,#2238,.T.);
#3410=ORIENTED_EDGE('',*,*,#2579,.F.);
#3411=ORIENTED_EDGE('',*,*,#2580,.T.);
#3412=ORIENTED_EDGE('',*,*,#2579,.T.);
#3413=ORIENTED_EDGE('',*,*,#2237,.T.);
#3414=ORIENTED_EDGE('',*,*,#2581,.F.);
#3415=ORIENTED_EDGE('',*,*,#2582,.T.);
#3416=ORIENTED_EDGE('',*,*,#2581,.T.);
#3417=ORIENTED_EDGE('',*,*,#2236,.T.);
#3418=ORIENTED_EDGE('',*,*,#2583,.F.);
#3419=ORIENTED_EDGE('',*,*,#2584,.T.);
#3420=ORIENTED_EDGE('',*,*,#2583,.T.);
#3421=ORIENTED_EDGE('',*,*,#2235,.T.);
#3422=ORIENTED_EDGE('',*,*,#2585,.F.);
#3423=ORIENTED_EDGE('',*,*,#2586,.T.);
#3424=ORIENTED_EDGE('',*,*,#2585,.T.);
#3425=ORIENTED_EDGE('',*,*,#2234,.T.);
#3426=ORIENTED_EDGE('',*,*,#2587,.F.);
#3427=ORIENTED_EDGE('',*,*,#2588,.T.);
#3428=ORIENTED_EDGE('',*,*,#2587,.T.);
#3429=ORIENTED_EDGE('',*,*,#2233,.T.);
#3430=ORIENTED_EDGE('',*,*,#2359,.F.);
#3431=ORIENTED_EDGE('',*,*,#2242,.F.);
#3432=ORIENTED_EDGE('',*,*,#2570,.F.);
#3433=ORIENTED_EDGE('',*,*,#2567,.F.);
#3434=ORIENTED_EDGE('',*,*,#2564,.F.);
#3435=ORIENTED_EDGE('',*,*,#2561,.F.);
#3436=ORIENTED_EDGE('',*,*,#2558,.F.);
#3437=ORIENTED_EDGE('',*,*,#2555,.F.);
#3438=ORIENTED_EDGE('',*,*,#2552,.F.);
#3439=ORIENTED_EDGE('',*,*,#2549,.F.);
#3440=ORIENTED_EDGE('',*,*,#2546,.F.);
#3441=ORIENTED_EDGE('',*,*,#2543,.F.);
#3442=ORIENTED_EDGE('',*,*,#2540,.F.);
#3443=ORIENTED_EDGE('',*,*,#2537,.F.);
#3444=ORIENTED_EDGE('',*,*,#2534,.F.);
#3445=ORIENTED_EDGE('',*,*,#2531,.F.);
#3446=ORIENTED_EDGE('',*,*,#2528,.F.);
#3447=ORIENTED_EDGE('',*,*,#2589,.T.);
#3448=ORIENTED_EDGE('',*,*,#2247,.F.);
#3449=ORIENTED_EDGE('',*,*,#2513,.F.);
#3450=ORIENTED_EDGE('',*,*,#2590,.T.);
#3451=ORIENTED_EDGE('',*,*,#2248,.F.);
#3452=ORIENTED_EDGE('',*,*,#2589,.F.);
#3453=ORIENTED_EDGE('',*,*,#2525,.F.);
#3454=ORIENTED_EDGE('',*,*,#2522,.F.);
#3455=ORIENTED_EDGE('',*,*,#2519,.F.);
#3456=ORIENTED_EDGE('',*,*,#2516,.F.);
#3457=ORIENTED_EDGE('',*,*,#2590,.F.);
#3458=ORIENTED_EDGE('',*,*,#2510,.F.);
#3459=ORIENTED_EDGE('',*,*,#2507,.F.);
#3460=ORIENTED_EDGE('',*,*,#2504,.F.);
#3461=ORIENTED_EDGE('',*,*,#2501,.F.);
#3462=ORIENTED_EDGE('',*,*,#2498,.F.);
#3463=ORIENTED_EDGE('',*,*,#2495,.F.);
#3464=ORIENTED_EDGE('',*,*,#2492,.F.);
#3465=ORIENTED_EDGE('',*,*,#2489,.F.);
#3466=ORIENTED_EDGE('',*,*,#2486,.F.);
#3467=ORIENTED_EDGE('',*,*,#2483,.F.);
#3468=ORIENTED_EDGE('',*,*,#2480,.F.);
#3469=ORIENTED_EDGE('',*,*,#2477,.F.);
#3470=ORIENTED_EDGE('',*,*,#2474,.F.);
#3471=ORIENTED_EDGE('',*,*,#2471,.F.);
#3472=ORIENTED_EDGE('',*,*,#2468,.F.);
#3473=ORIENTED_EDGE('',*,*,#2591,.T.);
#3474=ORIENTED_EDGE('',*,*,#2249,.F.);
#3475=ORIENTED_EDGE('',*,*,#2453,.F.);
#3476=ORIENTED_EDGE('',*,*,#2592,.T.);
#3477=ORIENTED_EDGE('',*,*,#2243,.F.);
#3478=ORIENTED_EDGE('',*,*,#2591,.F.);
#3479=ORIENTED_EDGE('',*,*,#2465,.F.);
#3480=ORIENTED_EDGE('',*,*,#2462,.F.);
#3481=ORIENTED_EDGE('',*,*,#2459,.F.);
#3482=ORIENTED_EDGE('',*,*,#2456,.F.);
#3483=ORIENTED_EDGE('',*,*,#2592,.F.);
#3484=ORIENTED_EDGE('',*,*,#2450,.F.);
#3485=ORIENTED_EDGE('',*,*,#2447,.F.);
#3486=ORIENTED_EDGE('',*,*,#2444,.F.);
#3487=ORIENTED_EDGE('',*,*,#2441,.F.);
#3488=ORIENTED_EDGE('',*,*,#2438,.F.);
#3489=ORIENTED_EDGE('',*,*,#2435,.F.);
#3490=ORIENTED_EDGE('',*,*,#2432,.F.);
#3491=ORIENTED_EDGE('',*,*,#2429,.F.);
#3492=ORIENTED_EDGE('',*,*,#2426,.F.);
#3493=ORIENTED_EDGE('',*,*,#2423,.F.);
#3494=ORIENTED_EDGE('',*,*,#2420,.F.);
#3495=ORIENTED_EDGE('',*,*,#2417,.F.);
#3496=ORIENTED_EDGE('',*,*,#2414,.F.);
#3497=ORIENTED_EDGE('',*,*,#2411,.F.);
#3498=ORIENTED_EDGE('',*,*,#2408,.F.);
#3499=ORIENTED_EDGE('',*,*,#2593,.T.);
#3500=ORIENTED_EDGE('',*,*,#2244,.F.);
#3501=ORIENTED_EDGE('',*,*,#2393,.F.);
#3502=ORIENTED_EDGE('',*,*,#2594,.T.);
#3503=ORIENTED_EDGE('',*,*,#2245,.F.);
#3504=ORIENTED_EDGE('',*,*,#2593,.F.);
#3505=ORIENTED_EDGE('',*,*,#2405,.F.);
#3506=ORIENTED_EDGE('',*,*,#2402,.F.);
#3507=ORIENTED_EDGE('',*,*,#2399,.F.);
#3508=ORIENTED_EDGE('',*,*,#2396,.F.);
#3509=ORIENTED_EDGE('',*,*,#2594,.F.);
#3510=ORIENTED_EDGE('',*,*,#2390,.F.);
#3511=ORIENTED_EDGE('',*,*,#2387,.F.);
#3512=ORIENTED_EDGE('',*,*,#2384,.F.);
#3513=ORIENTED_EDGE('',*,*,#2381,.F.);
#3514=ORIENTED_EDGE('',*,*,#2378,.F.);
#3515=ORIENTED_EDGE('',*,*,#2375,.F.);
#3516=ORIENTED_EDGE('',*,*,#2372,.F.);
#3517=ORIENTED_EDGE('',*,*,#2369,.F.);
#3518=ORIENTED_EDGE('',*,*,#2366,.F.);
#3519=ORIENTED_EDGE('',*,*,#2363,.F.);
#3520=ORIENTED_EDGE('',*,*,#2360,.F.);
#3521=ORIENTED_EDGE('',*,*,#2232,.F.);
#3522=ORIENTED_EDGE('',*,*,#2246,.F.);
#3523=ORIENTED_EDGE('',*,*,#2595,.F.);
#3524=ORIENTED_EDGE('',*,*,#2358,.F.);
#3525=ORIENTED_EDGE('',*,*,#2596,.F.);
#3526=ORIENTED_EDGE('',*,*,#2275,.F.);
#3527=ORIENTED_EDGE('',*,*,#2596,.T.);
#3528=ORIENTED_EDGE('',*,*,#2362,.F.);
#3529=ORIENTED_EDGE('',*,*,#2597,.F.);
#3530=ORIENTED_EDGE('',*,*,#2276,.F.);
#3531=ORIENTED_EDGE('',*,*,#2597,.T.);
#3532=ORIENTED_EDGE('',*,*,#2365,.F.);
#3533=ORIENTED_EDGE('',*,*,#2598,.F.);
#3534=ORIENTED_EDGE('',*,*,#2277,.F.);
#3535=ORIENTED_EDGE('',*,*,#2598,.T.);
#3536=ORIENTED_EDGE('',*,*,#2368,.F.);
#3537=ORIENTED_EDGE('',*,*,#2599,.F.);
#3538=ORIENTED_EDGE('',*,*,#2278,.F.);
#3539=ORIENTED_EDGE('',*,*,#2599,.T.);
#3540=ORIENTED_EDGE('',*,*,#2371,.F.);
#3541=ORIENTED_EDGE('',*,*,#2600,.F.);
#3542=ORIENTED_EDGE('',*,*,#2279,.F.);
#3543=ORIENTED_EDGE('',*,*,#2600,.T.);
#3544=ORIENTED_EDGE('',*,*,#2374,.F.);
#3545=ORIENTED_EDGE('',*,*,#2601,.F.);
#3546=ORIENTED_EDGE('',*,*,#2280,.F.);
#3547=ORIENTED_EDGE('',*,*,#2601,.T.);
#3548=ORIENTED_EDGE('',*,*,#2377,.F.);
#3549=ORIENTED_EDGE('',*,*,#2602,.F.);
#3550=ORIENTED_EDGE('',*,*,#2281,.F.);
#3551=ORIENTED_EDGE('',*,*,#2602,.T.);
#3552=ORIENTED_EDGE('',*,*,#2380,.F.);
#3553=ORIENTED_EDGE('',*,*,#2603,.F.);
#3554=ORIENTED_EDGE('',*,*,#2282,.F.);
#3555=ORIENTED_EDGE('',*,*,#2603,.T.);
#3556=ORIENTED_EDGE('',*,*,#2383,.F.);
#3557=ORIENTED_EDGE('',*,*,#2604,.F.);
#3558=ORIENTED_EDGE('',*,*,#2283,.F.);
#3559=ORIENTED_EDGE('',*,*,#2604,.T.);
#3560=ORIENTED_EDGE('',*,*,#2386,.F.);
#3561=ORIENTED_EDGE('',*,*,#2605,.F.);
#3562=ORIENTED_EDGE('',*,*,#2284,.F.);
#3563=ORIENTED_EDGE('',*,*,#2605,.T.);
#3564=ORIENTED_EDGE('',*,*,#2389,.F.);
#3565=ORIENTED_EDGE('',*,*,#2606,.F.);
#3566=ORIENTED_EDGE('',*,*,#2285,.F.);
#3567=ORIENTED_EDGE('',*,*,#2606,.T.);
#3568=ORIENTED_EDGE('',*,*,#2392,.F.);
#3569=ORIENTED_EDGE('',*,*,#2607,.F.);
#3570=ORIENTED_EDGE('',*,*,#2286,.F.);
#3571=ORIENTED_EDGE('',*,*,#2607,.T.);
#3572=ORIENTED_EDGE('',*,*,#2395,.F.);
#3573=ORIENTED_EDGE('',*,*,#2608,.F.);
#3574=ORIENTED_EDGE('',*,*,#2287,.F.);
#3575=ORIENTED_EDGE('',*,*,#2608,.T.);
#3576=ORIENTED_EDGE('',*,*,#2398,.F.);
#3577=ORIENTED_EDGE('',*,*,#2609,.F.);
#3578=ORIENTED_EDGE('',*,*,#2288,.F.);
#3579=ORIENTED_EDGE('',*,*,#2609,.T.);
#3580=ORIENTED_EDGE('',*,*,#2401,.F.);
#3581=ORIENTED_EDGE('',*,*,#2610,.F.);
#3582=ORIENTED_EDGE('',*,*,#2289,.F.);
#3583=ORIENTED_EDGE('',*,*,#2610,.T.);
#3584=ORIENTED_EDGE('',*,*,#2404,.F.);
#3585=ORIENTED_EDGE('',*,*,#2611,.F.);
#3586=ORIENTED_EDGE('',*,*,#2290,.F.);
#3587=ORIENTED_EDGE('',*,*,#2611,.T.);
#3588=ORIENTED_EDGE('',*,*,#2407,.F.);
#3589=ORIENTED_EDGE('',*,*,#2612,.F.);
#3590=ORIENTED_EDGE('',*,*,#2291,.F.);
#3591=ORIENTED_EDGE('',*,*,#2612,.T.);
#3592=ORIENTED_EDGE('',*,*,#2410,.F.);
#3593=ORIENTED_EDGE('',*,*,#2613,.F.);
#3594=ORIENTED_EDGE('',*,*,#2292,.F.);
#3595=ORIENTED_EDGE('',*,*,#2613,.T.);
#3596=ORIENTED_EDGE('',*,*,#2413,.F.);
#3597=ORIENTED_EDGE('',*,*,#2614,.F.);
#3598=ORIENTED_EDGE('',*,*,#2293,.F.);
#3599=ORIENTED_EDGE('',*,*,#2614,.T.);
#3600=ORIENTED_EDGE('',*,*,#2416,.F.);
#3601=ORIENTED_EDGE('',*,*,#2615,.F.);
#3602=ORIENTED_EDGE('',*,*,#2294,.F.);
#3603=ORIENTED_EDGE('',*,*,#2615,.T.);
#3604=ORIENTED_EDGE('',*,*,#2419,.F.);
#3605=ORIENTED_EDGE('',*,*,#2616,.F.);
#3606=ORIENTED_EDGE('',*,*,#2295,.F.);
#3607=ORIENTED_EDGE('',*,*,#2616,.T.);
#3608=ORIENTED_EDGE('',*,*,#2422,.F.);
#3609=ORIENTED_EDGE('',*,*,#2617,.F.);
#3610=ORIENTED_EDGE('',*,*,#2296,.F.);
#3611=ORIENTED_EDGE('',*,*,#2617,.T.);
#3612=ORIENTED_EDGE('',*,*,#2425,.F.);
#3613=ORIENTED_EDGE('',*,*,#2618,.F.);
#3614=ORIENTED_EDGE('',*,*,#2297,.F.);
#3615=ORIENTED_EDGE('',*,*,#2618,.T.);
#3616=ORIENTED_EDGE('',*,*,#2428,.F.);
#3617=ORIENTED_EDGE('',*,*,#2619,.F.);
#3618=ORIENTED_EDGE('',*,*,#2298,.F.);
#3619=ORIENTED_EDGE('',*,*,#2619,.T.);
#3620=ORIENTED_EDGE('',*,*,#2431,.F.);
#3621=ORIENTED_EDGE('',*,*,#2620,.F.);
#3622=ORIENTED_EDGE('',*,*,#2299,.F.);
#3623=ORIENTED_EDGE('',*,*,#2620,.T.);
#3624=ORIENTED_EDGE('',*,*,#2434,.F.);
#3625=ORIENTED_EDGE('',*,*,#2621,.F.);
#3626=ORIENTED_EDGE('',*,*,#2300,.F.);
#3627=ORIENTED_EDGE('',*,*,#2621,.T.);
#3628=ORIENTED_EDGE('',*,*,#2437,.F.);
#3629=ORIENTED_EDGE('',*,*,#2622,.F.);
#3630=ORIENTED_EDGE('',*,*,#2301,.F.);
#3631=ORIENTED_EDGE('',*,*,#2622,.T.);
#3632=ORIENTED_EDGE('',*,*,#2440,.F.);
#3633=ORIENTED_EDGE('',*,*,#2623,.F.);
#3634=ORIENTED_EDGE('',*,*,#2302,.F.);
#3635=ORIENTED_EDGE('',*,*,#2623,.T.);
#3636=ORIENTED_EDGE('',*,*,#2443,.F.);
#3637=ORIENTED_EDGE('',*,*,#2624,.F.);
#3638=ORIENTED_EDGE('',*,*,#2303,.F.);
#3639=ORIENTED_EDGE('',*,*,#2624,.T.);
#3640=ORIENTED_EDGE('',*,*,#2446,.F.);
#3641=ORIENTED_EDGE('',*,*,#2625,.F.);
#3642=ORIENTED_EDGE('',*,*,#2304,.F.);
#3643=ORIENTED_EDGE('',*,*,#2625,.T.);
#3644=ORIENTED_EDGE('',*,*,#2449,.F.);
#3645=ORIENTED_EDGE('',*,*,#2626,.F.);
#3646=ORIENTED_EDGE('',*,*,#2305,.F.);
#3647=ORIENTED_EDGE('',*,*,#2626,.T.);
#3648=ORIENTED_EDGE('',*,*,#2452,.F.);
#3649=ORIENTED_EDGE('',*,*,#2627,.F.);
#3650=ORIENTED_EDGE('',*,*,#2306,.F.);
#3651=ORIENTED_EDGE('',*,*,#2627,.T.);
#3652=ORIENTED_EDGE('',*,*,#2455,.F.);
#3653=ORIENTED_EDGE('',*,*,#2628,.F.);
#3654=ORIENTED_EDGE('',*,*,#2307,.F.);
#3655=ORIENTED_EDGE('',*,*,#2628,.T.);
#3656=ORIENTED_EDGE('',*,*,#2458,.F.);
#3657=ORIENTED_EDGE('',*,*,#2629,.F.);
#3658=ORIENTED_EDGE('',*,*,#2308,.F.);
#3659=ORIENTED_EDGE('',*,*,#2629,.T.);
#3660=ORIENTED_EDGE('',*,*,#2461,.F.);
#3661=ORIENTED_EDGE('',*,*,#2630,.F.);
#3662=ORIENTED_EDGE('',*,*,#2309,.F.);
#3663=ORIENTED_EDGE('',*,*,#2630,.T.);
#3664=ORIENTED_EDGE('',*,*,#2464,.F.);
#3665=ORIENTED_EDGE('',*,*,#2631,.F.);
#3666=ORIENTED_EDGE('',*,*,#2310,.F.);
#3667=ORIENTED_EDGE('',*,*,#2631,.T.);
#3668=ORIENTED_EDGE('',*,*,#2467,.F.);
#3669=ORIENTED_EDGE('',*,*,#2632,.F.);
#3670=ORIENTED_EDGE('',*,*,#2311,.F.);
#3671=ORIENTED_EDGE('',*,*,#2632,.T.);
#3672=ORIENTED_EDGE('',*,*,#2470,.F.);
#3673=ORIENTED_EDGE('',*,*,#2633,.F.);
#3674=ORIENTED_EDGE('',*,*,#2312,.F.);
#3675=ORIENTED_EDGE('',*,*,#2633,.T.);
#3676=ORIENTED_EDGE('',*,*,#2473,.F.);
#3677=ORIENTED_EDGE('',*,*,#2634,.F.);
#3678=ORIENTED_EDGE('',*,*,#2313,.F.);
#3679=ORIENTED_EDGE('',*,*,#2634,.T.);
#3680=ORIENTED_EDGE('',*,*,#2476,.F.);
#3681=ORIENTED_EDGE('',*,*,#2635,.F.);
#3682=ORIENTED_EDGE('',*,*,#2314,.F.);
#3683=ORIENTED_EDGE('',*,*,#2635,.T.);
#3684=ORIENTED_EDGE('',*,*,#2479,.F.);
#3685=ORIENTED_EDGE('',*,*,#2636,.F.);
#3686=ORIENTED_EDGE('',*,*,#2315,.F.);
#3687=ORIENTED_EDGE('',*,*,#2636,.T.);
#3688=ORIENTED_EDGE('',*,*,#2482,.F.);
#3689=ORIENTED_EDGE('',*,*,#2637,.F.);
#3690=ORIENTED_EDGE('',*,*,#2316,.F.);
#3691=ORIENTED_EDGE('',*,*,#2637,.T.);
#3692=ORIENTED_EDGE('',*,*,#2485,.F.);
#3693=ORIENTED_EDGE('',*,*,#2638,.F.);
#3694=ORIENTED_EDGE('',*,*,#2317,.F.);
#3695=ORIENTED_EDGE('',*,*,#2638,.T.);
#3696=ORIENTED_EDGE('',*,*,#2488,.F.);
#3697=ORIENTED_EDGE('',*,*,#2639,.F.);
#3698=ORIENTED_EDGE('',*,*,#2318,.F.);
#3699=ORIENTED_EDGE('',*,*,#2639,.T.);
#3700=ORIENTED_EDGE('',*,*,#2491,.F.);
#3701=ORIENTED_EDGE('',*,*,#2640,.F.);
#3702=ORIENTED_EDGE('',*,*,#2319,.F.);
#3703=ORIENTED_EDGE('',*,*,#2640,.T.);
#3704=ORIENTED_EDGE('',*,*,#2494,.F.);
#3705=ORIENTED_EDGE('',*,*,#2641,.F.);
#3706=ORIENTED_EDGE('',*,*,#2320,.F.);
#3707=ORIENTED_EDGE('',*,*,#2641,.T.);
#3708=ORIENTED_EDGE('',*,*,#2497,.F.);
#3709=ORIENTED_EDGE('',*,*,#2642,.F.);
#3710=ORIENTED_EDGE('',*,*,#2321,.F.);
#3711=ORIENTED_EDGE('',*,*,#2642,.T.);
#3712=ORIENTED_EDGE('',*,*,#2500,.F.);
#3713=ORIENTED_EDGE('',*,*,#2643,.F.);
#3714=ORIENTED_EDGE('',*,*,#2322,.F.);
#3715=ORIENTED_EDGE('',*,*,#2643,.T.);
#3716=ORIENTED_EDGE('',*,*,#2503,.F.);
#3717=ORIENTED_EDGE('',*,*,#2644,.F.);
#3718=ORIENTED_EDGE('',*,*,#2323,.F.);
#3719=ORIENTED_EDGE('',*,*,#2644,.T.);
#3720=ORIENTED_EDGE('',*,*,#2506,.F.);
#3721=ORIENTED_EDGE('',*,*,#2645,.F.);
#3722=ORIENTED_EDGE('',*,*,#2324,.F.);
#3723=ORIENTED_EDGE('',*,*,#2645,.T.);
#3724=ORIENTED_EDGE('',*,*,#2509,.F.);
#3725=ORIENTED_EDGE('',*,*,#2646,.F.);
#3726=ORIENTED_EDGE('',*,*,#2325,.F.);
#3727=ORIENTED_EDGE('',*,*,#2646,.T.);
#3728=ORIENTED_EDGE('',*,*,#2512,.F.);
#3729=ORIENTED_EDGE('',*,*,#2647,.F.);
#3730=ORIENTED_EDGE('',*,*,#2326,.F.);
#3731=ORIENTED_EDGE('',*,*,#2647,.T.);
#3732=ORIENTED_EDGE('',*,*,#2515,.F.);
#3733=ORIENTED_EDGE('',*,*,#2648,.F.);
#3734=ORIENTED_EDGE('',*,*,#2327,.F.);
#3735=ORIENTED_EDGE('',*,*,#2648,.T.);
#3736=ORIENTED_EDGE('',*,*,#2518,.F.);
#3737=ORIENTED_EDGE('',*,*,#2649,.F.);
#3738=ORIENTED_EDGE('',*,*,#2328,.F.);
#3739=ORIENTED_EDGE('',*,*,#2649,.T.);
#3740=ORIENTED_EDGE('',*,*,#2521,.F.);
#3741=ORIENTED_EDGE('',*,*,#2650,.F.);
#3742=ORIENTED_EDGE('',*,*,#2329,.F.);
#3743=ORIENTED_EDGE('',*,*,#2650,.T.);
#3744=ORIENTED_EDGE('',*,*,#2524,.F.);
#3745=ORIENTED_EDGE('',*,*,#2651,.F.);
#3746=ORIENTED_EDGE('',*,*,#2330,.F.);
#3747=ORIENTED_EDGE('',*,*,#2651,.T.);
#3748=ORIENTED_EDGE('',*,*,#2527,.F.);
#3749=ORIENTED_EDGE('',*,*,#2652,.F.);
#3750=ORIENTED_EDGE('',*,*,#2331,.F.);
#3751=ORIENTED_EDGE('',*,*,#2652,.T.);
#3752=ORIENTED_EDGE('',*,*,#2530,.F.);
#3753=ORIENTED_EDGE('',*,*,#2653,.F.);
#3754=ORIENTED_EDGE('',*,*,#2332,.F.);
#3755=ORIENTED_EDGE('',*,*,#2653,.T.);
#3756=ORIENTED_EDGE('',*,*,#2533,.F.);
#3757=ORIENTED_EDGE('',*,*,#2654,.F.);
#3758=ORIENTED_EDGE('',*,*,#2333,.F.);
#3759=ORIENTED_EDGE('',*,*,#2654,.T.);
#3760=ORIENTED_EDGE('',*,*,#2536,.F.);
#3761=ORIENTED_EDGE('',*,*,#2655,.F.);
#3762=ORIENTED_EDGE('',*,*,#2334,.F.);
#3763=ORIENTED_EDGE('',*,*,#2655,.T.);
#3764=ORIENTED_EDGE('',*,*,#2539,.F.);
#3765=ORIENTED_EDGE('',*,*,#2656,.F.);
#3766=ORIENTED_EDGE('',*,*,#2335,.F.);
#3767=ORIENTED_EDGE('',*,*,#2656,.T.);
#3768=ORIENTED_EDGE('',*,*,#2542,.F.);
#3769=ORIENTED_EDGE('',*,*,#2657,.F.);
#3770=ORIENTED_EDGE('',*,*,#2336,.F.);
#3771=ORIENTED_EDGE('',*,*,#2657,.T.);
#3772=ORIENTED_EDGE('',*,*,#2545,.F.);
#3773=ORIENTED_EDGE('',*,*,#2658,.F.);
#3774=ORIENTED_EDGE('',*,*,#2337,.F.);
#3775=ORIENTED_EDGE('',*,*,#2658,.T.);
#3776=ORIENTED_EDGE('',*,*,#2548,.F.);
#3777=ORIENTED_EDGE('',*,*,#2659,.F.);
#3778=ORIENTED_EDGE('',*,*,#2338,.F.);
#3779=ORIENTED_EDGE('',*,*,#2659,.T.);
#3780=ORIENTED_EDGE('',*,*,#2551,.F.);
#3781=ORIENTED_EDGE('',*,*,#2660,.F.);
#3782=ORIENTED_EDGE('',*,*,#2339,.F.);
#3783=ORIENTED_EDGE('',*,*,#2660,.T.);
#3784=ORIENTED_EDGE('',*,*,#2554,.F.);
#3785=ORIENTED_EDGE('',*,*,#2661,.F.);
#3786=ORIENTED_EDGE('',*,*,#2340,.F.);
#3787=ORIENTED_EDGE('',*,*,#2661,.T.);
#3788=ORIENTED_EDGE('',*,*,#2557,.F.);
#3789=ORIENTED_EDGE('',*,*,#2662,.F.);
#3790=ORIENTED_EDGE('',*,*,#2341,.F.);
#3791=ORIENTED_EDGE('',*,*,#2662,.T.);
#3792=ORIENTED_EDGE('',*,*,#2560,.F.);
#3793=ORIENTED_EDGE('',*,*,#2663,.F.);
#3794=ORIENTED_EDGE('',*,*,#2342,.F.);
#3795=ORIENTED_EDGE('',*,*,#2663,.T.);
#3796=ORIENTED_EDGE('',*,*,#2563,.F.);
#3797=ORIENTED_EDGE('',*,*,#2664,.F.);
#3798=ORIENTED_EDGE('',*,*,#2343,.F.);
#3799=ORIENTED_EDGE('',*,*,#2664,.T.);
#3800=ORIENTED_EDGE('',*,*,#2566,.F.);
#3801=ORIENTED_EDGE('',*,*,#2665,.F.);
#3802=ORIENTED_EDGE('',*,*,#2344,.F.);
#3803=ORIENTED_EDGE('',*,*,#2665,.T.);
#3804=ORIENTED_EDGE('',*,*,#2569,.F.);
#3805=ORIENTED_EDGE('',*,*,#2666,.F.);
#3806=ORIENTED_EDGE('',*,*,#2345,.F.);
#3807=ORIENTED_EDGE('',*,*,#2666,.T.);
#3808=ORIENTED_EDGE('',*,*,#2572,.F.);
#3809=ORIENTED_EDGE('',*,*,#2667,.F.);
#3810=ORIENTED_EDGE('',*,*,#2346,.F.);
#3811=ORIENTED_EDGE('',*,*,#2667,.T.);
#3812=ORIENTED_EDGE('',*,*,#2574,.F.);
#3813=ORIENTED_EDGE('',*,*,#2668,.F.);
#3814=ORIENTED_EDGE('',*,*,#2347,.F.);
#3815=ORIENTED_EDGE('',*,*,#2668,.T.);
#3816=ORIENTED_EDGE('',*,*,#2576,.F.);
#3817=ORIENTED_EDGE('',*,*,#2669,.F.);
#3818=ORIENTED_EDGE('',*,*,#2348,.F.);
#3819=ORIENTED_EDGE('',*,*,#2669,.T.);
#3820=ORIENTED_EDGE('',*,*,#2578,.F.);
#3821=ORIENTED_EDGE('',*,*,#2670,.F.);
#3822=ORIENTED_EDGE('',*,*,#2349,.F.);
#3823=ORIENTED_EDGE('',*,*,#2670,.T.);
#3824=ORIENTED_EDGE('',*,*,#2580,.F.);
#3825=ORIENTED_EDGE('',*,*,#2671,.F.);
#3826=ORIENTED_EDGE('',*,*,#2350,.F.);
#3827=ORIENTED_EDGE('',*,*,#2671,.T.);
#3828=ORIENTED_EDGE('',*,*,#2582,.F.);
#3829=ORIENTED_EDGE('',*,*,#2672,.F.);
#3830=ORIENTED_EDGE('',*,*,#2351,.F.);
#3831=ORIENTED_EDGE('',*,*,#2672,.T.);
#3832=ORIENTED_EDGE('',*,*,#2584,.F.);
#3833=ORIENTED_EDGE('',*,*,#2673,.F.);
#3834=ORIENTED_EDGE('',*,*,#2352,.F.);
#3835=ORIENTED_EDGE('',*,*,#2673,.T.);
#3836=ORIENTED_EDGE('',*,*,#2586,.F.);
#3837=ORIENTED_EDGE('',*,*,#2674,.F.);
#3838=ORIENTED_EDGE('',*,*,#2353,.F.);
#3839=ORIENTED_EDGE('',*,*,#2674,.T.);
#3840=ORIENTED_EDGE('',*,*,#2588,.F.);
#3841=ORIENTED_EDGE('',*,*,#2595,.T.);
#3842=ORIENTED_EDGE('',*,*,#2274,.F.);
#3843=PLANE('',#4237);
#3844=PLANE('',#4239);
#3845=PLANE('',#4240);
#3846=PLANE('',#4241);
#3847=PLANE('',#4242);
#3848=PLANE('',#4243);
#3849=PLANE('',#4244);
#3850=PLANE('',#4246);
#3851=PLANE('',#4247);
#3852=PLANE('',#4248);
#3853=PLANE('',#4249);
#3854=PLANE('',#4250);
#3855=PLANE('',#4251);
#3856=PLANE('',#4252);
#3857=PLANE('',#4253);
#3858=PLANE('',#4254);
#3859=PLANE('',#4255);
#3860=PLANE('',#4256);
#3861=PLANE('',#4257);
#3862=PLANE('',#4258);
#3863=PLANE('',#4259);
#3864=PLANE('',#4260);
#3865=PLANE('',#4261);
#3866=PLANE('',#4262);
#3867=PLANE('',#4263);
#3868=PLANE('',#4264);
#3869=PLANE('',#4265);
#3870=PLANE('',#4266);
#3871=PLANE('',#4267);
#3872=PLANE('',#4268);
#3873=PLANE('',#4269);
#3874=PLANE('',#4270);
#3875=PLANE('',#4272);
#3876=PLANE('',#4273);
#3877=PLANE('',#4274);
#3878=PLANE('',#4275);
#3879=PLANE('',#4276);
#3880=PLANE('',#4277);
#3881=PLANE('',#4278);
#3882=PLANE('',#4280);
#3883=PLANE('',#4281);
#3884=PLANE('',#4282);
#3885=PLANE('',#4283);
#3886=PLANE('',#4288);
#3887=PLANE('',#4289);
#3888=PLANE('',#4290);
#3889=PLANE('',#4291);
#3890=PLANE('',#4292);
#3891=PLANE('',#4293);
#3892=PLANE('',#4294);
#3893=PLANE('',#4295);
#3894=PLANE('',#4296);
#3895=PLANE('',#4297);
#3896=PLANE('',#4298);
#3897=PLANE('',#4299);
#3898=PLANE('',#4300);
#3899=PLANE('',#4303);
#3900=PLANE('',#4306);
#3901=PLANE('',#4307);
#3902=PLANE('',#4308);
#3903=PLANE('',#4309);
#3904=PLANE('',#4310);
#3905=PLANE('',#4311);
#3906=PLANE('',#4312);
#3907=PLANE('',#4313);
#3908=PLANE('',#4314);
#3909=PLANE('',#4315);
#3910=PLANE('',#4316);
#3911=PLANE('',#4317);
#3912=PLANE('',#4318);
#3913=PLANE('',#4319);
#3914=PLANE('',#4320);
#3915=PLANE('',#4321);
#3916=PLANE('',#4322);
#3917=PLANE('',#4323);
#3918=PLANE('',#4324);
#3919=PLANE('',#4325);
#3920=PLANE('',#4326);
#3921=PLANE('',#4327);
#3922=PLANE('',#4328);
#3923=PLANE('',#4329);
#3924=PLANE('',#4330);
#3925=PLANE('',#4331);
#3926=PLANE('',#4332);
#3927=PLANE('',#4333);
#3928=PLANE('',#4334);
#3929=PLANE('',#4335);
#3930=PLANE('',#4336);
#3931=PLANE('',#4337);
#3932=PLANE('',#4338);
#3933=PLANE('',#4339);
#3934=PLANE('',#4340);
#3935=PLANE('',#4341);
#3936=PLANE('',#4342);
#3937=PLANE('',#4343);
#3938=PLANE('',#4344);
#3939=PLANE('',#4345);
#3940=PLANE('',#4346);
#3941=PLANE('',#4347);
#3942=PLANE('',#4348);
#3943=PLANE('',#4349);
#3944=PLANE('',#4350);
#3945=PLANE('',#4351);
#3946=PLANE('',#4352);
#3947=PLANE('',#4353);
#3948=PLANE('',#4354);
#3949=PLANE('',#4355);
#3950=PLANE('',#4356);
#3951=PLANE('',#4357);
#3952=PLANE('',#4358);
#3953=PLANE('',#4359);
#3954=PLANE('',#4360);
#3955=PLANE('',#4361);
#3956=PLANE('',#4362);
#3957=PLANE('',#4363);
#3958=PLANE('',#4364);
#3959=PLANE('',#4365);
#3960=PLANE('',#4366);
#3961=PLANE('',#4367);
#3962=PLANE('',#4368);
#3963=PLANE('',#4369);
#3964=PLANE('',#4370);
#3965=PLANE('',#4371);
#3966=PLANE('',#4372);
#3967=PLANE('',#4373);
#3968=PLANE('',#4374);
#3969=PLANE('',#4375);
#3970=PLANE('',#4376);
#3971=PLANE('',#4377);
#3972=PLANE('',#4378);
#3973=PLANE('',#4379);
#3974=PLANE('',#4380);
#3975=PLANE('',#4381);
#3976=PLANE('',#4382);
#3977=PLANE('',#4383);
#3978=PLANE('',#4384);
#3979=PLANE('',#4385);
#3980=PLANE('',#4386);
#3981=PLANE('',#4387);
#3982=PLANE('',#4388);
#3983=PLANE('',#4389);
#3984=PLANE('',#4390);
#3985=PLANE('',#4391);
#3986=PLANE('',#4392);
#3987=PLANE('',#4393);
#3988=PLANE('',#4394);
#3989=PLANE('',#4395);
#3990=PLANE('',#4396);
#3991=PLANE('',#4397);
#3992=PLANE('',#4398);
#3993=PLANE('',#4399);
#3994=PLANE('',#4400);
#3995=ADVANCED_FACE('',(#111,#91),#3843,.T.);
#3996=ADVANCED_FACE('',(#112),#3844,.T.);
#3997=ADVANCED_FACE('',(#113),#3845,.T.);
#3998=ADVANCED_FACE('',(#114),#3846,.T.);
#3999=ADVANCED_FACE('',(#115),#3847,.T.);
#4000=ADVANCED_FACE('',(#116),#3848,.T.);
#4001=ADVANCED_FACE('',(#117,#92),#3849,.T.);
#4002=ADVANCED_FACE('',(#118),#3850,.T.);
#4003=ADVANCED_FACE('',(#119),#3851,.T.);
#4004=ADVANCED_FACE('',(#120),#3852,.F.);
#4005=ADVANCED_FACE('',(#121),#3853,.F.);
#4006=ADVANCED_FACE('',(#122),#3854,.T.);
#4007=ADVANCED_FACE('',(#123),#3855,.T.);
#4008=ADVANCED_FACE('',(#124),#3856,.T.);
#4009=ADVANCED_FACE('',(#125),#3857,.T.);
#4010=ADVANCED_FACE('',(#126),#3858,.F.);
#4011=ADVANCED_FACE('',(#127),#3859,.F.);
#4012=ADVANCED_FACE('',(#128),#3860,.T.);
#4013=ADVANCED_FACE('',(#129),#3861,.F.);
#4014=ADVANCED_FACE('',(#130),#3862,.T.);
#4015=ADVANCED_FACE('',(#131),#3863,.T.);
#4016=ADVANCED_FACE('',(#132),#3864,.T.);
#4017=ADVANCED_FACE('',(#133),#3865,.T.);
#4018=ADVANCED_FACE('',(#134),#3866,.T.);
#4019=ADVANCED_FACE('',(#135),#3867,.T.);
#4020=ADVANCED_FACE('',(#136),#3868,.F.);
#4021=ADVANCED_FACE('',(#137),#3869,.F.);
#4022=ADVANCED_FACE('',(#138),#3870,.F.);
#4023=ADVANCED_FACE('',(#139),#3871,.F.);
#4024=ADVANCED_FACE('',(#140),#3872,.F.);
#4025=ADVANCED_FACE('',(#141),#3873,.F.);
#4026=ADVANCED_FACE('',(#142,#93),#3874,.T.);
#4027=ADVANCED_FACE('',(#143),#3875,.F.);
#4028=ADVANCED_FACE('',(#144),#3876,.F.);
#4029=ADVANCED_FACE('',(#145),#3877,.F.);
#4030=ADVANCED_FACE('',(#146),#3878,.F.);
#4031=ADVANCED_FACE('',(#147),#3879,.F.);
#4032=ADVANCED_FACE('',(#148),#3880,.F.);
#4033=ADVANCED_FACE('',(#149,#94),#3881,.T.);
#4034=ADVANCED_FACE('',(#150),#3882,.T.);
#4035=ADVANCED_FACE('',(#151),#3883,.T.);
#4036=ADVANCED_FACE('',(#152),#3884,.T.);
#4037=ADVANCED_FACE('',(#153,#95,#96,#97,#98,#99),#3885,.T.);
#4038=ADVANCED_FACE('',(#154),#87,.F.);
#4039=ADVANCED_FACE('',(#155),#88,.F.);
#4040=ADVANCED_FACE('',(#156),#3886,.T.);
#4041=ADVANCED_FACE('',(#157),#3887,.T.);
#4042=ADVANCED_FACE('',(#158),#3888,.T.);
#4043=ADVANCED_FACE('',(#159),#3889,.T.);
#4044=ADVANCED_FACE('',(#160),#3890,.F.);
#4045=ADVANCED_FACE('',(#161),#3891,.F.);
#4046=ADVANCED_FACE('',(#162),#3892,.F.);
#4047=ADVANCED_FACE('',(#163),#3893,.F.);
#4048=ADVANCED_FACE('',(#164),#3894,.F.);
#4049=ADVANCED_FACE('',(#165),#3895,.F.);
#4050=ADVANCED_FACE('',(#166),#3896,.F.);
#4051=ADVANCED_FACE('',(#167),#3897,.F.);
#4052=ADVANCED_FACE('',(#168,#100,#101,#102),#3898,.T.);
#4053=ADVANCED_FACE('',(#169),#3899,.F.);
#4054=ADVANCED_FACE('',(#170),#89,.F.);
#4055=ADVANCED_FACE('',(#171),#90,.F.);
#4056=ADVANCED_FACE('',(#172),#15,.F.);
#4057=ADVANCED_FACE('',(#173),#3900,.F.);
#4058=ADVANCED_FACE('',(#174),#16,.F.);
#4059=ADVANCED_FACE('',(#175),#17,.F.);
#4060=ADVANCED_FACE('',(#176),#18,.F.);
#4061=ADVANCED_FACE('',(#177),#19,.F.);
#4062=ADVANCED_FACE('',(#178),#20,.F.);
#4063=ADVANCED_FACE('',(#179),#21,.F.);
#4064=ADVANCED_FACE('',(#180),#22,.F.);
#4065=ADVANCED_FACE('',(#181),#23,.F.);
#4066=ADVANCED_FACE('',(#182),#24,.F.);
#4067=ADVANCED_FACE('',(#183),#3901,.F.);
#4068=ADVANCED_FACE('',(#184),#25,.F.);
#4069=ADVANCED_FACE('',(#185),#26,.F.);
#4070=ADVANCED_FACE('',(#186),#27,.F.);
#4071=ADVANCED_FACE('',(#187),#28,.F.);
#4072=ADVANCED_FACE('',(#188),#29,.F.);
#4073=ADVANCED_FACE('',(#189),#30,.F.);
#4074=ADVANCED_FACE('',(#190),#31,.F.);
#4075=ADVANCED_FACE('',(#191),#32,.F.);
#4076=ADVANCED_FACE('',(#192),#33,.F.);
#4077=ADVANCED_FACE('',(#193),#3902,.F.);
#4078=ADVANCED_FACE('',(#194),#34,.F.);
#4079=ADVANCED_FACE('',(#195),#35,.F.);
#4080=ADVANCED_FACE('',(#196),#36,.F.);
#4081=ADVANCED_FACE('',(#197),#37,.F.);
#4082=ADVANCED_FACE('',(#198),#38,.F.);
#4083=ADVANCED_FACE('',(#199),#39,.F.);
#4084=ADVANCED_FACE('',(#200),#40,.F.);
#4085=ADVANCED_FACE('',(#201),#41,.F.);
#4086=ADVANCED_FACE('',(#202),#42,.F.);
#4087=ADVANCED_FACE('',(#203),#3903,.F.);
#4088=ADVANCED_FACE('',(#204),#43,.F.);
#4089=ADVANCED_FACE('',(#205),#44,.F.);
#4090=ADVANCED_FACE('',(#206),#45,.F.);
#4091=ADVANCED_FACE('',(#207),#46,.F.);
#4092=ADVANCED_FACE('',(#208),#47,.F.);
#4093=ADVANCED_FACE('',(#209),#48,.F.);
#4094=ADVANCED_FACE('',(#210),#49,.F.);
#4095=ADVANCED_FACE('',(#211),#50,.F.);
#4096=ADVANCED_FACE('',(#212),#51,.F.);
#4097=ADVANCED_FACE('',(#213),#3904,.F.);
#4098=ADVANCED_FACE('',(#214),#52,.F.);
#4099=ADVANCED_FACE('',(#215),#53,.F.);
#4100=ADVANCED_FACE('',(#216),#54,.F.);
#4101=ADVANCED_FACE('',(#217),#55,.F.);
#4102=ADVANCED_FACE('',(#218),#56,.F.);
#4103=ADVANCED_FACE('',(#219),#57,.F.);
#4104=ADVANCED_FACE('',(#220),#58,.F.);
#4105=ADVANCED_FACE('',(#221),#59,.F.);
#4106=ADVANCED_FACE('',(#222),#60,.F.);
#4107=ADVANCED_FACE('',(#223),#3905,.F.);
#4108=ADVANCED_FACE('',(#224),#61,.F.);
#4109=ADVANCED_FACE('',(#225),#62,.F.);
#4110=ADVANCED_FACE('',(#226),#63,.F.);
#4111=ADVANCED_FACE('',(#227),#64,.F.);
#4112=ADVANCED_FACE('',(#228),#65,.F.);
#4113=ADVANCED_FACE('',(#229),#66,.F.);
#4114=ADVANCED_FACE('',(#230),#67,.F.);
#4115=ADVANCED_FACE('',(#231),#68,.F.);
#4116=ADVANCED_FACE('',(#232),#69,.F.);
#4117=ADVANCED_FACE('',(#233),#3906,.F.);
#4118=ADVANCED_FACE('',(#234),#70,.F.);
#4119=ADVANCED_FACE('',(#235),#71,.F.);
#4120=ADVANCED_FACE('',(#236),#72,.F.);
#4121=ADVANCED_FACE('',(#237),#73,.F.);
#4122=ADVANCED_FACE('',(#238),#74,.F.);
#4123=ADVANCED_FACE('',(#239),#75,.F.);
#4124=ADVANCED_FACE('',(#240),#76,.F.);
#4125=ADVANCED_FACE('',(#241),#77,.F.);
#4126=ADVANCED_FACE('',(#242),#78,.F.);
#4127=ADVANCED_FACE('',(#243),#3907,.F.);
#4128=ADVANCED_FACE('',(#244),#79,.F.);
#4129=ADVANCED_FACE('',(#245),#80,.F.);
#4130=ADVANCED_FACE('',(#246),#81,.F.);
#4131=ADVANCED_FACE('',(#247),#82,.F.);
#4132=ADVANCED_FACE('',(#248),#83,.F.);
#4133=ADVANCED_FACE('',(#249),#84,.F.);
#4134=ADVANCED_FACE('',(#250),#85,.F.);
#4135=ADVANCED_FACE('',(#251),#86,.F.);
#4136=ADVANCED_FACE('',(#252),#3908,.T.);
#4137=ADVANCED_FACE('',(#253),#3909,.T.);
#4138=ADVANCED_FACE('',(#254),#3910,.T.);
#4139=ADVANCED_FACE('',(#255),#3911,.T.);
#4140=ADVANCED_FACE('',(#256),#3912,.T.);
#4141=ADVANCED_FACE('',(#257),#3913,.T.);
#4142=ADVANCED_FACE('',(#258),#3914,.T.);
#4143=ADVANCED_FACE('',(#259),#3915,.T.);
#4144=ADVANCED_FACE('',(#260),#3916,.T.);
#4145=ADVANCED_FACE('',(#261),#3917,.T.);
#4146=ADVANCED_FACE('',(#262),#3918,.T.);
#4147=ADVANCED_FACE('',(#263),#3919,.T.);
#4148=ADVANCED_FACE('',(#264),#3920,.T.);
#4149=ADVANCED_FACE('',(#265),#3921,.T.);
#4150=ADVANCED_FACE('',(#266),#3922,.T.);
#4151=ADVANCED_FACE('',(#267),#3923,.T.);
#4152=ADVANCED_FACE('',(#268),#3924,.T.);
#4153=ADVANCED_FACE('',(#269),#3925,.T.);
#4154=ADVANCED_FACE('',(#270),#3926,.T.);
#4155=ADVANCED_FACE('',(#271),#3927,.T.);
#4156=ADVANCED_FACE('',(#272),#3928,.T.);
#4157=ADVANCED_FACE('',(#273),#3929,.T.);
#4158=ADVANCED_FACE('',(#274),#3930,.T.);
#4159=ADVANCED_FACE('',(#275),#3931,.T.);
#4160=ADVANCED_FACE('',(#276),#3932,.T.);
#4161=ADVANCED_FACE('',(#277),#3933,.T.);
#4162=ADVANCED_FACE('',(#278),#3934,.T.);
#4163=ADVANCED_FACE('',(#279),#3935,.T.);
#4164=ADVANCED_FACE('',(#280),#3936,.T.);
#4165=ADVANCED_FACE('',(#281),#3937,.T.);
#4166=ADVANCED_FACE('',(#282),#3938,.T.);
#4167=ADVANCED_FACE('',(#283),#3939,.T.);
#4168=ADVANCED_FACE('',(#284),#3940,.T.);
#4169=ADVANCED_FACE('',(#285),#3941,.T.);
#4170=ADVANCED_FACE('',(#286),#3942,.T.);
#4171=ADVANCED_FACE('',(#287),#3943,.T.);
#4172=ADVANCED_FACE('',(#288),#3944,.T.);
#4173=ADVANCED_FACE('',(#289),#3945,.T.);
#4174=ADVANCED_FACE('',(#290),#3946,.T.);
#4175=ADVANCED_FACE('',(#291),#3947,.T.);
#4176=ADVANCED_FACE('',(#292),#3948,.T.);
#4177=ADVANCED_FACE('',(#293),#3949,.T.);
#4178=ADVANCED_FACE('',(#294),#3950,.T.);
#4179=ADVANCED_FACE('',(#295),#3951,.T.);
#4180=ADVANCED_FACE('',(#296),#3952,.T.);
#4181=ADVANCED_FACE('',(#297),#3953,.T.);
#4182=ADVANCED_FACE('',(#298),#3954,.T.);
#4183=ADVANCED_FACE('',(#299),#3955,.T.);
#4184=ADVANCED_FACE('',(#300),#3956,.T.);
#4185=ADVANCED_FACE('',(#301),#3957,.T.);
#4186=ADVANCED_FACE('',(#302),#3958,.T.);
#4187=ADVANCED_FACE('',(#303),#3959,.T.);
#4188=ADVANCED_FACE('',(#304),#3960,.T.);
#4189=ADVANCED_FACE('',(#305),#3961,.T.);
#4190=ADVANCED_FACE('',(#306),#3962,.T.);
#4191=ADVANCED_FACE('',(#307),#3963,.T.);
#4192=ADVANCED_FACE('',(#308),#3964,.T.);
#4193=ADVANCED_FACE('',(#309),#3965,.T.);
#4194=ADVANCED_FACE('',(#310),#3966,.T.);
#4195=ADVANCED_FACE('',(#311),#3967,.T.);
#4196=ADVANCED_FACE('',(#312),#3968,.T.);
#4197=ADVANCED_FACE('',(#313),#3969,.T.);
#4198=ADVANCED_FACE('',(#314),#3970,.T.);
#4199=ADVANCED_FACE('',(#315),#3971,.T.);
#4200=ADVANCED_FACE('',(#316),#3972,.T.);
#4201=ADVANCED_FACE('',(#317),#3973,.T.);
#4202=ADVANCED_FACE('',(#318),#3974,.T.);
#4203=ADVANCED_FACE('',(#319),#3975,.T.);
#4204=ADVANCED_FACE('',(#320),#3976,.T.);
#4205=ADVANCED_FACE('',(#321),#3977,.T.);
#4206=ADVANCED_FACE('',(#322),#3978,.T.);
#4207=ADVANCED_FACE('',(#323),#3979,.T.);
#4208=ADVANCED_FACE('',(#324),#3980,.T.);
#4209=ADVANCED_FACE('',(#325),#3981,.T.);
#4210=ADVANCED_FACE('',(#326),#3982,.T.);
#4211=ADVANCED_FACE('',(#327),#3983,.T.);
#4212=ADVANCED_FACE('',(#328),#3984,.T.);
#4213=ADVANCED_FACE('',(#329),#3985,.T.);
#4214=ADVANCED_FACE('',(#330),#3986,.T.);
#4215=ADVANCED_FACE('',(#331),#3987,.T.);
#4216=ADVANCED_FACE('',(#332),#3988,.T.);
#4217=ADVANCED_FACE('',(#333),#3989,.T.);
#4218=ADVANCED_FACE('',(#334),#3990,.T.);
#4219=ADVANCED_FACE('',(#335),#3991,.T.);
#4220=ADVANCED_FACE('',(#336),#3992,.T.);
#4221=ADVANCED_FACE('',(#337),#3993,.T.);
#4222=ADVANCED_FACE('',(#338),#3994,.T.);
#4223=CLOSED_SHELL('',(#3995,#3996,#3997,#3998,#3999,#4000,#4001,#4002,
#4003,#4004,#4005,#4006,#4007,#4008,#4009,#4010,#4011,#4012,#4013,#4014,
#4015,#4016,#4017,#4018,#4019,#4020,#4021,#4022,#4023,#4024,#4025,#4026,
#4027,#4028,#4029,#4030,#4031,#4032,#4033,#4034,#4035,#4036,#4037,#4038,
#4039,#4040,#4041,#4042,#4043,#4044,#4045,#4046,#4047,#4048,#4049,#4050,
#4051,#4052,#4053,#4054,#4055,#4056,#4057,#4058,#4059,#4060,#4061,#4062,
#4063,#4064,#4065,#4066,#4067,#4068,#4069,#4070,#4071,#4072,#4073,#4074,
#4075,#4076,#4077,#4078,#4079,#4080,#4081,#4082,#4083,#4084,#4085,#4086,
#4087,#4088,#4089,#4090,#4091,#4092,#4093,#4094,#4095,#4096,#4097,#4098,
#4099,#4100,#4101,#4102,#4103,#4104,#4105,#4106,#4107,#4108,#4109,#4110,
#4111,#4112,#4113,#4114,#4115,#4116,#4117,#4118,#4119,#4120,#4121,#4122,
#4123,#4124,#4125,#4126,#4127,#4128,#4129,#4130,#4131,#4132,#4133,#4134,
#4135,#4136,#4137,#4138,#4139,#4140,#4141,#4142,#4143,#4144,#4145,#4146,
#4147,#4148,#4149,#4150,#4151,#4152,#4153,#4154,#4155,#4156,#4157,#4158,
#4159,#4160,#4161,#4162,#4163,#4164,#4165,#4166,#4167,#4168,#4169,#4170,
#4171,#4172,#4173,#4174,#4175,#4176,#4177,#4178,#4179,#4180,#4181,#4182,
#4183,#4184,#4185,#4186,#4187,#4188,#4189,#4190,#4191,#4192,#4193,#4194,
#4195,#4196,#4197,#4198,#4199,#4200,#4201,#4202,#4203,#4204,#4205,#4206,
#4207,#4208,#4209,#4210,#4211,#4212,#4213,#4214,#4215,#4216,#4217,#4218,
#4219,#4220,#4221,#4222));
#4224=DERIVED_UNIT_ELEMENT(#4226,1.);
#4225=DERIVED_UNIT_ELEMENT(#7565,-3.);
#4226=(
MASS_UNIT()
NAMED_UNIT(*)
SI_UNIT(.KILO.,.GRAM.)
);
#4227=DERIVED_UNIT((#4224,#4225));
#4228=MEASURE_REPRESENTATION_ITEM('density measure',
POSITIVE_RATIO_MEASURE(7850.),#4227);
#4229=PROPERTY_DEFINITION_REPRESENTATION(#4234,#4231);
#4230=PROPERTY_DEFINITION_REPRESENTATION(#4235,#4232);
#4231=REPRESENTATION('material name',(#4233),#7562);
#4232=REPRESENTATION('density',(#4228),#7562);
#4233=DESCRIPTIVE_REPRESENTATION_ITEM('Acero','Acero');
#4234=PROPERTY_DEFINITION('material property','material name',#7572);
#4235=PROPERTY_DEFINITION('material property','density of part',#7572);
#4236=AXIS2_PLACEMENT_3D('',#5307,#4401,#4402);
#4237=AXIS2_PLACEMENT_3D('',#5308,#4403,#4404);
#4238=AXIS2_PLACEMENT_3D('',#5326,#4413,#4414);
#4239=AXIS2_PLACEMENT_3D('',#5327,#4415,#4416);
#4240=AXIS2_PLACEMENT_3D('',#5333,#4420,#4421);
#4241=AXIS2_PLACEMENT_3D('',#5337,#4424,#4425);
#4242=AXIS2_PLACEMENT_3D('',#5341,#4428,#4429);
#4243=AXIS2_PLACEMENT_3D('',#5345,#4432,#4433);
#4244=AXIS2_PLACEMENT_3D('',#5349,#4436,#4437);
#4245=AXIS2_PLACEMENT_3D('',#5367,#4446,#4447);
#4246=AXIS2_PLACEMENT_3D('',#5368,#4448,#4449);
#4247=AXIS2_PLACEMENT_3D('',#5374,#4453,#4454);
#4248=AXIS2_PLACEMENT_3D('',#5383,#4459,#4460);
#4249=AXIS2_PLACEMENT_3D('',#5389,#4464,#4465);
#4250=AXIS2_PLACEMENT_3D('',#5409,#4476,#4477);
#4251=AXIS2_PLACEMENT_3D('',#5415,#4481,#4482);
#4252=AXIS2_PLACEMENT_3D('',#5424,#4487,#4488);
#4253=AXIS2_PLACEMENT_3D('',#5434,#4494,#4495);
#4254=AXIS2_PLACEMENT_3D('',#5443,#4500,#4501);
#4255=AXIS2_PLACEMENT_3D('',#5449,#4505,#4506);
#4256=AXIS2_PLACEMENT_3D('',#5464,#4515,#4516);
#4257=AXIS2_PLACEMENT_3D('',#5470,#4520,#4521);
#4258=AXIS2_PLACEMENT_3D('',#5473,#4524,#4525);
#4259=AXIS2_PLACEMENT_3D('',#5479,#4529,#4530);
#4260=AXIS2_PLACEMENT_3D('',#5483,#4533,#4534);
#4261=AXIS2_PLACEMENT_3D('',#5489,#4538,#4539);
#4262=AXIS2_PLACEMENT_3D('',#5495,#4543,#4544);
#4263=AXIS2_PLACEMENT_3D('',#5501,#4548,#4549);
#4264=AXIS2_PLACEMENT_3D('',#5507,#4553,#4554);
#4265=AXIS2_PLACEMENT_3D('',#5516,#4559,#4560);
#4266=AXIS2_PLACEMENT_3D('',#5522,#4564,#4565);
#4267=AXIS2_PLACEMENT_3D('',#5528,#4569,#4570);
#4268=AXIS2_PLACEMENT_3D('',#5534,#4574,#4575);
#4269=AXIS2_PLACEMENT_3D('',#5540,#4579,#4580);
#4270=AXIS2_PLACEMENT_3D('',#5543,#4583,#4584);
#4271=AXIS2_PLACEMENT_3D('',#5545,#4585,#4586);
#4272=AXIS2_PLACEMENT_3D('',#5546,#4587,#4588);
#4273=AXIS2_PLACEMENT_3D('',#5555,#4593,#4594);
#4274=AXIS2_PLACEMENT_3D('',#5561,#4598,#4599);
#4275=AXIS2_PLACEMENT_3D('',#5567,#4603,#4604);
#4276=AXIS2_PLACEMENT_3D('',#5573,#4608,#4609);
#4277=AXIS2_PLACEMENT_3D('',#5579,#4613,#4614);
#4278=AXIS2_PLACEMENT_3D('',#5582,#4617,#4618);
#4279=AXIS2_PLACEMENT_3D('',#5584,#4619,#4620);
#4280=AXIS2_PLACEMENT_3D('',#5585,#4621,#4622);
#4281=AXIS2_PLACEMENT_3D('',#5588,#4625,#4626);
#4282=AXIS2_PLACEMENT_3D('',#5591,#4629,#4630);
#4283=AXIS2_PLACEMENT_3D('',#5616,#4643,#4644);
#4284=AXIS2_PLACEMENT_3D('',#5631,#4652,#4653);
#4285=AXIS2_PLACEMENT_3D('',#5633,#4654,#4655);
#4286=AXIS2_PLACEMENT_3D('',#5645,#4663,#4664);
#4287=AXIS2_PLACEMENT_3D('',#5647,#4666,#4667);
#4288=AXIS2_PLACEMENT_3D('',#5649,#4669,#4670);
#4289=AXIS2_PLACEMENT_3D('',#5651,#4672,#4673);
#4290=AXIS2_PLACEMENT_3D('',#5653,#4675,#4676);
#4291=AXIS2_PLACEMENT_3D('',#5655,#4678,#4679);
#4292=AXIS2_PLACEMENT_3D('',#5657,#4681,#4682);
#4293=AXIS2_PLACEMENT_3D('',#5659,#4684,#4685);
#4294=AXIS2_PLACEMENT_3D('',#5661,#4687,#4688);
#4295=AXIS2_PLACEMENT_3D('',#5663,#4690,#4691);
#4296=AXIS2_PLACEMENT_3D('',#5664,#4692,#4693);
#4297=AXIS2_PLACEMENT_3D('',#5668,#4696,#4697);
#4298=AXIS2_PLACEMENT_3D('',#5670,#4699,#4700);
#4299=AXIS2_PLACEMENT_3D('',#5674,#4703,#4704);
#4300=AXIS2_PLACEMENT_3D('',#5676,#4706,#4707);
#4301=AXIS2_PLACEMENT_3D('',#5838,#4788,#4789);
#4302=AXIS2_PLACEMENT_3D('',#5840,#4790,#4791);
#4303=AXIS2_PLACEMENT_3D('',#5841,#4792,#4793);
#4304=AXIS2_PLACEMENT_3D('',#5842,#4794,#4795);
#4305=AXIS2_PLACEMENT_3D('',#5844,#4797,#4798);
#4306=AXIS2_PLACEMENT_3D('',#5869,#4804,#4805);
#4307=AXIS2_PLACEMENT_3D('',#6064,#4836,#4837);
#4308=AXIS2_PLACEMENT_3D('',#6259,#4868,#4869);
#4309=AXIS2_PLACEMENT_3D('',#6454,#4900,#4901);
#4310=AXIS2_PLACEMENT_3D('',#6649,#4932,#4933);
#4311=AXIS2_PLACEMENT_3D('',#6844,#4964,#4965);
#4312=AXIS2_PLACEMENT_3D('',#7039,#4996,#4997);
#4313=AXIS2_PLACEMENT_3D('',#7233,#5028,#5029);
#4314=AXIS2_PLACEMENT_3D('',#7387,#5047,#5048);
#4315=AXIS2_PLACEMENT_3D('',#7389,#5050,#5051);
#4316=AXIS2_PLACEMENT_3D('',#7391,#5053,#5054);
#4317=AXIS2_PLACEMENT_3D('',#7393,#5056,#5057);
#4318=AXIS2_PLACEMENT_3D('',#7395,#5059,#5060);
#4319=AXIS2_PLACEMENT_3D('',#7397,#5062,#5063);
#4320=AXIS2_PLACEMENT_3D('',#7399,#5065,#5066);
#4321=AXIS2_PLACEMENT_3D('',#7400,#5067,#5068);
#4322=AXIS2_PLACEMENT_3D('',#7403,#5071,#5072);
#4323=AXIS2_PLACEMENT_3D('',#7405,#5074,#5075);
#4324=AXIS2_PLACEMENT_3D('',#7407,#5077,#5078);
#4325=AXIS2_PLACEMENT_3D('',#7409,#5080,#5081);
#4326=AXIS2_PLACEMENT_3D('',#7411,#5083,#5084);
#4327=AXIS2_PLACEMENT_3D('',#7413,#5086,#5087);
#4328=AXIS2_PLACEMENT_3D('',#7415,#5089,#5090);
#4329=AXIS2_PLACEMENT_3D('',#7417,#5092,#5093);
#4330=AXIS2_PLACEMENT_3D('',#7419,#5095,#5096);
#4331=AXIS2_PLACEMENT_3D('',#7421,#5098,#5099);
#4332=AXIS2_PLACEMENT_3D('',#7423,#5101,#5102);
#4333=AXIS2_PLACEMENT_3D('',#7425,#5104,#5105);
#4334=AXIS2_PLACEMENT_3D('',#7427,#5107,#5108);
#4335=AXIS2_PLACEMENT_3D('',#7429,#5110,#5111);
#4336=AXIS2_PLACEMENT_3D('',#7431,#5113,#5114);
#4337=AXIS2_PLACEMENT_3D('',#7433,#5116,#5117);
#4338=AXIS2_PLACEMENT_3D('',#7435,#5119,#5120);
#4339=AXIS2_PLACEMENT_3D('',#7437,#5122,#5123);
#4340=AXIS2_PLACEMENT_3D('',#7439,#5125,#5126);
#4341=AXIS2_PLACEMENT_3D('',#7441,#5128,#5129);
#4342=AXIS2_PLACEMENT_3D('',#7443,#5131,#5132);
#4343=AXIS2_PLACEMENT_3D('',#7445,#5134,#5135);
#4344=AXIS2_PLACEMENT_3D('',#7447,#5137,#5138);
#4345=AXIS2_PLACEMENT_3D('',#7449,#5140,#5141);
#4346=AXIS2_PLACEMENT_3D('',#7451,#5143,#5144);
#4347=AXIS2_PLACEMENT_3D('',#7453,#5146,#5147);
#4348=AXIS2_PLACEMENT_3D('',#7455,#5149,#5150);
#4349=AXIS2_PLACEMENT_3D('',#7457,#5152,#5153);
#4350=AXIS2_PLACEMENT_3D('',#7459,#5155,#5156);
#4351=AXIS2_PLACEMENT_3D('',#7461,#5158,#5159);
#4352=AXIS2_PLACEMENT_3D('',#7463,#5161,#5162);
#4353=AXIS2_PLACEMENT_3D('',#7465,#5164,#5165);
#4354=AXIS2_PLACEMENT_3D('',#7467,#5167,#5168);
#4355=AXIS2_PLACEMENT_3D('',#7469,#5170,#5171);
#4356=AXIS2_PLACEMENT_3D('',#7471,#5173,#5174);
#4357=AXIS2_PLACEMENT_3D('',#7473,#5176,#5177);
#4358=AXIS2_PLACEMENT_3D('',#7475,#5179,#5180);
#4359=AXIS2_PLACEMENT_3D('',#7477,#5182,#5183);
#4360=AXIS2_PLACEMENT_3D('',#7479,#5185,#5186);
#4361=AXIS2_PLACEMENT_3D('',#7481,#5188,#5189);
#4362=AXIS2_PLACEMENT_3D('',#7483,#5191,#5192);
#4363=AXIS2_PLACEMENT_3D('',#7485,#5194,#5195);
#4364=AXIS2_PLACEMENT_3D('',#7487,#5197,#5198);
#4365=AXIS2_PLACEMENT_3D('',#7489,#5200,#5201);
#4366=AXIS2_PLACEMENT_3D('',#7491,#5203,#5204);
#4367=AXIS2_PLACEMENT_3D('',#7493,#5206,#5207);
#4368=AXIS2_PLACEMENT_3D('',#7495,#5209,#5210);
#4369=AXIS2_PLACEMENT_3D('',#7497,#5212,#5213);
#4370=AXIS2_PLACEMENT_3D('',#7499,#5215,#5216);
#4371=AXIS2_PLACEMENT_3D('',#7501,#5218,#5219);
#4372=AXIS2_PLACEMENT_3D('',#7503,#5221,#5222);
#4373=AXIS2_PLACEMENT_3D('',#7505,#5224,#5225);
#4374=AXIS2_PLACEMENT_3D('',#7507,#5227,#5228);
#4375=AXIS2_PLACEMENT_3D('',#7509,#5230,#5231);
#4376=AXIS2_PLACEMENT_3D('',#7511,#5233,#5234);
#4377=AXIS2_PLACEMENT_3D('',#7513,#5236,#5237);
#4378=AXIS2_PLACEMENT_3D('',#7515,#5239,#5240);
#4379=AXIS2_PLACEMENT_3D('',#7517,#5242,#5243);
#4380=AXIS2_PLACEMENT_3D('',#7519,#5245,#5246);
#4381=AXIS2_PLACEMENT_3D('',#7521,#5248,#5249);
#4382=AXIS2_PLACEMENT_3D('',#7523,#5251,#5252);
#4383=AXIS2_PLACEMENT_3D('',#7525,#5254,#5255);
#4384=AXIS2_PLACEMENT_3D('',#7527,#5257,#5258);
#4385=AXIS2_PLACEMENT_3D('',#7529,#5260,#5261);
#4386=AXIS2_PLACEMENT_3D('',#7531,#5263,#5264);
#4387=AXIS2_PLACEMENT_3D('',#7533,#5266,#5267);
#4388=AXIS2_PLACEMENT_3D('',#7535,#5269,#5270);
#4389=AXIS2_PLACEMENT_3D('',#7537,#5272,#5273);
#4390=AXIS2_PLACEMENT_3D('',#7539,#5275,#5276);
#4391=AXIS2_PLACEMENT_3D('',#7541,#5278,#5279);
#4392=AXIS2_PLACEMENT_3D('',#7543,#5281,#5282);
#4393=AXIS2_PLACEMENT_3D('',#7545,#5284,#5285);
#4394=AXIS2_PLACEMENT_3D('',#7547,#5287,#5288);
#4395=AXIS2_PLACEMENT_3D('',#7549,#5290,#5291);
#4396=AXIS2_PLACEMENT_3D('',#7551,#5293,#5294);
#4397=AXIS2_PLACEMENT_3D('',#7553,#5296,#5297);
#4398=AXIS2_PLACEMENT_3D('',#7555,#5299,#5300);
#4399=AXIS2_PLACEMENT_3D('',#7557,#5302,#5303);
#4400=AXIS2_PLACEMENT_3D('',#7559,#5305,#5306);
#4401=DIRECTION('axis',(0.,0.,1.));
#4402=DIRECTION('refdir',(1.,0.,0.));
#4403=DIRECTION('center_axis',(0.,0.,1.));
#4404=DIRECTION('ref_axis',(1.,0.,0.));
#4405=DIRECTION('',(-0.707106781186548,0.707106781186548,0.));
#4406=DIRECTION('',(0.,1.,0.));
#4407=DIRECTION('',(-0.707106781186548,0.707106781186548,0.));
#4408=DIRECTION('',(-1.,0.,0.));
#4409=DIRECTION('',(-0.707106781186548,0.707106781186548,0.));
#4410=DIRECTION('',(-2.29701312016871E-16,-1.,0.));
#4411=DIRECTION('',(0.707106781186549,-0.707106781186546,0.));
#4412=DIRECTION('',(1.,-3.06268416022495E-16,0.));
#4413=DIRECTION('center_axis',(0.,0.,1.));
#4414=DIRECTION('ref_axis',(1.,0.,0.));
#4415=DIRECTION('center_axis',(-0.707106781186548,-0.707106781186548,0.));
#4416=DIRECTION('ref_axis',(0.707106781186548,-0.707106781186548,0.));
#4417=DIRECTION('',(0.,0.,1.));
#4418=DIRECTION('',(0.707106781186547,-0.707106781186547,0.));
#4419=DIRECTION('',(0.,0.,-1.));
#4420=DIRECTION('center_axis',(0.,-1.,0.));
#4421=DIRECTION('ref_axis',(1.,0.,0.));
#4422=DIRECTION('',(0.,0.,1.));
#4423=DIRECTION('',(1.,0.,0.));
#4424=DIRECTION('center_axis',(-0.707106781186548,-0.707106781186548,0.));
#4425=DIRECTION('ref_axis',(0.707106781186548,-0.707106781186548,0.));
#4426=DIRECTION('',(0.,0.,1.));
#4427=DIRECTION('',(-0.707106781186547,0.707106781186547,0.));
#4428=DIRECTION('center_axis',(-1.,0.,0.));
#4429=DIRECTION('ref_axis',(0.,-1.,0.));
#4430=DIRECTION('',(0.,0.,1.));
#4431=DIRECTION('',(0.,-1.,0.));
#4432=DIRECTION('center_axis',(-0.707106781186548,-0.707106781186548,0.));
#4433=DIRECTION('ref_axis',(0.707106781186548,-0.707106781186548,0.));
#4434=DIRECTION('',(0.,0.,1.));
#4435=DIRECTION('',(-0.707106781186547,0.707106781186547,0.));
#4436=DIRECTION('center_axis',(0.,0.,1.));
#4437=DIRECTION('ref_axis',(1.,0.,0.));
#4438=DIRECTION('',(0.,1.,0.));
#4439=DIRECTION('',(-0.707106781186548,0.707106781186548,0.));
#4440=DIRECTION('',(-1.,0.,0.));
#4441=DIRECTION('',(0.707106781186548,-0.707106781186548,0.));
#4442=DIRECTION('',(0.,-1.,0.));
#4443=DIRECTION('',(0.707106781186548,-0.707106781186548,0.));
#4444=DIRECTION('',(1.,0.,0.));
#4445=DIRECTION('',(0.707106781186548,-0.707106781186548,0.));
#4446=DIRECTION('center_axis',(0.,0.,1.));
#4447=DIRECTION('ref_axis',(1.,0.,0.));
#4448=DIRECTION('center_axis',(0.707106781186548,0.707106781186548,0.));
#4449=DIRECTION('ref_axis',(-0.707106781186548,0.707106781186548,0.));
#4450=DIRECTION('',(0.,0.,1.));
#4451=DIRECTION('',(-0.707106781186547,0.707106781186547,0.));
#4452=DIRECTION('',(0.,0.,-1.));
#4453=DIRECTION('center_axis',(0.707106781186548,-0.707106781186548,0.));
#4454=DIRECTION('ref_axis',(0.707106781186548,0.707106781186548,0.));
#4455=DIRECTION('',(-0.707106781186548,-0.707106781186548,0.));
#4456=DIRECTION('',(0.,0.,-1.));
#4457=DIRECTION('',(0.707106781186547,0.707106781186547,0.));
#4458=DIRECTION('',(0.,0.,1.));
#4459=DIRECTION('center_axis',(0.,1.,0.));
#4460=DIRECTION('ref_axis',(1.,0.,0.));
#4461=DIRECTION('',(1.,0.,0.));
#4462=DIRECTION('',(0.,0.,-1.));
#4463=DIRECTION('',(1.,0.,0.));
#4464=DIRECTION('center_axis',(0.,0.,-1.));
#4465=DIRECTION('ref_axis',(-1.,0.,0.));
#4466=DIRECTION('',(0.,1.,0.));
#4467=DIRECTION('',(0.707106781186547,0.707106781186547,0.));
#4468=DIRECTION('',(-1.,3.06268416022495E-16,0.));
#4469=DIRECTION('',(-0.707106781186549,0.707106781186546,0.));
#4470=DIRECTION('',(2.29701312016871E-16,1.,0.));
#4471=DIRECTION('',(0.707106781186547,0.707106781186547,0.));
#4472=DIRECTION('',(1.,6.34413147475168E-16,0.));
#4473=DIRECTION('',(0.707106781186548,0.707106781186548,0.));
#4474=DIRECTION('',(0.,-1.,0.));
#4475=DIRECTION('',(0.707106781186547,-0.707106781186547,0.));
#4476=DIRECTION('center_axis',(-0.707106781186548,0.707106781186548,0.));
#4477=DIRECTION('ref_axis',(-0.707106781186548,-0.707106781186548,0.));
#4478=DIRECTION('',(0.,0.,-1.));
#4479=DIRECTION('',(-0.707106781186547,-0.707106781186547,0.));
#4480=DIRECTION('',(0.,0.,1.));
#4481=DIRECTION('center_axis',(0.707107057775227,-0.70710650459776,0.));
#4482=DIRECTION('ref_axis',(0.70710650459776,0.707107057775227,0.));
#4483=DIRECTION('',(-0.70710650459776,-0.707107057775227,0.));
#4484=DIRECTION('',(0.,0.,-1.));
#4485=DIRECTION('',(0.70710650459776,0.707107057775227,0.));
#4486=DIRECTION('',(0.,0.,1.));
#4487=DIRECTION('center_axis',(0.,-1.,0.));
#4488=DIRECTION('ref_axis',(-1.,0.,0.));
#4489=DIRECTION('',(-1.,0.,0.));
#4490=DIRECTION('',(0.,0.,-1.));
#4491=DIRECTION('',(-1.,0.,0.));
#4492=DIRECTION('',(0.,0.,-1.));
#4493=DIRECTION('',(1.,0.,0.));
#4494=DIRECTION('center_axis',(-0.70710650459776,0.707107057775227,0.));
#4495=DIRECTION('ref_axis',(-0.707107057775227,-0.70710650459776,0.));
#4496=DIRECTION('',(0.707107057775227,0.70710650459776,0.));
#4497=DIRECTION('',(0.,0.,-1.));
#4498=DIRECTION('',(-0.707107057775227,-0.70710650459776,0.));
#4499=DIRECTION('',(0.,0.,1.));
#4500=DIRECTION('center_axis',(0.,-1.,0.));
#4501=DIRECTION('ref_axis',(-1.,0.,0.));
#4502=DIRECTION('',(-1.,0.,0.));
#4503=DIRECTION('',(0.,0.,-1.));
#4504=DIRECTION('',(-1.,0.,0.));
#4505=DIRECTION('center_axis',(0.,0.,-1.));
#4506=DIRECTION('ref_axis',(-1.,0.,0.));
#4507=DIRECTION('',(0.,1.,0.));
#4508=DIRECTION('',(-0.707106781186547,0.707106781186547,0.));
#4509=DIRECTION('',(0.,1.,0.));
#4510=DIRECTION('',(0.707106781186547,0.707106781186547,0.));
#4511=DIRECTION('',(1.,0.,0.));
#4512=DIRECTION('',(0.707106781186548,-0.707106781186548,0.));
#4513=DIRECTION('',(0.,-1.,0.));
#4514=DIRECTION('',(0.707106781186547,0.707106781186547,0.));
#4515=DIRECTION('center_axis',(-0.707106781186548,0.707106781186548,0.));
#4516=DIRECTION('ref_axis',(0.707106781186548,0.707106781186548,0.));
#4517=DIRECTION('',(0.,0.,1.));
#4518=DIRECTION('',(0.707106781186547,0.707106781186547,0.));
#4519=DIRECTION('',(0.,0.,-1.));
#4520=DIRECTION('center_axis',(1.,-2.29701312016871E-16,0.));
#4521=DIRECTION('ref_axis',(2.29701312016871E-16,1.,0.));
#4522=DIRECTION('',(0.,0.,1.));
#4523=DIRECTION('',(2.29701312016871E-16,1.,2.22044604925031E-15));
#4524=DIRECTION('center_axis',(-6.34413147475168E-16,1.,0.));
#4525=DIRECTION('ref_axis',(1.,6.34413147475168E-16,0.));
#4526=DIRECTION('',(1.,6.34413147475168E-16,0.));
#4527=DIRECTION('',(0.,0.,-1.));
#4528=DIRECTION('',(1.,6.34413147475168E-16,0.));
#4529=DIRECTION('center_axis',(0.707106781186548,-0.707106781186548,0.));
#4530=DIRECTION('ref_axis',(-0.707106781186548,-0.707106781186548,0.));
#4531=DIRECTION('',(0.,0.,1.));
#4532=DIRECTION('',(-0.707106781186547,-0.707106781186547,0.));
#4533=DIRECTION('center_axis',(-0.707106781186548,0.707106781186548,0.));
#4534=DIRECTION('ref_axis',(0.707106781186548,0.707106781186548,0.));
#4535=DIRECTION('',(0.,0.,1.));
#4536=DIRECTION('',(0.707106781186547,0.707106781186547,0.));
#4537=DIRECTION('',(0.,0.,-1.));
#4538=DIRECTION('center_axis',(-1.,0.,0.));
#4539=DIRECTION('ref_axis',(0.,1.,0.));
#4540=DIRECTION('',(0.,1.,0.));
#4541=DIRECTION('',(0.,0.,-1.));
#4542=DIRECTION('',(0.,1.,0.));
#4543=DIRECTION('center_axis',(0.707106781186548,-0.707106781186548,0.));
#4544=DIRECTION('ref_axis',(-0.707106781186548,-0.707106781186548,0.));
#4545=DIRECTION('',(0.,0.,1.));
#4546=DIRECTION('',(-0.707106781186547,-0.707106781186547,0.));
#4547=DIRECTION('',(0.,0.,-1.));
#4548=DIRECTION('center_axis',(1.,0.,0.));
#4549=DIRECTION('ref_axis',(0.,-1.,0.));
#4550=DIRECTION('',(0.,1.,0.));
#4551=DIRECTION('',(0.,0.,-1.));
#4552=DIRECTION('',(0.,-1.,0.));
#4553=DIRECTION('center_axis',(0.258819045102521,0.965925826289068,0.));
#4554=DIRECTION('ref_axis',(-0.965925826289068,0.258819045102521,0.));
#4555=DIRECTION('',(-0.965925826289068,0.258819045102521,5.74693726168631E-16));
#4556=DIRECTION('',(0.,0.,1.));
#4557=DIRECTION('',(-0.965925826289068,0.258819045102521,0.));
#4558=DIRECTION('',(0.,0.,1.));
#4559=DIRECTION('center_axis',(0.965925826289068,0.258819045102521,0.));
#4560=DIRECTION('ref_axis',(-0.258819045102521,0.965925826289068,0.));
#4561=DIRECTION('',(-0.258819045102521,0.965925826289068,2.14478618485241E-15));
#4562=DIRECTION('',(0.,0.,1.));
#4563=DIRECTION('',(-0.258819045102521,0.965925826289068,0.));
#4564=DIRECTION('center_axis',(0.707106781186548,-0.707106781186547,0.));
#4565=DIRECTION('ref_axis',(0.707106781186547,0.707106781186548,0.));
#4566=DIRECTION('',(0.707106781186547,0.707106781186548,1.57009245868378E-15));
#4567=DIRECTION('',(0.,0.,1.));
#4568=DIRECTION('',(0.707106781186547,0.707106781186548,0.));
#4569=DIRECTION('center_axis',(-0.25881904510252,-0.965925826289069,0.));
#4570=DIRECTION('ref_axis',(0.965925826289069,-0.25881904510252,0.));
#4571=DIRECTION('',(0.965925826289069,-0.25881904510252,-5.74693726168628E-16));
#4572=DIRECTION('',(0.,0.,1.));
#4573=DIRECTION('',(0.965925826289069,-0.25881904510252,0.));
#4574=DIRECTION('center_axis',(-0.965925826289068,-0.258819045102522,0.));
#4575=DIRECTION('ref_axis',(0.258819045102522,-0.965925826289068,0.));
#4576=DIRECTION('',(0.258819045102522,-0.965925826289068,-2.14478618485241E-15));
#4577=DIRECTION('',(0.,0.,1.));
#4578=DIRECTION('',(0.258819045102522,-0.965925826289068,0.));
#4579=DIRECTION('center_axis',(-0.707106781186548,0.707106781186547,0.));
#4580=DIRECTION('ref_axis',(-0.707106781186547,-0.707106781186548,0.));
#4581=DIRECTION('',(-0.707106781186547,-0.707106781186548,-1.57009245868378E-15));
#4582=DIRECTION('',(-0.707106781186547,-0.707106781186548,0.));
#4583=DIRECTION('center_axis',(0.,0.,-1.));
#4584=DIRECTION('ref_axis',(1.,0.,0.));
#4585=DIRECTION('center_axis',(0.,0.,-1.));
#4586=DIRECTION('ref_axis',(-1.,0.,0.));
#4587=DIRECTION('center_axis',(-0.707106781186548,0.707106781186548,0.));
#4588=DIRECTION('ref_axis',(-0.707106781186548,-0.707106781186548,0.));
#4589=DIRECTION('',(-0.707106781186548,-0.707106781186548,-1.57009245868378E-15));
#4590=DIRECTION('',(0.,0.,1.));
#4591=DIRECTION('',(-0.707106781186547,-0.707106781186547,0.));
#4592=DIRECTION('',(0.,0.,1.));
#4593=DIRECTION('center_axis',(0.258819045102519,0.965925826289069,0.));
#4594=DIRECTION('ref_axis',(-0.965925826289069,0.258819045102519,0.));
#4595=DIRECTION('',(-0.965925826289069,0.258819045102519,5.74693726168628E-16));
#4596=DIRECTION('',(0.,0.,1.));
#4597=DIRECTION('',(-0.965925826289069,0.258819045102519,0.));
#4598=DIRECTION('center_axis',(0.965925826289068,0.258819045102521,0.));
#4599=DIRECTION('ref_axis',(-0.258819045102521,0.965925826289068,0.));
#4600=DIRECTION('',(-0.258819045102521,0.965925826289068,2.14478618485241E-15));
#4601=DIRECTION('',(0.,0.,1.));
#4602=DIRECTION('',(-0.258819045102521,0.965925826289068,0.));
#4603=DIRECTION('center_axis',(0.707106781186548,-0.707106781186547,0.));
#4604=DIRECTION('ref_axis',(0.707106781186547,0.707106781186548,0.));
#4605=DIRECTION('',(0.707106781186547,0.707106781186548,1.57009245868378E-15));
#4606=DIRECTION('',(0.,0.,1.));
#4607=DIRECTION('',(0.707106781186547,0.707106781186548,0.));
#4608=DIRECTION('center_axis',(-0.258819045102521,-0.965925826289068,0.));
#4609=DIRECTION('ref_axis',(0.965925826289068,-0.258819045102521,0.));
#4610=DIRECTION('',(0.965925826289068,-0.258819045102521,-5.74693726168632E-16));
#4611=DIRECTION('',(0.,0.,1.));
#4612=DIRECTION('',(0.965925826289068,-0.258819045102521,0.));
#4613=DIRECTION('center_axis',(-0.965925826289068,-0.25881904510252,0.));
#4614=DIRECTION('ref_axis',(0.25881904510252,-0.965925826289068,0.));
#4615=DIRECTION('',(0.25881904510252,-0.965925826289068,-2.14478618485241E-15));
#4616=DIRECTION('',(0.25881904510252,-0.965925826289068,0.));
#4617=DIRECTION('center_axis',(0.,0.,-1.));
#4618=DIRECTION('ref_axis',(1.,0.,0.));
#4619=DIRECTION('center_axis',(0.,0.,-1.));
#4620=DIRECTION('ref_axis',(-1.,0.,0.));
#4621=DIRECTION('center_axis',(-0.707106781186548,0.707106781186548,0.));
#4622=DIRECTION('ref_axis',(0.707106781186548,0.707106781186548,0.));
#4623=DIRECTION('',(0.707106781186547,0.707106781186547,0.));
#4624=DIRECTION('',(0.707106781186547,0.707106781186547,0.));
#4625=DIRECTION('center_axis',(0.707106781186548,-0.707106781186548,0.));
#4626=DIRECTION('ref_axis',(-0.707106781186548,-0.707106781186548,0.));
#4627=DIRECTION('',(0.707106781186547,0.707106781186547,0.));
#4628=DIRECTION('',(-0.707106781186547,-0.707106781186547,0.));
#4629=DIRECTION('center_axis',(-1.,-1.23358113847239E-16,-2.73910036535073E-31));
#4630=DIRECTION('ref_axis',(1.23358113847239E-16,-1.,-2.7894353493707E-15));
#4631=DIRECTION('',(-1.23358113847239E-16,1.,2.7894353493707E-15));
#4632=DIRECTION('',(0.,-2.22044604925031E-15,1.));
#4633=DIRECTION('',(1.23358113847239E-16,-1.,-2.7894353493707E-15));
#4634=DIRECTION('',(1.23358113847239E-16,-1.,-2.7894353493707E-15));
#4635=DIRECTION('',(1.23358113847239E-16,-1.,-2.7894353493707E-15));
#4636=DIRECTION('',(1.23358113847239E-16,-1.,-2.7894353493707E-15));
#4637=DIRECTION('',(1.23358113847239E-16,-1.,-2.7894353493707E-15));
#4638=DIRECTION('',(1.23358113847239E-16,-1.,-2.7894353493707E-15));
#4639=DIRECTION('',(1.23358113847239E-16,-1.,-2.7894353493707E-15));
#4640=DIRECTION('',(1.23358113847239E-16,-1.,-2.7894353493707E-15));
#4641=DIRECTION('',(1.23358113847239E-16,-1.,-2.7894353493707E-15));
#4642=DIRECTION('',(0.,2.22044604925031E-15,-1.));
#4643=DIRECTION('center_axis',(0.,2.22044604925031E-15,-1.));
#4644=DIRECTION('ref_axis',(-1.,0.,0.));
#4645=DIRECTION('',(3.70074341541719E-16,-1.,-2.7894353493707E-15));
#4646=DIRECTION('',(-0.707106781186547,-0.707106781186547,-1.97242865122149E-15));
#4647=DIRECTION('',(-1.,2.46716227694479E-16,6.88277207698363E-31));
#4648=DIRECTION('',(-0.707106781186548,0.707106781186547,1.97242865122149E-15));
#4649=DIRECTION('',(0.707106781186547,0.707106781186548,1.97242865122149E-15));
#4650=DIRECTION('',(1.,-1.2335811384724E-16,-3.44177724301177E-31));
#4651=DIRECTION('',(0.707106781186547,-0.707106781186547,-1.97242865122149E-15));
#4652=DIRECTION('center_axis',(0.,-2.22044604925031E-15,1.));
#4653=DIRECTION('ref_axis',(1.,0.,0.));
#4654=DIRECTION('center_axis',(0.,-2.22044604925031E-15,1.));
#4655=DIRECTION('ref_axis',(1.,0.,0.));
#4656=DIRECTION('',(-1.,3.06268416022495E-16,6.800524943673E-31));
#4657=DIRECTION('',(0.,-1.,-2.22044604925031E-15));
#4658=DIRECTION('',(1.,0.,0.));
#4659=DIRECTION('',(-0.707106781186547,0.707106781186547,0.));
#4660=DIRECTION('',(0.,-1.,0.));
#4661=DIRECTION('',(0.707106781186547,-0.707106781186547,0.));
#4662=DIRECTION('',(1.,0.,0.));
#4663=DIRECTION('center_axis',(0.,0.,1.));
#4664=DIRECTION('ref_axis',(1.,0.,0.));
#4665=DIRECTION('',(0.,0.,1.));
#4666=DIRECTION('center_axis',(0.,0.,1.));
#4667=DIRECTION('ref_axis',(1.,0.,0.));
#4668=DIRECTION('',(0.,0.,1.));
#4669=DIRECTION('center_axis',(0.,1.,0.));
#4670=DIRECTION('ref_axis',(-1.,0.,0.));
#4671=DIRECTION('',(0.,0.,1.));
#4672=DIRECTION('center_axis',(0.707106781186548,0.707106781186548,0.));
#4673=DIRECTION('ref_axis',(-0.707106781186548,0.707106781186548,0.));
#4674=DIRECTION('',(0.,0.,1.));
#4675=DIRECTION('center_axis',(1.,0.,0.));
#4676=DIRECTION('ref_axis',(0.,1.,0.));
#4677=DIRECTION('',(0.,0.,1.));
#4678=DIRECTION('center_axis',(0.707106781186548,0.707106781186548,0.));
#4679=DIRECTION('ref_axis',(-0.707106781186548,0.707106781186548,0.));
#4680=DIRECTION('',(0.,0.,1.));
#4681=DIRECTION('center_axis',(0.,-1.,0.));
#4682=DIRECTION('ref_axis',(1.,0.,0.));
#4683=DIRECTION('',(0.,0.,1.));
#4684=DIRECTION('center_axis',(-0.707106781186548,-0.707106781186548,0.));
#4685=DIRECTION('ref_axis',(0.707106781186548,-0.707106781186548,0.));
#4686=DIRECTION('',(0.,0.,1.));
#4687=DIRECTION('center_axis',(3.06268416022495E-16,1.,0.));
#4688=DIRECTION('ref_axis',(-1.,3.06268416022495E-16,0.));
#4689=DIRECTION('',(0.,0.,1.));
#4690=DIRECTION('center_axis',(0.707106781186546,0.707106781186549,0.));
#4691=DIRECTION('ref_axis',(-0.707106781186549,0.707106781186546,0.));
#4692=DIRECTION('center_axis',(1.,0.,0.));
#4693=DIRECTION('ref_axis',(0.,-1.,0.));
#4694=DIRECTION('',(0.,-1.,0.));
#4695=DIRECTION('',(0.,0.,-1.));
#4696=DIRECTION('center_axis',(0.707106781186548,0.707106781186548,0.));
#4697=DIRECTION('ref_axis',(0.707106781186548,-0.707106781186548,0.));
#4698=DIRECTION('',(0.707106781186548,-0.707106781186548,0.));
#4699=DIRECTION('center_axis',(-1.,0.,0.));
#4700=DIRECTION('ref_axis',(0.,1.,0.));
#4701=DIRECTION('',(0.,1.,0.));
#4702=DIRECTION('',(0.,0.,-1.));
#4703=DIRECTION('center_axis',(-0.707106781186548,-0.707106781186548,0.));
#4704=DIRECTION('ref_axis',(-0.707106781186548,0.707106781186548,0.));
#4705=DIRECTION('',(-0.707106781186548,0.707106781186548,0.));
#4706=DIRECTION('center_axis',(0.,0.,1.));
#4707=DIRECTION('ref_axis',(1.,0.,0.));
#4708=DIRECTION('',(0.615535791915003,-0.788108932110004,0.));
#4709=DIRECTION('',(0.675989319497099,-0.736911419321108,0.));
#4710=DIRECTION('',(0.707106781186548,-0.707106781186548,0.));
#4711=DIRECTION('',(0.736911419321108,-0.675989319497099,0.));
#4712=DIRECTION('',(0.788108932110004,-0.615535791915003,0.));
#4713=DIRECTION('',(0.84335098347077,-0.537363116224853,0.));
#4714=DIRECTION('',(0.889494832292643,-0.456945230114817,0.));
#4715=DIRECTION('',(0.927167128201925,-0.37464798996097,0.));
#4716=DIRECTION('',(0.956743499993386,-0.290932767526117,0.));
#4717=DIRECTION('',(0.978422060352887,-0.206616242862976,0.));
#4718=DIRECTION('',(0.992444298649091,-0.122696023077011,0.));
#4719=DIRECTION('',(0.999191156244173,-0.0402123523737869,0.));
#4720=DIRECTION('',(1.,0.,0.));
#4721=DIRECTION('',(0.999191156244173,0.0402123523737869,0.));
#4722=DIRECTION('',(0.992444298649091,0.122696023077011,0.));
#4723=DIRECTION('',(0.978422060352887,0.206616242862976,0.));
#4724=DIRECTION('',(0.956743499993386,0.290932767526117,0.));
#4725=DIRECTION('',(0.927167128201925,0.37464798996097,0.));
#4726=DIRECTION('',(0.889494832292643,0.456945230114817,0.));
#4727=DIRECTION('',(0.84335098347077,0.537363116224853,0.));
#4728=DIRECTION('',(0.788108932110004,0.615535791915003,0.));
#4729=DIRECTION('',(0.736911419321108,0.675989319497099,0.));
#4730=DIRECTION('',(0.707106781186548,0.707106781186548,0.));
#4731=DIRECTION('',(0.675989319497099,0.736911419321108,0.));
#4732=DIRECTION('',(0.615535791915003,0.788108932110004,0.));
#4733=DIRECTION('',(0.537363116224853,0.84335098347077,0.));
#4734=DIRECTION('',(0.456945230114817,0.889494832292643,0.));
#4735=DIRECTION('',(0.37464798996097,0.927167128201925,0.));
#4736=DIRECTION('',(0.290932767526117,0.956743499993386,0.));
#4737=DIRECTION('',(0.206616242862976,0.978422060352887,0.));
#4738=DIRECTION('',(0.122696023077011,0.992444298649091,0.));
#4739=DIRECTION('',(0.0402123523737869,0.999191156244173,0.));
#4740=DIRECTION('',(0.,1.,0.));
#4741=DIRECTION('',(-0.0402123523737869,0.999191156244173,0.));
#4742=DIRECTION('',(-0.122696023077011,0.992444298649091,0.));
#4743=DIRECTION('',(-0.206616242862976,0.978422060352887,0.));
#4744=DIRECTION('',(-0.290932767526117,0.956743499993386,0.));
#4745=DIRECTION('',(-0.37464798996097,0.927167128201925,0.));
#4746=DIRECTION('',(-0.456945230114817,0.889494832292643,0.));
#4747=DIRECTION('',(-0.537363116224853,0.84335098347077,0.));
#4748=DIRECTION('',(-0.615535791915003,0.788108932110004,0.));
#4749=DIRECTION('',(-0.675989319497099,0.736911419321108,0.));
#4750=DIRECTION('',(-0.707106781186548,0.707106781186548,0.));
#4751=DIRECTION('',(-0.736911419321108,0.675989319497099,0.));
#4752=DIRECTION('',(-0.788108932110004,0.615535791915003,0.));
#4753=DIRECTION('',(-0.84335098347077,0.537363116224853,0.));
#4754=DIRECTION('',(-0.889494832292643,0.456945230114817,0.));
#4755=DIRECTION('',(-0.927167128201925,0.37464798996097,0.));
#4756=DIRECTION('',(-0.956743499993386,0.290932767526117,0.));
#4757=DIRECTION('',(-0.978422060352887,0.206616242862976,0.));
#4758=DIRECTION('',(-0.992444298649091,0.122696023077011,0.));
#4759=DIRECTION('',(-0.999191156244173,0.0402123523737869,0.));
#4760=DIRECTION('',(-1.,0.,0.));
#4761=DIRECTION('',(-0.999191156244173,-0.0402123523737869,0.));
#4762=DIRECTION('',(-0.992444298649091,-0.122696023077011,0.));
#4763=DIRECTION('',(-0.978422060352887,-0.206616242862976,0.));
#4764=DIRECTION('',(-0.956743499993386,-0.290932767526117,0.));
#4765=DIRECTION('',(-0.927167128201925,-0.37464798996097,0.));
#4766=DIRECTION('',(-0.889494832292643,-0.456945230114817,0.));
#4767=DIRECTION('',(-0.84335098347077,-0.537363116224853,0.));
#4768=DIRECTION('',(-0.788108932110004,-0.615535791915003,0.));
#4769=DIRECTION('',(-0.736911419321108,-0.675989319497099,0.));
#4770=DIRECTION('',(-0.707106781186548,-0.707106781186548,0.));
#4771=DIRECTION('',(-0.675989319497099,-0.736911419321108,0.));
#4772=DIRECTION('',(-0.615535791915003,-0.788108932110004,0.));
#4773=DIRECTION('',(-0.537363116224853,-0.84335098347077,0.));
#4774=DIRECTION('',(-0.456945230114817,-0.889494832292643,0.));
#4775=DIRECTION('',(-0.37464798996097,-0.927167128201925,0.));
#4776=DIRECTION('',(-0.290932767526117,-0.956743499993386,0.));
#4777=DIRECTION('',(-0.206616242862976,-0.978422060352887,0.));
#4778=DIRECTION('',(-0.122696023077011,-0.992444298649091,0.));
#4779=DIRECTION('',(-0.0402123523737869,-0.999191156244173,0.));
#4780=DIRECTION('',(0.,-1.,0.));
#4781=DIRECTION('',(0.0402123523737869,-0.999191156244173,0.));
#4782=DIRECTION('',(0.122696023077011,-0.992444298649091,0.));
#4783=DIRECTION('',(0.206616242862976,-0.978422060352887,0.));
#4784=DIRECTION('',(0.290932767526117,-0.956743499993386,0.));
#4785=DIRECTION('',(0.37464798996097,-0.927167128201925,0.));
#4786=DIRECTION('',(0.456945230114817,-0.889494832292643,0.));
#4787=DIRECTION('',(0.537363116224853,-0.84335098347077,0.));
#4788=DIRECTION('center_axis',(0.,0.,-1.));
#4789=DIRECTION('ref_axis',(-1.,0.,0.));
#4790=DIRECTION('center_axis',(0.,0.,-1.));
#4791=DIRECTION('ref_axis',(-1.,0.,0.));
#4792=DIRECTION('center_axis',(-1.,0.,0.));
#4793=DIRECTION('ref_axis',(0.,-1.,0.));
#4794=DIRECTION('center_axis',(0.,0.,-1.));
#4795=DIRECTION('ref_axis',(-1.,0.,0.));
#4796=DIRECTION('',(0.,0.,-1.));
#4797=DIRECTION('center_axis',(0.,0.,-1.));
#4798=DIRECTION('ref_axis',(-1.,0.,0.));
#4799=DIRECTION('',(0.,0.,-1.));
#4800=DIRECTION('',(-0.675989319497099,0.736911419321108,0.));
#4801=DIRECTION('',(0.464051794220659,0.450559710085524,-0.762661051797085));
#4802=DIRECTION('',(0.707106781186548,-0.707106781186547,-1.97242865122149E-15));
#4803=DIRECTION('',(0.461290599906187,0.453687599081928,-0.762481832490103));
#4804=DIRECTION('center_axis',(0.539163866017194,0.539163866017194,0.646996639220627));
#4805=DIRECTION('ref_axis',(0.768221279597373,0.,-0.640184399664483));
#4806=DIRECTION('',(-0.707106781186548,0.707106781186548,0.));
#4807=DIRECTION('',(0.707106781186548,-0.707106781186547,-1.97242865122149E-15));
#4808=DIRECTION('',(0.251923584375544,0.629800009546626,-0.734769661601817));
#4809=DIRECTION('',(-0.736911419321108,0.675989319497099,0.));
#4810=DIRECTION('',(0.707106781186548,-0.707106781186547,-1.97242865122149E-15));
#4811=DIRECTION('',(0.248600428699141,0.631829869414055,-0.734158595241397));
#4812=DIRECTION('',(-0.788108932110004,0.615535791915003,0.));
#4813=DIRECTION('',(0.707106781186548,-0.707106781186547,-1.97242865122149E-15));
#4814=DIRECTION('',(0.233039679531815,0.639181154782863,-0.732898327965179));
#4815=DIRECTION('',(-0.84335098347077,0.537363116224853,0.));
#4816=DIRECTION('',(0.707106781186548,-0.707106781186547,-1.97242865122149E-15));
#4817=DIRECTION('',(0.210768556886419,0.64647753259399,-0.733241716815951));
#4818=DIRECTION('',(-0.889494832292643,0.456945230114817,0.));
#4819=DIRECTION('',(0.707106781186548,-0.707106781186547,-1.97242865122149E-15));
#4820=DIRECTION('',(0.184017439302466,0.651884698287518,-0.735652038786786));
#4821=DIRECTION('',(-0.927167128201925,0.37464798996097,0.));
#4822=DIRECTION('',(0.707106781186548,-0.707106781186547,-1.97242865122149E-15));
#4823=DIRECTION('',(0.153666434153409,0.654547672317249,-0.740239131415415));
#4824=DIRECTION('',(-0.956743499993386,0.290932767526117,0.));
#4825=DIRECTION('',(0.707106781186548,-0.707106781186547,-1.97242865122149E-15));
#4826=DIRECTION('',(0.120077249297849,0.653842034581572,-0.747042199621476));
#4827=DIRECTION('',(-0.978422060352887,0.206616242862976,0.));
#4828=DIRECTION('',(0.707106781186548,-0.707106781186547,-1.97242865122149E-15));
#4829=DIRECTION('',(0.0833403935850094,0.649146662207568,-0.756083983259709));
#4830=DIRECTION('',(-0.992444298649091,0.122696023077011,0.));
#4831=DIRECTION('',(0.707106781186548,-0.707106781186547,-1.97242865122149E-15));
#4832=DIRECTION('',(0.0433776710251824,0.639734177068833,-0.767371201144852));
#4833=DIRECTION('',(-0.999191156244173,0.0402123523737869,0.));
#4834=DIRECTION('',(0.707106781186548,-0.707106781186547,-1.97242865122149E-15));
#4835=DIRECTION('',(-3.46775412582112E-16,0.62469504755442,-0.780868809443034));
#4836=DIRECTION('center_axis',(0.,0.780868809443034,0.62469504755442));
#4837=DIRECTION('ref_axis',(1.,0.,0.));
#4838=DIRECTION('',(-1.,0.,0.));
#4839=DIRECTION('',(1.,-2.46716227694479E-16,-6.88277207698363E-31));
#4840=DIRECTION('',(-0.255646950448373,0.603936561593871,-0.754920701992348));
#4841=DIRECTION('',(-0.999191156244173,-0.0402123523737869,0.));
#4842=DIRECTION('',(1.,-2.46716227694479E-16,-6.88277207698363E-31));
#4843=DIRECTION('',(-0.259156192782438,0.601608456422886,-0.755582777002616));
#4844=DIRECTION('',(-0.992444298649091,-0.122696023077011,0.));
#4845=DIRECTION('',(1.,-2.46716227694479E-16,-6.88277207698363E-31));
#4846=DIRECTION('',(-0.262985574262777,0.595800185873083,-0.758854878249641));
#4847=DIRECTION('',(-0.978422060352887,-0.206616242862976,0.));
#4848=DIRECTION('',(1.,-2.46716227694479E-16,-6.88277207698363E-31));
#4849=DIRECTION('',(-0.26670059300185,0.586623764562763,-0.764685132942098));
#4850=DIRECTION('',(-0.956743499993386,-0.290932767526117,0.));
#4851=DIRECTION('',(1.,-2.46716227694479E-16,-6.88277207698363E-31));
#4852=DIRECTION('',(-0.269848203057031,0.574143642527826,-0.773007778131483));
#4853=DIRECTION('',(-0.927167128201925,-0.37464798996097,0.));
#4854=DIRECTION('',(0.707106781186547,0.707106781186547,1.97242865122149E-15));
#4855=DIRECTION('',(-0.303807628610635,0.566551576144987,-0.765976655235402));
#4856=DIRECTION('',(-0.889494832292643,-0.456945230114817,0.));
#4857=DIRECTION('',(0.707106781186547,0.707106781186547,1.97242865122149E-15));
#4858=DIRECTION('',(-0.333878783975608,0.556013927071915,-0.761165862682396));
#4859=DIRECTION('',(-0.84335098347077,-0.537363116224853,0.));
#4860=DIRECTION('',(0.707106781186547,0.707106781186547,1.97242865122149E-15));
#4861=DIRECTION('',(-0.359126482520225,0.543666723634921,-0.758587281177796));
#4862=DIRECTION('',(-0.788108932110004,-0.615535791915003,0.));
#4863=DIRECTION('',(0.707106781186547,0.707106781186547,1.97242865122149E-15));
#4864=DIRECTION('',(-0.377038068375994,0.53210038368771,-0.758097273886862));
#4865=DIRECTION('',(-0.736911419321108,-0.675989319497099,0.));
#4866=DIRECTION('',(0.707106781186547,0.707106781186547,1.97242865122149E-15));
#4867=DIRECTION('',(-0.380944507750149,0.529017646108167,-0.758301794881939));
#4868=DIRECTION('center_axis',(-0.539163866017195,0.539163866017195,0.646996639220626));
#4869=DIRECTION('ref_axis',(0.768221279597372,0.,0.640184399664485));
#4870=DIRECTION('',(-0.707106781186548,-0.707106781186548,0.));
#4871=DIRECTION('',(0.707106781186547,0.707106781186547,1.97242865122149E-15));
#4872=DIRECTION('',(-0.606631673275456,0.284272216440945,-0.74241990809701));
#4873=DIRECTION('',(-0.675989319497099,-0.736911419321108,0.));
#4874=DIRECTION('',(0.707106781186547,0.707106781186547,1.97242865122149E-15));
#4875=DIRECTION('',(-0.609261062543776,0.280303652589941,-0.741775451206608));
#4876=DIRECTION('',(-0.615535791915003,-0.788108932110004,0.));
#4877=DIRECTION('',(0.707106781186547,0.707106781186547,1.97242865122149E-15));
#4878=DIRECTION('',(-0.619042746765072,0.262046131026711,-0.740349851686003));
#4879=DIRECTION('',(-0.537363116224853,-0.84335098347077,0.));
#4880=DIRECTION('',(0.707106781186547,0.707106781186547,1.97242865122149E-15));
#4881=DIRECTION('',(-0.629280623480432,0.236311238531712,-0.740380237078008));
#4882=DIRECTION('',(-0.456945230114817,-0.889494832292643,0.));
#4883=DIRECTION('',(0.707106781186547,0.707106781186547,1.97242865122149E-15));
#4884=DIRECTION('',(-0.637711587507945,0.205735060129525,-0.742291732536203));
#4885=DIRECTION('',(-0.37464798996097,-0.927167128201925,0.));
#4886=DIRECTION('',(0.707106781186547,0.707106781186547,1.97242865122149E-15));
#4887=DIRECTION('',(-0.64334294428902,0.171335252907986,-0.746159558770436));
#4888=DIRECTION('',(-0.290932767526117,-0.956743499993386,0.));
#4889=DIRECTION('',(0.707106781186547,0.707106781186547,1.97242865122149E-15));
#4890=DIRECTION('',(-0.645512356122848,0.133529159309287,-0.751986543567692));
#4891=DIRECTION('',(-0.206616242862976,-0.978422060352887,0.));
#4892=DIRECTION('',(0.707106781186547,0.707106781186547,1.97242865122149E-15));
#4893=DIRECTION('',(-0.643609037596999,0.0924319645601116,-0.759752419312386));
#4894=DIRECTION('',(-0.122696023077011,-0.992444298649091,0.));
#4895=DIRECTION('',(0.707106781186547,0.707106781186547,1.97242865122149E-15));
#4896=DIRECTION('',(-0.636948479840252,0.0479799286339527,-0.769411827617351));
#4897=DIRECTION('',(-0.0402123523737869,-0.999191156244173,0.));
#4898=DIRECTION('',(0.707106781186547,0.707106781186547,1.97242865122149E-15));
#4899=DIRECTION('',(-0.624695047554421,-2.7742033006569E-15,-0.780868809443033));
#4900=DIRECTION('center_axis',(-0.780868809443033,0.,0.624695047554421));
#4901=DIRECTION('ref_axis',(0.624695047554421,0.,0.780868809443033));
#4902=DIRECTION('',(0.,-1.,0.));
#4903=DIRECTION('',(-3.70074341541719E-16,1.,2.7894353493707E-15));
#4904=DIRECTION('',(-0.603936561593881,-0.255646950448375,-0.75492070199234));
#4905=DIRECTION('',(0.0402123523737869,-0.999191156244173,0.));
#4906=DIRECTION('',(-3.70074341541719E-16,1.,2.7894353493707E-15));
#4907=DIRECTION('',(-0.601608456422896,-0.259156192782441,-0.755582777002607));
#4908=DIRECTION('',(0.122696023077011,-0.992444298649091,0.));
#4909=DIRECTION('',(-3.70074341541719E-16,1.,2.7894353493707E-15));
#4910=DIRECTION('',(-0.595800185873093,-0.26298557426278,-0.758854878249632));
#4911=DIRECTION('',(0.206616242862976,-0.978422060352887,0.));
#4912=DIRECTION('',(-3.70074341541719E-16,1.,2.7894353493707E-15));
#4913=DIRECTION('',(-0.586623764562773,-0.266700593001853,-0.764685132942089));
#4914=DIRECTION('',(0.290932767526117,-0.956743499993386,0.));
#4915=DIRECTION('',(-3.70074341541719E-16,1.,2.7894353493707E-15));
#4916=DIRECTION('',(-0.574143642527836,-0.269848203057034,-0.773007778131474));
#4917=DIRECTION('',(0.37464798996097,-0.927167128201925,0.));
#4918=DIRECTION('',(-0.707106781186547,0.707106781186547,1.97242865122149E-15));
#4919=DIRECTION('',(-0.566551576144997,-0.303807628610639,-0.765976655235393));
#4920=DIRECTION('',(0.456945230114817,-0.889494832292643,0.));
#4921=DIRECTION('',(-0.707106781186547,0.707106781186547,1.97242865122149E-15));
#4922=DIRECTION('',(-0.556013927071924,-0.333878783975612,-0.761165862682388));
#4923=DIRECTION('',(0.537363116224853,-0.84335098347077,0.));
#4924=DIRECTION('',(-0.707106781186547,0.707106781186547,1.97242865122149E-15));
#4925=DIRECTION('',(-0.543666723634931,-0.359126482520228,-0.758587281177788));
#4926=DIRECTION('',(0.615535791915003,-0.788108932110004,0.));
#4927=DIRECTION('',(-0.707106781186547,0.707106781186547,1.97242865122149E-15));
#4928=DIRECTION('',(-0.532100383687719,-0.377038068375998,-0.758097273886853));
#4929=DIRECTION('',(0.675989319497099,-0.736911419321108,0.));
#4930=DIRECTION('',(-0.707106781186547,0.707106781186547,1.97242865122149E-15));
#4931=DIRECTION('',(-0.529017646108177,-0.380944507750153,-0.758301794881931));
#4932=DIRECTION('center_axis',(-0.539163866017189,-0.539163866017189,0.646996639220636));
#4933=DIRECTION('ref_axis',(0.76822127959738,0.,0.640184399664475));
#4934=DIRECTION('',(0.707106781186548,-0.707106781186548,0.));
#4935=DIRECTION('',(-0.707106781186547,0.707106781186547,1.97242865122149E-15));
#4936=DIRECTION('',(-0.284272216440952,-0.606631673275462,-0.742419908097003));
#4937=DIRECTION('',(0.736911419321108,-0.675989319497099,0.));
#4938=DIRECTION('',(-0.707106781186547,0.707106781186547,1.97242865122149E-15));
#4939=DIRECTION('',(-0.280303652589949,-0.609261062543782,-0.7417754512066));
#4940=DIRECTION('',(0.788108932110004,-0.615535791915003,0.));
#4941=DIRECTION('',(-0.707106781186547,0.707106781186547,1.97242865122149E-15));
#4942=DIRECTION('',(-0.262046131026718,-0.619042746765078,-0.740349851685995));
#4943=DIRECTION('',(0.84335098347077,-0.537363116224853,0.));
#4944=DIRECTION('',(-0.707106781186547,0.707106781186547,1.97242865122149E-15));
#4945=DIRECTION('',(-0.236311238531718,-0.629280623480438,-0.740380237078001));
#4946=DIRECTION('',(0.889494832292643,-0.456945230114817,0.));
#4947=DIRECTION('',(-0.707106781186547,0.707106781186547,1.97242865122149E-15));
#4948=DIRECTION('',(-0.20573506012953,-0.637711587507952,-0.742291732536195));
#4949=DIRECTION('',(0.927167128201925,-0.37464798996097,0.));
#4950=DIRECTION('',(-0.707106781186547,0.707106781186547,1.97242865122149E-15));
#4951=DIRECTION('',(-0.171335252907992,-0.643342944289026,-0.746159558770429));
#4952=DIRECTION('',(0.956743499993386,-0.290932767526117,0.));
#4953=DIRECTION('',(-0.707106781186547,0.707106781186547,1.97242865122149E-15));
#4954=DIRECTION('',(-0.133529159309293,-0.645512356122855,-0.751986543567685));
#4955=DIRECTION('',(0.978422060352887,-0.206616242862976,0.));
#4956=DIRECTION('',(-0.707106781186547,0.707106781186547,1.97242865122149E-15));
#4957=DIRECTION('',(-0.0924319645601168,-0.643609037597007,-0.759752419312379));
#4958=DIRECTION('',(0.992444298649091,-0.122696023077011,0.));
#4959=DIRECTION('',(-0.707106781186547,0.707106781186547,1.97242865122149E-15));
#4960=DIRECTION('',(-0.0479799286339582,-0.63694847984026,-0.769411827617345));
#4961=DIRECTION('',(0.999191156244173,-0.0402123523737869,0.));
#4962=DIRECTION('',(-0.707106781186547,0.707106781186547,1.97242865122149E-15));
#4963=DIRECTION('',(-1.04032623774635E-15,-0.624695047554428,-0.780868809443027));
#4964=DIRECTION('center_axis',(0.,-0.780868809443027,0.624695047554428));
#4965=DIRECTION('ref_axis',(1.,0.,0.));
#4966=DIRECTION('',(1.,0.,0.));
#4967=DIRECTION('',(-1.,1.2335811384724E-16,3.44177724301177E-31));
#4968=DIRECTION('',(0.255646950448375,-0.603936561593879,-0.754920701992341));
#4969=DIRECTION('',(0.999191156244173,0.0402123523737869,0.));
#4970=DIRECTION('',(-1.,1.2335811384724E-16,3.44177724301177E-31));
#4971=DIRECTION('',(0.259156192782441,-0.601608456422894,-0.755582777002608));
#4972=DIRECTION('',(0.992444298649091,0.122696023077011,0.));
#4973=DIRECTION('',(-1.,1.2335811384724E-16,3.44177724301177E-31));
#4974=DIRECTION('',(0.26298557426278,-0.595800185873091,-0.758854878249633));
#4975=DIRECTION('',(0.978422060352887,0.206616242862976,0.));
#4976=DIRECTION('',(-1.,1.2335811384724E-16,3.44177724301177E-31));
#4977=DIRECTION('',(0.266700593001853,-0.586623764562771,-0.76468513294209));
#4978=DIRECTION('',(0.956743499993386,0.290932767526117,0.));
#4979=DIRECTION('',(-1.,1.2335811384724E-16,3.44177724301177E-31));
#4980=DIRECTION('',(0.269848203057035,-0.574143642527834,-0.773007778131475));
#4981=DIRECTION('',(0.927167128201925,0.37464798996097,0.));
#4982=DIRECTION('',(-0.707106781186547,-0.707106781186548,-1.97242865122149E-15));
#4983=DIRECTION('',(0.303807628610639,-0.566551576144996,-0.765976655235394));
#4984=DIRECTION('',(0.889494832292643,0.456945230114817,0.));
#4985=DIRECTION('',(-0.707106781186547,-0.707106781186548,-1.97242865122149E-15));
#4986=DIRECTION('',(0.333878783975612,-0.556013927071923,-0.761165862682389));
#4987=DIRECTION('',(0.84335098347077,0.537363116224853,0.));
#4988=DIRECTION('',(-0.707106781186547,-0.707106781186548,-1.97242865122149E-15));
#4989=DIRECTION('',(0.359126482520229,-0.543666723634928,-0.758587281177789));
#4990=DIRECTION('',(0.788108932110004,0.615535791915003,0.));
#4991=DIRECTION('',(-0.707106781186547,-0.707106781186548,-1.97242865122149E-15));
#4992=DIRECTION('',(0.377038068375999,-0.532100383687717,-0.758097273886854));
#4993=DIRECTION('',(0.736911419321108,0.675989319497099,0.));
#4994=DIRECTION('',(-0.707106781186547,-0.707106781186548,-1.97242865122149E-15));
#4995=DIRECTION('',(0.380944507750153,-0.529017646108175,-0.758301794881932));
#4996=DIRECTION('center_axis',(0.53916386601719,-0.53916386601719,0.646996639220634));
#4997=DIRECTION('ref_axis',(0.768221279597379,0.,-0.640184399664476));
#4998=DIRECTION('',(0.707106781186548,0.707106781186548,0.));
#4999=DIRECTION('',(-0.707106781186547,-0.707106781186548,-1.97242865122149E-15));
#5000=DIRECTION('',(0.606631673275462,-0.284272216440949,-0.742419908097003));
#5001=DIRECTION('',(0.675989319497099,0.736911419321108,0.));
#5002=DIRECTION('',(-0.707106781186547,-0.707106781186548,-1.97242865122149E-15));
#5003=DIRECTION('',(0.609261062543783,-0.280303652589945,-0.741775451206601));
#5004=DIRECTION('',(0.615535791915003,0.788108932110004,0.));
#5005=DIRECTION('',(-0.707106781186547,-0.707106781186548,-1.97242865122149E-15));
#5006=DIRECTION('',(0.61904274676508,-0.262046131026714,-0.740349851685996));
#5007=DIRECTION('',(0.537363116224853,0.84335098347077,0.));
#5008=DIRECTION('',(-0.707106781186547,-0.707106781186548,-1.97242865122149E-15));
#5009=DIRECTION('',(0.629280623480439,-0.236311238531715,-0.740380237078001));
#5010=DIRECTION('',(0.456945230114817,0.889494832292643,0.));
#5011=DIRECTION('',(-0.707106781186547,-0.707106781186548,-1.97242865122149E-15));
#5012=DIRECTION('',(0.637711587507952,-0.205735060129527,-0.742291732536196));
#5013=DIRECTION('',(0.37464798996097,0.927167128201925,0.));
#5014=DIRECTION('',(-0.707106781186547,-0.707106781186548,-1.97242865122149E-15));
#5015=DIRECTION('',(0.643342944289027,-0.171335252907989,-0.746159558770429));
#5016=DIRECTION('',(0.290932767526117,0.956743499993386,0.));
#5017=DIRECTION('',(-0.707106781186547,-0.707106781186548,-1.97242865122149E-15));
#5018=DIRECTION('',(0.645512356122855,-0.133529159309289,-0.751986543567686));
#5019=DIRECTION('',(0.206616242862976,0.978422060352887,0.));
#5020=DIRECTION('',(-0.707106781186547,-0.707106781186548,-1.97242865122149E-15));
#5021=DIRECTION('',(0.643609037597006,-0.092431964560113,-0.759752419312379));
#5022=DIRECTION('',(0.122696023077011,0.992444298649091,0.));
#5023=DIRECTION('',(-0.707106781186547,-0.707106781186548,-1.97242865122149E-15));
#5024=DIRECTION('',(0.63694847984026,-0.0479799286339543,-0.769411827617345));
#5025=DIRECTION('',(0.0402123523737869,0.999191156244173,0.));
#5026=DIRECTION('',(-0.707106781186547,-0.707106781186548,-1.97242865122149E-15));
#5027=DIRECTION('',(0.624695047554429,3.12097871323905E-15,-0.780868809443027));
#5028=DIRECTION('center_axis',(0.780868809443027,0.,0.624695047554429));
#5029=DIRECTION('ref_axis',(0.624695047554429,0.,-0.780868809443027));
#5030=DIRECTION('',(0.,1.,0.));
#5031=DIRECTION('',(0.568708867313641,0.413776750932206,-0.710886084142054));
#5032=DIRECTION('',(-0.0402123523737869,0.999191156244173,0.));
#5033=DIRECTION('',(0.565622637907966,0.418833600699701,-0.710386828714439));
#5034=DIRECTION('',(-0.122696023077011,0.992444298649091,0.));
#5035=DIRECTION('',(0.559113749367367,0.424576312748508,-0.712128338097317));
#5036=DIRECTION('',(-0.206616242862976,0.978422060352887,0.));
#5037=DIRECTION('',(0.549341962356383,0.430630776989811,-0.716086965600959));
#5038=DIRECTION('',(-0.290932767526117,0.956743499993386,0.));
#5039=DIRECTION('',(0.536430705918,0.436603413431004,-0.722232342898539));
#5040=DIRECTION('',(-0.37464798996097,0.927167128201925,0.));
#5041=DIRECTION('',(0.520546664768589,0.442063872773999,-0.730486620128221));
#5042=DIRECTION('',(-0.456945230114817,0.889494832292643,0.));
#5043=DIRECTION('',(0.502075686917655,0.446532434190194,-0.740627294813217));
#5044=DIRECTION('',(-0.537363116224853,0.84335098347077,0.));
#5045=DIRECTION('',(0.482093817994899,0.449494772467683,-0.752023935905851));
#5046=DIRECTION('',(-0.615535791915003,0.788108932110004,0.));
#5047=DIRECTION('center_axis',(-0.707106781186548,0.707106781186547,1.57009245868377E-15));
#5048=DIRECTION('ref_axis',(-0.707106781186547,-0.707106781186548,-1.97242865122149E-15));
#5049=DIRECTION('',(0.,2.22044604925031E-15,-1.));
#5050=DIRECTION('center_axis',(1.2335811384724E-16,1.,2.22044604925031E-15));
#5051=DIRECTION('ref_axis',(-1.,1.2335811384724E-16,3.44177724301177E-31));
#5052=DIRECTION('',(0.,2.22044604925031E-15,-1.));
#5053=DIRECTION('center_axis',(0.707106781186548,0.707106781186548,1.57009245868378E-15));
#5054=DIRECTION('ref_axis',(-0.707106781186548,0.707106781186548,1.97242865122149E-15));
#5055=DIRECTION('',(0.,2.22044604925031E-15,-1.));
#5056=DIRECTION('center_axis',(1.,3.70074341541719E-16,8.2173010960522E-31));
#5057=DIRECTION('ref_axis',(-3.70074341541719E-16,1.,2.7894353493707E-15));
#5058=DIRECTION('',(0.,2.22044604925031E-15,-1.));
#5059=DIRECTION('center_axis',(0.707106781186548,-0.707106781186548,-1.57009245868378E-15));
#5060=DIRECTION('ref_axis',(0.707106781186548,0.707106781186548,1.97242865122149E-15));
#5061=DIRECTION('',(0.,2.22044604925031E-15,-1.));
#5062=DIRECTION('center_axis',(-2.46716227694479E-16,-1.,-2.22044604925031E-15));
#5063=DIRECTION('ref_axis',(1.,-2.46716227694479E-16,-6.88277207698363E-31));
#5064=DIRECTION('',(0.,2.22044604925031E-15,-1.));
#5065=DIRECTION('center_axis',(-0.707106781186547,-0.707106781186548,-1.57009245868378E-15));
#5066=DIRECTION('ref_axis',(0.707106781186548,-0.707106781186547,-1.97242865122149E-15));
#5067=DIRECTION('center_axis',(-0.736911419321108,-0.675989319497099,0.));
#5068=DIRECTION('ref_axis',(-0.675989319497099,0.736911419321108,0.));
#5069=DIRECTION('',(0.,0.,1.));
#5070=DIRECTION('',(0.,0.,-1.));
#5071=DIRECTION('center_axis',(-0.707106781186548,-0.707106781186548,0.));
#5072=DIRECTION('ref_axis',(-0.707106781186547,0.707106781186547,0.));
#5073=DIRECTION('',(0.,0.,-1.));
#5074=DIRECTION('center_axis',(-0.675989319497099,-0.736911419321108,0.));
#5075=DIRECTION('ref_axis',(-0.736911419321108,0.675989319497099,0.));
#5076=DIRECTION('',(0.,0.,-1.));
#5077=DIRECTION('center_axis',(-0.615535791915003,-0.788108932110004,0.));
#5078=DIRECTION('ref_axis',(-0.788108932110004,0.615535791915003,0.));
#5079=DIRECTION('',(0.,0.,-1.));
#5080=DIRECTION('center_axis',(-0.537363116224853,-0.84335098347077,0.));
#5081=DIRECTION('ref_axis',(-0.84335098347077,0.537363116224853,0.));
#5082=DIRECTION('',(0.,0.,-1.));
#5083=DIRECTION('center_axis',(-0.456945230114817,-0.889494832292643,0.));
#5084=DIRECTION('ref_axis',(-0.889494832292643,0.456945230114817,0.));
#5085=DIRECTION('',(0.,0.,-1.));
#5086=DIRECTION('center_axis',(-0.37464798996097,-0.927167128201925,0.));
#5087=DIRECTION('ref_axis',(-0.927167128201925,0.37464798996097,0.));
#5088=DIRECTION('',(0.,0.,-1.));
#5089=DIRECTION('center_axis',(-0.290932767526117,-0.956743499993386,0.));
#5090=DIRECTION('ref_axis',(-0.956743499993386,0.290932767526117,0.));
#5091=DIRECTION('',(0.,0.,-1.));
#5092=DIRECTION('center_axis',(-0.206616242862976,-0.978422060352887,0.));
#5093=DIRECTION('ref_axis',(-0.978422060352887,0.206616242862976,0.));
#5094=DIRECTION('',(0.,0.,-1.));
#5095=DIRECTION('center_axis',(-0.122696023077011,-0.992444298649091,0.));
#5096=DIRECTION('ref_axis',(-0.992444298649091,0.122696023077011,0.));
#5097=DIRECTION('',(0.,0.,-1.));
#5098=DIRECTION('center_axis',(-0.0402123523737869,-0.999191156244173,0.));
#5099=DIRECTION('ref_axis',(-0.999191156244173,0.0402123523737869,0.));
#5100=DIRECTION('',(0.,0.,-1.));
#5101=DIRECTION('center_axis',(0.,-1.,0.));
#5102=DIRECTION('ref_axis',(-1.,0.,0.));
#5103=DIRECTION('',(0.,0.,-1.));
#5104=DIRECTION('center_axis',(0.0402123523737869,-0.999191156244173,0.));
#5105=DIRECTION('ref_axis',(-0.999191156244173,-0.0402123523737869,0.));
#5106=DIRECTION('',(0.,0.,-1.));
#5107=DIRECTION('center_axis',(0.122696023077011,-0.992444298649091,0.));
#5108=DIRECTION('ref_axis',(-0.992444298649091,-0.122696023077011,0.));
#5109=DIRECTION('',(0.,0.,-1.));
#5110=DIRECTION('center_axis',(0.206616242862976,-0.978422060352887,0.));
#5111=DIRECTION('ref_axis',(-0.978422060352887,-0.206616242862976,0.));
#5112=DIRECTION('',(0.,0.,-1.));
#5113=DIRECTION('center_axis',(0.290932767526117,-0.956743499993386,0.));
#5114=DIRECTION('ref_axis',(-0.956743499993386,-0.290932767526117,0.));
#5115=DIRECTION('',(0.,0.,-1.));
#5116=DIRECTION('center_axis',(0.37464798996097,-0.927167128201925,0.));
#5117=DIRECTION('ref_axis',(-0.927167128201925,-0.37464798996097,0.));
#5118=DIRECTION('',(0.,0.,-1.));
#5119=DIRECTION('center_axis',(0.456945230114817,-0.889494832292643,0.));
#5120=DIRECTION('ref_axis',(-0.889494832292643,-0.456945230114817,0.));
#5121=DIRECTION('',(0.,0.,-1.));
#5122=DIRECTION('center_axis',(0.537363116224853,-0.84335098347077,0.));
#5123=DIRECTION('ref_axis',(-0.84335098347077,-0.537363116224853,0.));
#5124=DIRECTION('',(0.,0.,-1.));
#5125=DIRECTION('center_axis',(0.615535791915003,-0.788108932110004,0.));
#5126=DIRECTION('ref_axis',(-0.788108932110004,-0.615535791915003,0.));
#5127=DIRECTION('',(0.,0.,-1.));
#5128=DIRECTION('center_axis',(0.675989319497099,-0.736911419321108,0.));
#5129=DIRECTION('ref_axis',(-0.736911419321108,-0.675989319497099,0.));
#5130=DIRECTION('',(0.,0.,-1.));
#5131=DIRECTION('center_axis',(0.707106781186548,-0.707106781186548,0.));
#5132=DIRECTION('ref_axis',(-0.707106781186547,-0.707106781186547,0.));
#5133=DIRECTION('',(0.,0.,-1.));
#5134=DIRECTION('center_axis',(0.736911419321108,-0.675989319497099,0.));
#5135=DIRECTION('ref_axis',(-0.675989319497099,-0.736911419321108,0.));
#5136=DIRECTION('',(0.,0.,-1.));
#5137=DIRECTION('center_axis',(0.788108932110004,-0.615535791915003,0.));
#5138=DIRECTION('ref_axis',(-0.615535791915003,-0.788108932110004,0.));
#5139=DIRECTION('',(0.,0.,-1.));
#5140=DIRECTION('center_axis',(0.84335098347077,-0.537363116224853,0.));
#5141=DIRECTION('ref_axis',(-0.537363116224853,-0.84335098347077,0.));
#5142=DIRECTION('',(0.,0.,-1.));
#5143=DIRECTION('center_axis',(0.889494832292643,-0.456945230114817,0.));
#5144=DIRECTION('ref_axis',(-0.456945230114817,-0.889494832292643,0.));
#5145=DIRECTION('',(0.,0.,-1.));
#5146=DIRECTION('center_axis',(0.927167128201925,-0.37464798996097,0.));
#5147=DIRECTION('ref_axis',(-0.37464798996097,-0.927167128201925,0.));
#5148=DIRECTION('',(0.,0.,-1.));
#5149=DIRECTION('center_axis',(0.956743499993386,-0.290932767526117,0.));
#5150=DIRECTION('ref_axis',(-0.290932767526117,-0.956743499993386,0.));
#5151=DIRECTION('',(0.,0.,-1.));
#5152=DIRECTION('center_axis',(0.978422060352887,-0.206616242862976,0.));
#5153=DIRECTION('ref_axis',(-0.206616242862976,-0.978422060352887,0.));
#5154=DIRECTION('',(0.,0.,-1.));
#5155=DIRECTION('center_axis',(0.992444298649091,-0.122696023077011,0.));
#5156=DIRECTION('ref_axis',(-0.122696023077011,-0.992444298649091,0.));
#5157=DIRECTION('',(0.,0.,-1.));
#5158=DIRECTION('center_axis',(0.999191156244173,-0.0402123523737869,0.));
#5159=DIRECTION('ref_axis',(-0.0402123523737869,-0.999191156244173,0.));
#5160=DIRECTION('',(0.,0.,-1.));
#5161=DIRECTION('center_axis',(1.,0.,0.));
#5162=DIRECTION('ref_axis',(0.,-1.,0.));
#5163=DIRECTION('',(0.,0.,-1.));
#5164=DIRECTION('center_axis',(0.999191156244173,0.0402123523737869,0.));
#5165=DIRECTION('ref_axis',(0.0402123523737869,-0.999191156244173,0.));
#5166=DIRECTION('',(0.,0.,-1.));
#5167=DIRECTION('center_axis',(0.992444298649091,0.122696023077011,0.));
#5168=DIRECTION('ref_axis',(0.122696023077011,-0.992444298649091,0.));
#5169=DIRECTION('',(0.,0.,-1.));
#5170=DIRECTION('center_axis',(0.978422060352887,0.206616242862976,0.));
#5171=DIRECTION('ref_axis',(0.206616242862976,-0.978422060352887,0.));
#5172=DIRECTION('',(0.,0.,-1.));
#5173=DIRECTION('center_axis',(0.956743499993386,0.290932767526117,0.));
#5174=DIRECTION('ref_axis',(0.290932767526117,-0.956743499993386,0.));
#5175=DIRECTION('',(0.,0.,-1.));
#5176=DIRECTION('center_axis',(0.927167128201925,0.37464798996097,0.));
#5177=DIRECTION('ref_axis',(0.37464798996097,-0.927167128201925,0.));
#5178=DIRECTION('',(0.,0.,-1.));
#5179=DIRECTION('center_axis',(0.889494832292643,0.456945230114817,0.));
#5180=DIRECTION('ref_axis',(0.456945230114817,-0.889494832292643,0.));
#5181=DIRECTION('',(0.,0.,-1.));
#5182=DIRECTION('center_axis',(0.84335098347077,0.537363116224853,0.));
#5183=DIRECTION('ref_axis',(0.537363116224853,-0.84335098347077,0.));
#5184=DIRECTION('',(0.,0.,-1.));
#5185=DIRECTION('center_axis',(0.788108932110004,0.615535791915003,0.));
#5186=DIRECTION('ref_axis',(0.615535791915003,-0.788108932110004,0.));
#5187=DIRECTION('',(0.,0.,-1.));
#5188=DIRECTION('center_axis',(0.736911419321108,0.675989319497099,0.));
#5189=DIRECTION('ref_axis',(0.675989319497099,-0.736911419321108,0.));
#5190=DIRECTION('',(0.,0.,-1.));
#5191=DIRECTION('center_axis',(0.707106781186548,0.707106781186548,0.));
#5192=DIRECTION('ref_axis',(0.707106781186547,-0.707106781186547,0.));
#5193=DIRECTION('',(0.,0.,-1.));
#5194=DIRECTION('center_axis',(0.675989319497099,0.736911419321108,0.));
#5195=DIRECTION('ref_axis',(0.736911419321108,-0.675989319497099,0.));
#5196=DIRECTION('',(0.,0.,-1.));
#5197=DIRECTION('center_axis',(0.615535791915003,0.788108932110004,0.));
#5198=DIRECTION('ref_axis',(0.788108932110004,-0.615535791915003,0.));
#5199=DIRECTION('',(0.,0.,-1.));
#5200=DIRECTION('center_axis',(0.537363116224853,0.84335098347077,0.));
#5201=DIRECTION('ref_axis',(0.84335098347077,-0.537363116224853,0.));
#5202=DIRECTION('',(0.,0.,-1.));
#5203=DIRECTION('center_axis',(0.456945230114817,0.889494832292643,0.));
#5204=DIRECTION('ref_axis',(0.889494832292643,-0.456945230114817,0.));
#5205=DIRECTION('',(0.,0.,-1.));
#5206=DIRECTION('center_axis',(0.37464798996097,0.927167128201925,0.));
#5207=DIRECTION('ref_axis',(0.927167128201925,-0.37464798996097,0.));
#5208=DIRECTION('',(0.,0.,-1.));
#5209=DIRECTION('center_axis',(0.290932767526117,0.956743499993386,0.));
#5210=DIRECTION('ref_axis',(0.956743499993386,-0.290932767526117,0.));
#5211=DIRECTION('',(0.,0.,-1.));
#5212=DIRECTION('center_axis',(0.206616242862976,0.978422060352887,0.));
#5213=DIRECTION('ref_axis',(0.978422060352887,-0.206616242862976,0.));
#5214=DIRECTION('',(0.,0.,-1.));
#5215=DIRECTION('center_axis',(0.122696023077011,0.992444298649091,0.));
#5216=DIRECTION('ref_axis',(0.992444298649091,-0.122696023077011,0.));
#5217=DIRECTION('',(0.,0.,-1.));
#5218=DIRECTION('center_axis',(0.0402123523737869,0.999191156244173,0.));
#5219=DIRECTION('ref_axis',(0.999191156244173,-0.0402123523737869,0.));
#5220=DIRECTION('',(0.,0.,-1.));
#5221=DIRECTION('center_axis',(0.,1.,0.));
#5222=DIRECTION('ref_axis',(1.,0.,0.));
#5223=DIRECTION('',(0.,0.,-1.));
#5224=DIRECTION('center_axis',(-0.0402123523737869,0.999191156244173,0.));
#5225=DIRECTION('ref_axis',(0.999191156244173,0.0402123523737869,0.));
#5226=DIRECTION('',(0.,0.,-1.));
#5227=DIRECTION('center_axis',(-0.122696023077011,0.992444298649091,0.));
#5228=DIRECTION('ref_axis',(0.992444298649091,0.122696023077011,0.));
#5229=DIRECTION('',(0.,0.,-1.));
#5230=DIRECTION('center_axis',(-0.206616242862976,0.978422060352887,0.));
#5231=DIRECTION('ref_axis',(0.978422060352887,0.206616242862976,0.));
#5232=DIRECTION('',(0.,0.,-1.));
#5233=DIRECTION('center_axis',(-0.290932767526117,0.956743499993386,0.));
#5234=DIRECTION('ref_axis',(0.956743499993386,0.290932767526117,0.));
#5235=DIRECTION('',(0.,0.,-1.));
#5236=DIRECTION('center_axis',(-0.37464798996097,0.927167128201925,0.));
#5237=DIRECTION('ref_axis',(0.927167128201925,0.37464798996097,0.));
#5238=DIRECTION('',(0.,0.,-1.));
#5239=DIRECTION('center_axis',(-0.456945230114817,0.889494832292643,0.));
#5240=DIRECTION('ref_axis',(0.889494832292643,0.456945230114817,0.));
#5241=DIRECTION('',(0.,0.,-1.));
#5242=DIRECTION('center_axis',(-0.537363116224853,0.84335098347077,0.));
#5243=DIRECTION('ref_axis',(0.84335098347077,0.537363116224853,0.));
#5244=DIRECTION('',(0.,0.,-1.));
#5245=DIRECTION('center_axis',(-0.615535791915003,0.788108932110004,0.));
#5246=DIRECTION('ref_axis',(0.788108932110004,0.615535791915003,0.));
#5247=DIRECTION('',(0.,0.,-1.));
#5248=DIRECTION('center_axis',(-0.675989319497099,0.736911419321108,0.));
#5249=DIRECTION('ref_axis',(0.736911419321108,0.675989319497099,0.));
#5250=DIRECTION('',(0.,0.,-1.));
#5251=DIRECTION('center_axis',(-0.707106781186548,0.707106781186548,0.));
#5252=DIRECTION('ref_axis',(0.707106781186547,0.707106781186547,0.));
#5253=DIRECTION('',(0.,0.,-1.));
#5254=DIRECTION('center_axis',(-0.736911419321108,0.675989319497099,0.));
#5255=DIRECTION('ref_axis',(0.675989319497099,0.736911419321108,0.));
#5256=DIRECTION('',(0.,0.,-1.));
#5257=DIRECTION('center_axis',(-0.788108932110004,0.615535791915003,0.));
#5258=DIRECTION('ref_axis',(0.615535791915003,0.788108932110004,0.));
#5259=DIRECTION('',(0.,0.,-1.));
#5260=DIRECTION('center_axis',(-0.84335098347077,0.537363116224853,0.));
#5261=DIRECTION('ref_axis',(0.537363116224853,0.84335098347077,0.));
#5262=DIRECTION('',(0.,0.,-1.));
#5263=DIRECTION('center_axis',(-0.889494832292643,0.456945230114817,0.));
#5264=DIRECTION('ref_axis',(0.456945230114817,0.889494832292643,0.));
#5265=DIRECTION('',(0.,0.,-1.));
#5266=DIRECTION('center_axis',(-0.927167128201925,0.37464798996097,0.));
#5267=DIRECTION('ref_axis',(0.37464798996097,0.927167128201925,0.));
#5268=DIRECTION('',(0.,0.,-1.));
#5269=DIRECTION('center_axis',(-0.956743499993386,0.290932767526117,0.));
#5270=DIRECTION('ref_axis',(0.290932767526117,0.956743499993386,0.));
#5271=DIRECTION('',(0.,0.,-1.));
#5272=DIRECTION('center_axis',(-0.978422060352887,0.206616242862976,0.));
#5273=DIRECTION('ref_axis',(0.206616242862976,0.978422060352887,0.));
#5274=DIRECTION('',(0.,0.,-1.));
#5275=DIRECTION('center_axis',(-0.992444298649091,0.122696023077011,0.));
#5276=DIRECTION('ref_axis',(0.122696023077011,0.992444298649091,0.));
#5277=DIRECTION('',(0.,0.,-1.));
#5278=DIRECTION('center_axis',(-0.999191156244173,0.0402123523737869,0.));
#5279=DIRECTION('ref_axis',(0.0402123523737869,0.999191156244173,0.));
#5280=DIRECTION('',(0.,0.,-1.));
#5281=DIRECTION('center_axis',(-1.,0.,0.));
#5282=DIRECTION('ref_axis',(0.,1.,0.));
#5283=DIRECTION('',(0.,0.,-1.));
#5284=DIRECTION('center_axis',(-0.999191156244173,-0.0402123523737869,0.));
#5285=DIRECTION('ref_axis',(-0.0402123523737869,0.999191156244173,0.));
#5286=DIRECTION('',(0.,0.,-1.));
#5287=DIRECTION('center_axis',(-0.992444298649091,-0.122696023077011,0.));
#5288=DIRECTION('ref_axis',(-0.122696023077011,0.992444298649091,0.));
#5289=DIRECTION('',(0.,0.,-1.));
#5290=DIRECTION('center_axis',(-0.978422060352887,-0.206616242862976,0.));
#5291=DIRECTION('ref_axis',(-0.206616242862976,0.978422060352887,0.));
#5292=DIRECTION('',(0.,0.,-1.));
#5293=DIRECTION('center_axis',(-0.956743499993386,-0.290932767526117,0.));
#5294=DIRECTION('ref_axis',(-0.290932767526117,0.956743499993386,0.));
#5295=DIRECTION('',(0.,0.,-1.));
#5296=DIRECTION('center_axis',(-0.927167128201925,-0.37464798996097,0.));
#5297=DIRECTION('ref_axis',(-0.37464798996097,0.927167128201925,0.));
#5298=DIRECTION('',(0.,0.,-1.));
#5299=DIRECTION('center_axis',(-0.889494832292643,-0.456945230114817,0.));
#5300=DIRECTION('ref_axis',(-0.456945230114817,0.889494832292643,0.));
#5301=DIRECTION('',(0.,0.,-1.));
#5302=DIRECTION('center_axis',(-0.84335098347077,-0.537363116224853,0.));
#5303=DIRECTION('ref_axis',(-0.537363116224853,0.84335098347077,0.));
#5304=DIRECTION('',(0.,0.,-1.));
#5305=DIRECTION('center_axis',(-0.788108932110004,-0.615535791915003,0.));
#5306=DIRECTION('ref_axis',(-0.615535791915003,0.788108932110004,0.));
#5307=CARTESIAN_POINT('',(0.,0.,0.));
#5308=CARTESIAN_POINT('Origin',(14.5000002160668,14.5000002160668,1.45000000000003));
#5309=CARTESIAN_POINT('',(12.0000001788139,17.0000002533197,1.45000000000003));
#5310=CARTESIAN_POINT('',(10.0000001490116,19.0000002831221,1.45000000000003));
#5311=CARTESIAN_POINT('',(12.2500001825392,16.7500002495944,1.45000000000003));
#5312=CARTESIAN_POINT('',(12.0000001788139,14.0000002086163,1.45000000000003));
#5313=CARTESIAN_POINT('',(12.0000001788139,15.7500002346933,1.45000000000003));
#5314=CARTESIAN_POINT('',(14.0000002086163,12.0000001788139,1.45000000000003));
#5315=CARTESIAN_POINT('',(12.5000001862645,13.5000002011657,1.45000000000003));
#5316=CARTESIAN_POINT('',(17.0000002533197,12.0000001788139,1.45000000000003));
#5317=CARTESIAN_POINT('',(14.2500002123415,12.0000001788139,1.45000000000003));
#5318=CARTESIAN_POINT('',(19.0000002831221,10.0000001490116,1.45000000000003));
#5319=CARTESIAN_POINT('',(15.7500002346933,13.2500001974404,1.45000000000003));
#5320=CARTESIAN_POINT('',(19.0000002831221,17.0000002533197,1.45000000000003));
#5321=CARTESIAN_POINT('',(19.0000002831221,2.25000003352761,1.45000000000003));
#5322=CARTESIAN_POINT('',(17.0000002533197,19.0000002831221,1.45000000000003));
#5323=CARTESIAN_POINT('',(18.5000002756715,17.5000002607703,1.45000000000003));
#5324=CARTESIAN_POINT('',(15.7500002346933,19.0000002831221,1.45000000000003));
#5325=CARTESIAN_POINT('',(13.9,15.5,1.45000000000003));
#5326=CARTESIAN_POINT('Origin',(15.5,15.5,1.45000000000003));
#5327=CARTESIAN_POINT('Origin',(17.0000002533197,12.0000001788139,-0.0499999999999712));
#5328=CARTESIAN_POINT('',(17.0000002533197,12.0000001788139,-0.0499999999999712));
#5329=CARTESIAN_POINT('',(17.0000002533197,12.0000001788139,-0.0499999999999712));
#5330=CARTESIAN_POINT('',(19.0000002831221,10.0000001490116,-0.0499999999999712));
#5331=CARTESIAN_POINT('',(17.0000002533197,12.0000001788139,-0.0499999999999712));
#5332=CARTESIAN_POINT('',(19.0000002831221,10.0000001490116,-0.0499999999999856));
#5333=CARTESIAN_POINT('Origin',(14.0000002086163,12.0000001788139,-0.0499999999999712));
#5334=CARTESIAN_POINT('',(14.0000002086163,12.0000001788139,-0.0499999999999712));
#5335=CARTESIAN_POINT('',(14.0000002086163,12.0000001788139,-0.0499999999999712));
#5336=CARTESIAN_POINT('',(14.0000002086163,12.0000001788139,-0.0499999999999712));
#5337=CARTESIAN_POINT('Origin',(12.0000001788139,14.0000002086163,-0.0499999999999712));
#5338=CARTESIAN_POINT('',(12.0000001788139,14.0000002086163,-0.0499999999999712));
#5339=CARTESIAN_POINT('',(12.0000001788139,14.0000002086163,-0.0499999999999712));
#5340=CARTESIAN_POINT('',(14.0000002086163,12.0000001788139,-0.0499999999999712));
#5341=CARTESIAN_POINT('Origin',(12.0000001788139,17.0000002533197,-0.0499999999999712));
#5342=CARTESIAN_POINT('',(12.0000001788139,17.0000002533197,-0.0499999999999712));
#5343=CARTESIAN_POINT('',(12.0000001788139,17.0000002533197,-0.0499999999999712));
#5344=CARTESIAN_POINT('',(12.0000001788139,17.0000002533197,-0.0499999999999712));
#5345=CARTESIAN_POINT('Origin',(10.0000001490116,19.0000002831221,-0.0499999999999712));
#5346=CARTESIAN_POINT('',(10.0000001490116,19.0000002831221,-0.0499999999999712));
#5347=CARTESIAN_POINT('',(10.0000001490116,19.0000002831221,-0.0499999999999856));
#5348=CARTESIAN_POINT('',(12.0000001788139,17.0000002533197,-0.0499999999999712));
#5349=CARTESIAN_POINT('Origin',(-14.5000002160668,-14.5000002160668,1.45000000000003));
#5350=CARTESIAN_POINT('',(-19.0000002831221,-17.0000002533197,1.45000000000003));
#5351=CARTESIAN_POINT('',(-19.0000002831221,-10.0000001490116,1.45000000000003));
#5352=CARTESIAN_POINT('',(-19.0000002831221,-2.25000003352761,1.45000000000003));
#5353=CARTESIAN_POINT('',(-17.0000002533197,-19.0000002831221,1.45000000000003));
#5354=CARTESIAN_POINT('',(-18.5000002756715,-17.5000002607703,1.45000000000003));
#5355=CARTESIAN_POINT('',(-10.0000001490116,-19.0000002831221,1.45000000000003));
#5356=CARTESIAN_POINT('',(-15.7500002346933,-19.0000002831221,1.45000000000003));
#5357=CARTESIAN_POINT('',(-12.0000001788139,-17.0000002533197,1.45000000000003));
#5358=CARTESIAN_POINT('',(-12.2500001825392,-16.7500002495945,1.45000000000003));
#5359=CARTESIAN_POINT('',(-12.0000001788139,-14.0000002086163,1.45000000000003));
#5360=CARTESIAN_POINT('',(-12.0000001788139,-15.7500002346933,1.45000000000003));
#5361=CARTESIAN_POINT('',(-14.0000002086163,-12.0000001788139,1.45000000000003));
#5362=CARTESIAN_POINT('',(-12.5000001862645,-13.5000002011657,1.45000000000003));
#5363=CARTESIAN_POINT('',(-17.0000002533197,-12.0000001788139,1.45000000000003));
#5364=CARTESIAN_POINT('',(-14.2500002123416,-12.0000001788139,1.45000000000003));
#5365=CARTESIAN_POINT('',(-15.7500002346933,-13.2500001974404,1.45000000000003));
#5366=CARTESIAN_POINT('',(-17.1,-15.5,1.45000000000003));
#5367=CARTESIAN_POINT('Origin',(-15.5,-15.5,1.45000000000003));
#5368=CARTESIAN_POINT('Origin',(-17.0000002533197,-12.0000001788139,-0.0499999999999712));
#5369=CARTESIAN_POINT('',(-17.0000002533197,-12.0000001788139,-0.0499999999999712));
#5370=CARTESIAN_POINT('',(-17.0000002533197,-12.0000001788139,-0.0499999999999712));
#5371=CARTESIAN_POINT('',(-19.0000002831221,-10.0000001490116,-0.0499999999999712));
#5372=CARTESIAN_POINT('',(-17.0000002533197,-12.0000001788139,-0.0499999999999712));
#5373=CARTESIAN_POINT('',(-19.0000002831221,-10.0000001490116,-0.0499999999999856));
#5374=CARTESIAN_POINT('Origin',(-11.0000001639128,20.5000003054738,5.95));
#5375=CARTESIAN_POINT('',(-9.50000014156103,22.0000003278255,5.95));
#5376=CARTESIAN_POINT('',(-11.0000001639128,20.5000003054738,5.95));
#5377=CARTESIAN_POINT('',(-10.8750001620501,20.6250003073364,5.95));
#5378=CARTESIAN_POINT('',(-9.50000014156103,22.0000003278255,8.95));
#5379=CARTESIAN_POINT('',(-9.50000014156103,22.0000003278255,7.45));
#5380=CARTESIAN_POINT('',(-11.0000001639128,20.5000003054738,8.95));
#5381=CARTESIAN_POINT('',(-11.0000001639128,20.5000003054738,8.95));
#5382=CARTESIAN_POINT('',(-11.0000001639128,20.5000003054738,7.45));
#5383=CARTESIAN_POINT('Origin',(-10.0000001490116,22.0000003278255,8.95));
#5384=CARTESIAN_POINT('',(18.0000002682209,22.0000003278255,5.95));
#5385=CARTESIAN_POINT('',(-12.0000001788139,22.0000003278255,5.95));
#5386=CARTESIAN_POINT('',(18.0000002682209,22.0000003278255,8.95));
#5387=CARTESIAN_POINT('',(18.0000002682209,22.0000003278255,8.95));
#5388=CARTESIAN_POINT('',(-5.0000000745058,22.0000003278255,8.95));
#5389=CARTESIAN_POINT('Origin',(5.00000007450581,5.00000007450581,5.95));
#5390=CARTESIAN_POINT('',(-11.0000001639128,17.5000002607703,5.95));
#5391=CARTESIAN_POINT('',(-11.0000001639128,19.6250002924353,5.95));
#5392=CARTESIAN_POINT('',(-9.50000014156104,19.0000002831221,5.95));
#5393=CARTESIAN_POINT('',(-11.0000001639128,17.5000002607703,5.95));
#5394=CARTESIAN_POINT('',(17.0000002533197,19.0000002831221,5.95));
#5395=CARTESIAN_POINT('',(11.0000001639128,19.0000002831221,5.95));
#5396=CARTESIAN_POINT('',(19.0000002831221,17.0000002533197,5.95));
#5397=CARTESIAN_POINT('',(18.5000002756715,17.5000002607703,5.95));
#5398=CARTESIAN_POINT('',(19.0000002831221,-9.50000014156103,5.95));
#5399=CARTESIAN_POINT('',(19.0000002831221,-2.50000003725291,5.95));
#5400=CARTESIAN_POINT('',(17.5000002607703,-11.0000001639128,5.95));
#5401=CARTESIAN_POINT('',(17.5000002607703,-11.0000001639128,5.95));
#5402=CARTESIAN_POINT('',(20.5000003054738,-11.0000001639128,5.95));
#5403=CARTESIAN_POINT('',(9.50000014156104,-11.0000001639128,5.95));
#5404=CARTESIAN_POINT('',(22.0000003278255,-9.50000014156103,5.95));
#5405=CARTESIAN_POINT('',(21.3750003185123,-10.1250001508743,5.95));
#5406=CARTESIAN_POINT('',(22.0000003278255,18.0000002682209,5.95));
#5407=CARTESIAN_POINT('',(22.0000003278255,18.0000002682209,5.95));
#5408=CARTESIAN_POINT('',(18.0000002682209,22.0000003278255,5.95));
#5409=CARTESIAN_POINT('Origin',(22.0000003278255,-9.50000014156103,5.95));
#5410=CARTESIAN_POINT('',(20.5000003054738,-11.0000001639128,8.95));
#5411=CARTESIAN_POINT('',(20.5000003054738,-11.0000001639128,7.45));
#5412=CARTESIAN_POINT('',(22.0000003278255,-9.50000014156103,8.95));
#5413=CARTESIAN_POINT('',(20.5000003054738,-11.0000001639128,8.95));
#5414=CARTESIAN_POINT('',(22.0000003278255,-9.50000014156103,7.45));
#5415=CARTESIAN_POINT('Origin',(-21.9999995082617,9.49999978765846,5.95));
#5416=CARTESIAN_POINT('',(-20.5000003054738,11.0000001639128,5.95));
#5417=CARTESIAN_POINT('',(-21.9999995082617,9.49999978765846,5.95));
#5418=CARTESIAN_POINT('',(-21.3750029401846,10.1249968446774,5.95));
#5419=CARTESIAN_POINT('',(-20.5000003054738,11.0000001639128,8.95));
#5420=CARTESIAN_POINT('',(-20.5000003054738,11.0000001639128,7.45));
#5421=CARTESIAN_POINT('',(-21.9999995082617,9.49999978765846,8.95));
#5422=CARTESIAN_POINT('',(-20.5000003054738,11.0000001639128,8.95));
#5423=CARTESIAN_POINT('',(-22.0000003278255,9.49999896809395,7.45));
#5424=CARTESIAN_POINT('Origin',(-14.0000002086163,11.0000001639128,8.95));
#5425=CARTESIAN_POINT('',(-17.5000002607703,11.0000001639128,5.95));
#5426=CARTESIAN_POINT('',(-9.50000014156103,11.0000001639128,5.95));
#5427=CARTESIAN_POINT('',(-17.5000002607703,11.0000001639128,-0.0500000000000012));
#5428=CARTESIAN_POINT('',(-17.5000002607703,11.0000001639128,7.45));
#5429=CARTESIAN_POINT('',(-14.0000002086163,11.0000001639128,-0.05));
#5430=CARTESIAN_POINT('',(-21.0000003129244,11.0000001639128,-0.05));
#5431=CARTESIAN_POINT('',(-14.0000002086163,11.0000001639128,8.95));
#5432=CARTESIAN_POINT('',(-14.0000002086163,11.0000001639128,8.95));
#5433=CARTESIAN_POINT('',(-21.0000003129244,11.0000001639128,8.95));
#5434=CARTESIAN_POINT('Origin',(11.0000001639128,-20.5000003054738,5.95));
#5435=CARTESIAN_POINT('',(9.49999978765845,-21.9999995082617,5.95));
#5436=CARTESIAN_POINT('',(11.0000001639128,-20.5000003054738,5.95));
#5437=CARTESIAN_POINT('',(10.8749970328046,-20.6250033387907,5.95));
#5438=CARTESIAN_POINT('',(9.49999978765845,-21.9999995082617,8.95));
#5439=CARTESIAN_POINT('',(9.49999896809395,-22.0000003278255,7.45));
#5440=CARTESIAN_POINT('',(11.0000001639128,-20.5000003054738,8.95));
#5441=CARTESIAN_POINT('',(11.0000001639128,-20.5000003054738,8.95));
#5442=CARTESIAN_POINT('',(11.0000001639128,-20.5000003054738,7.45));
#5443=CARTESIAN_POINT('Origin',(10.0000001490116,-22.0000003278255,8.95));
#5444=CARTESIAN_POINT('',(-18.0000002682209,-22.0000003278255,5.95));
#5445=CARTESIAN_POINT('',(12.0000001788139,-22.0000003278255,5.95));
#5446=CARTESIAN_POINT('',(-18.0000002682209,-22.0000003278255,8.95));
#5447=CARTESIAN_POINT('',(-18.0000002682209,-22.0000003278255,8.95));
#5448=CARTESIAN_POINT('',(5.00000007450581,-22.0000003278255,8.95));
#5449=CARTESIAN_POINT('Origin',(-5.00000007450581,-5.00000007450581,5.95));
#5450=CARTESIAN_POINT('',(-22.0000003278255,-18.0000002682209,5.95));
#5451=CARTESIAN_POINT('',(-22.0000003278255,-18.0000002682209,5.95));
#5452=CARTESIAN_POINT('',(-18.0000002682209,-22.0000003278255,5.95));
#5453=CARTESIAN_POINT('',(11.0000001639128,-17.5000002607703,5.95));
#5454=CARTESIAN_POINT('',(11.0000001639128,-13.0000001937151,5.95));
#5455=CARTESIAN_POINT('',(9.50000014156103,-19.0000002831221,5.95));
#5456=CARTESIAN_POINT('',(9.50000014156103,-19.0000002831221,5.95));
#5457=CARTESIAN_POINT('',(-17.0000002533197,-19.0000002831221,5.95));
#5458=CARTESIAN_POINT('',(-11.0000001639128,-19.0000002831221,5.95));
#5459=CARTESIAN_POINT('',(-19.0000002831221,-17.0000002533197,5.95));
#5460=CARTESIAN_POINT('',(-18.5000002756715,-17.5000002607703,5.95));
#5461=CARTESIAN_POINT('',(-19.0000002831221,9.50000014156104,5.95));
#5462=CARTESIAN_POINT('',(-19.0000002831221,2.5000000372529,5.95));
#5463=CARTESIAN_POINT('',(-19.0000002831221,9.50000014156104,5.95));
#5464=CARTESIAN_POINT('Origin',(17.5000002607703,-11.0000001639128,5.95));
#5465=CARTESIAN_POINT('',(19.0000002831221,-9.50000014156103,-0.0500000000000012));
#5466=CARTESIAN_POINT('',(19.0000002831221,-9.50000014156104,2.95));
#5467=CARTESIAN_POINT('',(17.5000002607703,-11.0000001639128,-0.0500000000000012));
#5468=CARTESIAN_POINT('',(17.5000002607703,-11.0000001639128,-0.0500000000000012));
#5469=CARTESIAN_POINT('',(17.5000002607703,-11.0000001639128,7.45));
#5470=CARTESIAN_POINT('Origin',(19.0000002831221,-10.0000001490116,-0.05));
#5471=CARTESIAN_POINT('',(19.0000002831221,17.0000002533197,-0.05));
#5472=CARTESIAN_POINT('',(19.0000002831221,-5.00000007450581,-0.0500000000000111));
#5473=CARTESIAN_POINT('Origin',(14.0000002086163,-11.0000001639128,8.95));
#5474=CARTESIAN_POINT('',(14.0000002086163,-11.0000001639128,-0.05));
#5475=CARTESIAN_POINT('',(14.0000002086163,-11.0000001639128,-0.05));
#5476=CARTESIAN_POINT('',(14.0000002086163,-11.0000001639128,8.95));
#5477=CARTESIAN_POINT('',(14.0000002086163,-11.0000001639128,8.95));
#5478=CARTESIAN_POINT('',(14.0000002086163,-11.0000001639128,8.95));
#5479=CARTESIAN_POINT('Origin',(-17.5000002607703,11.0000001639128,5.95));
#5480=CARTESIAN_POINT('',(-19.0000002831221,9.50000014156104,-0.0500000000000012));
#5481=CARTESIAN_POINT('',(-19.0000002831221,9.50000014156105,2.95));
#5482=CARTESIAN_POINT('',(-19.0000002831221,9.50000014156104,-0.0500000000000012));
#5483=CARTESIAN_POINT('Origin',(9.50000014156103,-19.0000002831221,5.95));
#5484=CARTESIAN_POINT('',(11.0000001639128,-17.5000002607703,-0.0500000000000012));
#5485=CARTESIAN_POINT('',(11.0000001639128,-17.5000002607703,7.45));
#5486=CARTESIAN_POINT('',(9.50000014156103,-19.0000002831221,-0.0500000000000012));
#5487=CARTESIAN_POINT('',(9.50000014156103,-19.0000002831221,-0.0500000000000012));
#5488=CARTESIAN_POINT('',(9.50000014156103,-19.0000002831221,2.95));
#5489=CARTESIAN_POINT('Origin',(11.0000001639128,-21.0000003129244,8.95));
#5490=CARTESIAN_POINT('',(11.0000001639128,-14.0000002086163,8.95));
#5491=CARTESIAN_POINT('',(11.0000001639128,-21.0000003129244,8.95));
#5492=CARTESIAN_POINT('',(11.0000001639128,-14.0000002086163,-0.05));
#5493=CARTESIAN_POINT('',(11.0000001639128,-14.0000002086163,8.95));
#5494=CARTESIAN_POINT('',(11.0000001639128,-21.0000003129244,-0.05));
#5495=CARTESIAN_POINT('Origin',(-9.50000014156104,19.0000002831221,5.95));
#5496=CARTESIAN_POINT('',(-11.0000001639128,17.5000002607703,-0.0500000000000012));
#5497=CARTESIAN_POINT('',(-11.0000001639128,17.5000002607703,7.45));
#5498=CARTESIAN_POINT('',(-9.50000014156104,19.0000002831221,-0.0500000000000012));
#5499=CARTESIAN_POINT('',(-11.0000001639128,17.5000002607703,-0.0500000000000012));
#5500=CARTESIAN_POINT('',(-9.50000014156105,19.0000002831221,2.95));
#5501=CARTESIAN_POINT('Origin',(-11.0000001639128,21.0000003129244,8.95));
#5502=CARTESIAN_POINT('',(-11.0000001639128,14.0000002086163,8.95));
#5503=CARTESIAN_POINT('',(-11.0000001639128,14.0000002086163,8.95));
#5504=CARTESIAN_POINT('',(-11.0000001639128,14.0000002086163,-0.05));
#5505=CARTESIAN_POINT('',(-11.0000001639128,14.0000002086163,8.95));
#5506=CARTESIAN_POINT('',(-11.0000001639128,14.0000002086163,-0.05));
#5507=CARTESIAN_POINT('Origin',(17.762741699797,-13.237258300203,-0.05));
#5508=CARTESIAN_POINT('',(17.762741699797,-13.237258300203,-0.05));
#5509=CARTESIAN_POINT('',(14.6717790556719,-12.409037355875,-0.05));
#5510=CARTESIAN_POINT('',(7.821652599101,-10.5735515037857,-0.0500000000000235));
#5511=CARTESIAN_POINT('',(17.762741699797,-13.237258300203,2.35));
#5512=CARTESIAN_POINT('',(17.762741699797,-13.237258300203,-0.05));
#5513=CARTESIAN_POINT('',(14.6717790556719,-12.409037355875,2.35));
#5514=CARTESIAN_POINT('',(14.6717790556719,-12.409037355875,2.35));
#5515=CARTESIAN_POINT('',(14.6717790556719,-12.409037355875,-0.05));
#5516=CARTESIAN_POINT('Origin',(18.590962644125,-16.3282209443281,-0.05));
#5517=CARTESIAN_POINT('',(18.590962644125,-16.3282209443281,-0.05));
#5518=CARTESIAN_POINT('',(15.9272558477077,-6.38713184363211,-0.0500000000000142));
#5519=CARTESIAN_POINT('',(18.590962644125,-16.3282209443281,2.35));
#5520=CARTESIAN_POINT('',(18.590962644125,-16.3282209443281,-0.05));
#5521=CARTESIAN_POINT('',(17.762741699797,-13.237258300203,2.35));
#5522=CARTESIAN_POINT('Origin',(16.3282209443281,-18.590962644125,-0.05));
#5523=CARTESIAN_POINT('',(16.3282209443281,-18.590962644125,-0.05));
#5524=CARTESIAN_POINT('',(16.8939063692773,-18.0252772191758,-0.0500000000000401));
#5525=CARTESIAN_POINT('',(16.3282209443281,-18.590962644125,2.35));
#5526=CARTESIAN_POINT('',(16.3282209443281,-18.590962644125,-0.05));
#5527=CARTESIAN_POINT('',(18.590962644125,-16.3282209443281,2.35));
#5528=CARTESIAN_POINT('Origin',(13.2372583002031,-17.762741699797,-0.05));
#5529=CARTESIAN_POINT('',(13.2372583002031,-17.762741699797,-0.05));
#5530=CARTESIAN_POINT('',(4.84165052156961,-15.5131453755437,-0.0500000000000345));
#5531=CARTESIAN_POINT('',(13.2372583002031,-17.762741699797,2.35));
#5532=CARTESIAN_POINT('',(13.2372583002031,-17.762741699797,-0.05));
#5533=CARTESIAN_POINT('',(16.3282209443281,-18.590962644125,2.35));
#5534=CARTESIAN_POINT('Origin',(12.409037355875,-14.6717790556719,-0.05));
#5535=CARTESIAN_POINT('',(12.409037355875,-14.6717790556719,-0.05));
#5536=CARTESIAN_POINT('',(10.1594410316217,-6.27617127703849,-0.050000000000014));
#5537=CARTESIAN_POINT('',(12.409037355875,-14.6717790556719,2.35));
#5538=CARTESIAN_POINT('',(12.409037355875,-14.6717790556719,-0.05));
#5539=CARTESIAN_POINT('',(13.2372583002031,-17.762741699797,2.35));
#5540=CARTESIAN_POINT('Origin',(14.6717790556719,-12.409037355875,-0.05));
#5541=CARTESIAN_POINT('',(14.1060936307227,-12.9747227808242,-0.0500000000000289));
#5542=CARTESIAN_POINT('',(12.409037355875,-14.6717790556719,2.35));
#5543=CARTESIAN_POINT('Origin',(15.5,-15.5,2.35));
#5544=CARTESIAN_POINT('',(17.1,-15.5,2.35));
#5545=CARTESIAN_POINT('Origin',(15.5,-15.5,2.35));
#5546=CARTESIAN_POINT('Origin',(-16.3282209443281,18.590962644125,-0.05));
#5547=CARTESIAN_POINT('',(-16.3282209443281,18.590962644125,-0.05));
#5548=CARTESIAN_POINT('',(-18.590962644125,16.3282209443281,-0.05));
#5549=CARTESIAN_POINT('',(-16.8939063692773,18.0252772191758,-0.04999999999996));
#5550=CARTESIAN_POINT('',(-16.3282209443281,18.590962644125,2.35));
#5551=CARTESIAN_POINT('',(-16.3282209443281,18.590962644125,-0.05));
#5552=CARTESIAN_POINT('',(-18.590962644125,16.3282209443281,2.35));
#5553=CARTESIAN_POINT('',(-16.3282209443281,18.590962644125,2.35));
#5554=CARTESIAN_POINT('',(-18.590962644125,16.3282209443281,-0.05));
#5555=CARTESIAN_POINT('Origin',(-13.2372583002031,17.762741699797,-0.05));
#5556=CARTESIAN_POINT('',(-13.2372583002031,17.762741699797,-0.05));
#5557=CARTESIAN_POINT('',(-4.84165052156961,15.5131453755437,-0.0499999999999656));
#5558=CARTESIAN_POINT('',(-13.2372583002031,17.762741699797,2.35));
#5559=CARTESIAN_POINT('',(-13.2372583002031,17.762741699797,-0.05));
#5560=CARTESIAN_POINT('',(-13.2372583002031,17.762741699797,2.35));
#5561=CARTESIAN_POINT('Origin',(-12.409037355875,14.6717790556719,-0.05));
#5562=CARTESIAN_POINT('',(-12.409037355875,14.6717790556719,-0.05));
#5563=CARTESIAN_POINT('',(-10.1594410316217,6.27617127703849,-0.0499999999999861));
#5564=CARTESIAN_POINT('',(-12.409037355875,14.6717790556719,2.35));
#5565=CARTESIAN_POINT('',(-12.409037355875,14.6717790556719,-0.05));
#5566=CARTESIAN_POINT('',(-12.409037355875,14.6717790556719,2.35));
#5567=CARTESIAN_POINT('Origin',(-14.6717790556719,12.409037355875,-0.05));
#5568=CARTESIAN_POINT('',(-14.6717790556719,12.409037355875,-0.05));
#5569=CARTESIAN_POINT('',(-14.1060936307227,12.9747227808242,-0.0499999999999712));
#5570=CARTESIAN_POINT('',(-14.6717790556719,12.409037355875,2.35));
#5571=CARTESIAN_POINT('',(-14.6717790556719,12.409037355875,-0.05));
#5572=CARTESIAN_POINT('',(-14.6717790556719,12.409037355875,2.35));
#5573=CARTESIAN_POINT('Origin',(-17.762741699797,13.237258300203,-0.05));
#5574=CARTESIAN_POINT('',(-17.762741699797,13.237258300203,-0.05));
#5575=CARTESIAN_POINT('',(-7.821652599101,10.5735515037857,-0.0499999999999766));
#5576=CARTESIAN_POINT('',(-17.762741699797,13.237258300203,2.35));
#5577=CARTESIAN_POINT('',(-17.762741699797,13.237258300203,-0.05));
#5578=CARTESIAN_POINT('',(-17.762741699797,13.237258300203,2.35));
#5579=CARTESIAN_POINT('Origin',(-18.590962644125,16.3282209443281,-0.05));
#5580=CARTESIAN_POINT('',(-15.9272558477077,6.38713184363211,-0.0499999999999859));
#5581=CARTESIAN_POINT('',(-18.590962644125,16.3282209443281,2.35));
#5582=CARTESIAN_POINT('Origin',(-15.5,15.5,2.35));
#5583=CARTESIAN_POINT('',(-13.9,15.5,2.35));
#5584=CARTESIAN_POINT('Origin',(-15.5,15.5,2.35));
#5585=CARTESIAN_POINT('Origin',(11.0000001639128,-14.0000002086163,8.95));
#5586=CARTESIAN_POINT('',(11.0000001639128,-14.0000002086163,8.95));
#5587=CARTESIAN_POINT('',(11.0000001639128,-14.0000002086163,-0.05));
#5588=CARTESIAN_POINT('Origin',(-11.0000001639128,14.0000002086163,8.95));
#5589=CARTESIAN_POINT('',(-14.0000002086163,11.0000001639128,8.95));
#5590=CARTESIAN_POINT('',(-14.0000002086163,11.0000001639128,-0.05));
#5591=CARTESIAN_POINT('Origin',(-21.,18.,0.95000000000006));
#5592=CARTESIAN_POINT('',(-21.,-18.,-0.05000000000004));
#5593=CARTESIAN_POINT('',(-21.,18.,-0.0499999999999401));
#5594=CARTESIAN_POINT('',(-21.,-18.,-0.05000000000004));
#5595=CARTESIAN_POINT('',(-21.,-18.,1.94999999999996));
#5596=CARTESIAN_POINT('',(-21.,-18.,0.94999999999996));
#5597=CARTESIAN_POINT('',(-21.,-17.7566140740933,1.94999999999996));
#5598=CARTESIAN_POINT('',(-21.,-18.,1.94999999999996));
#5599=CARTESIAN_POINT('',(-21.,-17.441504383988,1.94999999999996));
#5600=CARTESIAN_POINT('',(-21.,-18.,1.94999999999996));
#5601=CARTESIAN_POINT('',(-21.,-17.0925382738902,1.94999999999996));
#5602=CARTESIAN_POINT('',(-21.,-18.,1.94999999999996));
#5603=CARTESIAN_POINT('',(-21.,-16.7228463403241,1.94999999999996));
#5604=CARTESIAN_POINT('',(-21.,-18.,1.94999999999996));
#5605=CARTESIAN_POINT('',(-21.,-16.3373360476056,1.94999999999996));
#5606=CARTESIAN_POINT('',(-21.,-18.,1.94999999999996));
#5607=CARTESIAN_POINT('',(-21.,-15.937262102513,1.94999999999996));
#5608=CARTESIAN_POINT('',(-21.,-18.,1.94999999999996));
#5609=CARTESIAN_POINT('',(-21.,-15.5219717169518,1.94999999999997));
#5610=CARTESIAN_POINT('',(-21.,-18.,1.94999999999996));
#5611=CARTESIAN_POINT('',(-21.,-15.089711276093,1.94999999999997));
#5612=CARTESIAN_POINT('',(-21.,-18.,1.94999999999996));
#5613=CARTESIAN_POINT('',(-21.,18.,1.95000000000006));
#5614=CARTESIAN_POINT('',(-21.,-18.,1.94999999999996));
#5615=CARTESIAN_POINT('',(-21.,18.,0.95000000000006));
#5616=CARTESIAN_POINT('Origin',(-4.44089209850063E-15,0.,-0.05));
#5617=CARTESIAN_POINT('',(21.,18.,-0.0499999999999401));
#5618=CARTESIAN_POINT('',(21.,-18.,-0.05000000000004));
#5619=CARTESIAN_POINT('',(21.,18.,-0.0499999999999401));
#5620=CARTESIAN_POINT('',(18.,-21.,-0.0500000000000489));
#5621=CARTESIAN_POINT('',(21.,-18.,-0.05000000000004));
#5622=CARTESIAN_POINT('',(-18.,-21.,-0.0500000000000489));
#5623=CARTESIAN_POINT('',(18.,-21.,-0.0500000000000489));
#5624=CARTESIAN_POINT('',(-18.,-21.,-0.0500000000000489));
#5625=CARTESIAN_POINT('',(-18.,21.,-0.0499999999999312));
#5626=CARTESIAN_POINT('',(-21.,18.,-0.0499999999999401));
#5627=CARTESIAN_POINT('',(18.,21.,-0.0499999999999312));
#5628=CARTESIAN_POINT('',(-18.,21.,-0.0499999999999312));
#5629=CARTESIAN_POINT('',(18.,21.,-0.0499999999999312));
#5630=CARTESIAN_POINT('',(13.9,15.5,-0.0499999999999712));
#5631=CARTESIAN_POINT('Origin',(15.5,15.5,-0.05));
#5632=CARTESIAN_POINT('',(-17.1,-15.5,-0.0499999999999712));
#5633=CARTESIAN_POINT('Origin',(-15.5,-15.5,-0.05));
#5634=CARTESIAN_POINT('',(8.50000012665987,19.0000002831221,-0.0499999999999579));
#5635=CARTESIAN_POINT('',(-19.0000002831221,5.00000007450581,-0.0499999999999889));
#5636=CARTESIAN_POINT('',(-14.0000002086163,-12.0000001788139,-0.0499999999999712));
#5637=CARTESIAN_POINT('',(-17.0000002533197,-12.0000001788139,-0.0499999999999712));
#5638=CARTESIAN_POINT('',(-12.0000001788139,-14.0000002086163,-0.0499999999999712));
#5639=CARTESIAN_POINT('',(-12.0000001788139,-14.0000002086163,-0.0499999999999712));
#5640=CARTESIAN_POINT('',(-12.0000001788139,-17.0000002533197,-0.0499999999999712));
#5641=CARTESIAN_POINT('',(-12.0000001788139,-14.0000002086163,-0.0499999999999712));
#5642=CARTESIAN_POINT('',(-10.0000001490116,-19.0000002831221,-0.0499999999999712));
#5643=CARTESIAN_POINT('',(-12.0000001788139,-17.0000002533197,-0.0499999999999712));
#5644=CARTESIAN_POINT('',(-8.50000012665987,-19.0000002831221,-0.0500000000000422));
#5645=CARTESIAN_POINT('Origin',(-15.5,-15.5,-0.0499999999999712));
#5646=CARTESIAN_POINT('',(-17.1,-15.5,-0.0499999999999712));
#5647=CARTESIAN_POINT('Origin',(15.5,15.5,-0.0499999999999712));
#5648=CARTESIAN_POINT('',(13.9,15.5,-0.0499999999999712));
#5649=CARTESIAN_POINT('Origin',(-14.0000002086163,-12.0000001788139,-0.0499999999999712));
#5650=CARTESIAN_POINT('',(-14.0000002086163,-12.0000001788139,-0.0499999999999712));
#5651=CARTESIAN_POINT('Origin',(-12.0000001788139,-14.0000002086163,-0.0499999999999712));
#5652=CARTESIAN_POINT('',(-12.0000001788139,-14.0000002086163,-0.0499999999999712));
#5653=CARTESIAN_POINT('Origin',(-12.0000001788139,-17.0000002533197,-0.0499999999999712));
#5654=CARTESIAN_POINT('',(-12.0000001788139,-17.0000002533197,-0.0499999999999712));
#5655=CARTESIAN_POINT('Origin',(-10.0000001490116,-19.0000002831221,-0.0499999999999712));
#5656=CARTESIAN_POINT('',(-10.0000001490116,-19.0000002831221,-0.0499999999999856));
#5657=CARTESIAN_POINT('Origin',(-17.0000002533197,-19.0000002831221,-0.05));
#5658=CARTESIAN_POINT('',(-17.0000002533197,-19.0000002831221,-0.05));
#5659=CARTESIAN_POINT('Origin',(-19.0000002831221,-17.0000002533197,-0.05));
#5660=CARTESIAN_POINT('',(-19.0000002831221,-17.0000002533197,-0.05));
#5661=CARTESIAN_POINT('Origin',(17.0000002533197,19.0000002831221,-0.05));
#5662=CARTESIAN_POINT('',(17.0000002533197,19.0000002831221,-0.05));
#5663=CARTESIAN_POINT('Origin',(19.0000002831221,17.0000002533197,-0.05));
#5664=CARTESIAN_POINT('Origin',(22.0000003278255,18.0000002682209,8.95));
#5665=CARTESIAN_POINT('',(22.0000003278255,18.0000002682209,8.95));
#5666=CARTESIAN_POINT('',(22.0000003278255,9.00000013411045,8.95));
#5667=CARTESIAN_POINT('',(22.0000003278255,18.0000002682209,8.95));
#5668=CARTESIAN_POINT('Origin',(18.0000002682209,22.0000003278255,8.95));
#5669=CARTESIAN_POINT('',(19.0000002831221,21.0000003129244,8.95));
#5670=CARTESIAN_POINT('Origin',(-22.0000003278255,-18.0000002682209,8.95));
#5671=CARTESIAN_POINT('',(-22.0000003278255,-18.0000002682209,8.95));
#5672=CARTESIAN_POINT('',(-22.0000003278255,-9.00000013411045,8.95));
#5673=CARTESIAN_POINT('',(-22.0000003278255,-18.0000002682209,8.95));
#5674=CARTESIAN_POINT('Origin',(-18.0000002682209,-22.0000003278255,8.95));
#5675=CARTESIAN_POINT('',(-19.0000002831221,-21.0000003129244,8.95));
#5676=CARTESIAN_POINT('Origin',(4.44089209850063E-15,0.,8.95));
#5677=CARTESIAN_POINT('',(-24.205309,-20.745181,8.95));
#5678=CARTESIAN_POINT('',(-24.04232,-20.953866,8.95));
#5679=CARTESIAN_POINT('',(-24.04232,-20.953866,8.95));
#5680=CARTESIAN_POINT('',(-24.,-21.,8.95));
#5681=CARTESIAN_POINT('',(-24.,-21.,8.95));
#5682=CARTESIAN_POINT('',(-21.,-24.,8.95));
#5683=CARTESIAN_POINT('',(-21.,-24.,8.95));
#5684=CARTESIAN_POINT('',(-20.953866,-24.04232,8.95));
#5685=CARTESIAN_POINT('',(-20.953866,-24.04232,8.95));
#5686=CARTESIAN_POINT('',(-20.745181,-24.205309,8.95));
#5687=CARTESIAN_POINT('',(-20.745181,-24.205309,8.95));
#5688=CARTESIAN_POINT('',(-20.45606,-24.38953,8.95));
#5689=CARTESIAN_POINT('',(-20.45606,-24.38953,8.95));
#5690=CARTESIAN_POINT('',(-20.118356,-24.563013,8.95));
#5691=CARTESIAN_POINT('',(-20.118356,-24.563013,8.95));
#5692=CARTESIAN_POINT('',(-19.745443,-24.713699,8.95));
#5693=CARTESIAN_POINT('',(-19.745443,-24.713699,8.95));
#5694=CARTESIAN_POINT('',(-19.344169,-24.835721,8.95));
#5695=CARTESIAN_POINT('',(-19.344169,-24.835721,8.95));
#5696=CARTESIAN_POINT('',(-18.9183,-24.925653,8.95));
#5697=CARTESIAN_POINT('',(-18.9183,-24.925653,8.95));
#5698=CARTESIAN_POINT('',(-18.469898,-24.981089,8.95));
#5699=CARTESIAN_POINT('',(-18.469898,-24.981089,8.95));
#5700=CARTESIAN_POINT('',(-18.,-25.,8.95));
#5701=CARTESIAN_POINT('',(-18.,-25.,8.95));
#5702=CARTESIAN_POINT('',(18.,-25.,8.95));
#5703=CARTESIAN_POINT('',(18.,-25.,8.95));
#5704=CARTESIAN_POINT('',(18.469898,-24.981089,8.95));
#5705=CARTESIAN_POINT('',(18.469898,-24.981089,8.95));
#5706=CARTESIAN_POINT('',(18.9183,-24.925653,8.95));
#5707=CARTESIAN_POINT('',(18.9183,-24.925653,8.95));
#5708=CARTESIAN_POINT('',(19.344169,-24.835721,8.95));
#5709=CARTESIAN_POINT('',(19.344169,-24.835721,8.95));
#5710=CARTESIAN_POINT('',(19.745443,-24.713699,8.95));
#5711=CARTESIAN_POINT('',(19.745443,-24.713699,8.95));
#5712=CARTESIAN_POINT('',(20.118356,-24.563013,8.95));
#5713=CARTESIAN_POINT('',(20.118356,-24.563013,8.95));
#5714=CARTESIAN_POINT('',(20.45606,-24.38953,8.95));
#5715=CARTESIAN_POINT('',(20.45606,-24.38953,8.95));
#5716=CARTESIAN_POINT('',(20.745181,-24.205309,8.95));
#5717=CARTESIAN_POINT('',(20.745181,-24.205309,8.95));
#5718=CARTESIAN_POINT('',(20.953866,-24.04232,8.95));
#5719=CARTESIAN_POINT('',(20.953866,-24.04232,8.95));
#5720=CARTESIAN_POINT('',(21.,-24.,8.95));
#5721=CARTESIAN_POINT('',(21.,-24.,8.95));
#5722=CARTESIAN_POINT('',(24.,-21.,8.95));
#5723=CARTESIAN_POINT('',(24.,-21.,8.95));
#5724=CARTESIAN_POINT('',(24.04232,-20.953866,8.95));
#5725=CARTESIAN_POINT('',(24.04232,-20.953866,8.95));
#5726=CARTESIAN_POINT('',(24.205309,-20.745181,8.95));
#5727=CARTESIAN_POINT('',(24.205309,-20.745181,8.95));
#5728=CARTESIAN_POINT('',(24.38953,-20.45606,8.95));
#5729=CARTESIAN_POINT('',(24.38953,-20.45606,8.95));
#5730=CARTESIAN_POINT('',(24.563013,-20.118356,8.95));
#5731=CARTESIAN_POINT('',(24.563013,-20.118356,8.95));
#5732=CARTESIAN_POINT('',(24.713699,-19.745443,8.95));
#5733=CARTESIAN_POINT('',(24.713699,-19.745443,8.95));
#5734=CARTESIAN_POINT('',(24.835721,-19.344169,8.95));
#5735=CARTESIAN_POINT('',(24.835721,-19.344169,8.95));
#5736=CARTESIAN_POINT('',(24.925653,-18.9183,8.95));
#5737=CARTESIAN_POINT('',(24.925653,-18.9183,8.95));
#5738=CARTESIAN_POINT('',(24.981089,-18.469898,8.95));
#5739=CARTESIAN_POINT('',(24.981089,-18.469898,8.95));
#5740=CARTESIAN_POINT('',(25.,-18.,8.95));
#5741=CARTESIAN_POINT('',(25.,-18.,8.95));
#5742=CARTESIAN_POINT('',(25.,18.,8.95));
#5743=CARTESIAN_POINT('',(25.,18.,8.95));
#5744=CARTESIAN_POINT('',(24.981089,18.469898,8.95));
#5745=CARTESIAN_POINT('',(24.981089,18.469898,8.95));
#5746=CARTESIAN_POINT('',(24.925653,18.9183,8.95));
#5747=CARTESIAN_POINT('',(24.925653,18.9183,8.95));
#5748=CARTESIAN_POINT('',(24.835721,19.344169,8.95));
#5749=CARTESIAN_POINT('',(24.835721,19.344169,8.95));
#5750=CARTESIAN_POINT('',(24.713699,19.745443,8.95));
#5751=CARTESIAN_POINT('',(24.713699,19.745443,8.95));
#5752=CARTESIAN_POINT('',(24.563013,20.118356,8.95));
#5753=CARTESIAN_POINT('',(24.563013,20.118356,8.95));
#5754=CARTESIAN_POINT('',(24.38953,20.45606,8.95));
#5755=CARTESIAN_POINT('',(24.38953,20.45606,8.95));
#5756=CARTESIAN_POINT('',(24.205309,20.745181,8.95));
#5757=CARTESIAN_POINT('',(24.205309,20.745181,8.95));
#5758=CARTESIAN_POINT('',(24.04232,20.953866,8.95));
#5759=CARTESIAN_POINT('',(24.04232,20.953866,8.95));
#5760=CARTESIAN_POINT('',(24.,21.,8.95));
#5761=CARTESIAN_POINT('',(24.,21.,8.95));
#5762=CARTESIAN_POINT('',(21.,24.,8.95));
#5763=CARTESIAN_POINT('',(21.,24.,8.95));
#5764=CARTESIAN_POINT('',(20.953866,24.04232,8.95));
#5765=CARTESIAN_POINT('',(20.953866,24.04232,8.95));
#5766=CARTESIAN_POINT('',(20.745181,24.205309,8.95));
#5767=CARTESIAN_POINT('',(20.745181,24.205309,8.95));
#5768=CARTESIAN_POINT('',(20.45606,24.38953,8.95));
#5769=CARTESIAN_POINT('',(20.45606,24.38953,8.95));
#5770=CARTESIAN_POINT('',(20.118356,24.563013,8.95));
#5771=CARTESIAN_POINT('',(20.118356,24.563013,8.95));
#5772=CARTESIAN_POINT('',(19.745443,24.713699,8.95));
#5773=CARTESIAN_POINT('',(19.745443,24.713699,8.95));
#5774=CARTESIAN_POINT('',(19.344169,24.835721,8.95));
#5775=CARTESIAN_POINT('',(19.344169,24.835721,8.95));
#5776=CARTESIAN_POINT('',(18.9183,24.925653,8.95));
#5777=CARTESIAN_POINT('',(18.9183,24.925653,8.95));
#5778=CARTESIAN_POINT('',(18.469898,24.981089,8.95));
#5779=CARTESIAN_POINT('',(18.469898,24.981089,8.95));
#5780=CARTESIAN_POINT('',(18.,25.,8.95));
#5781=CARTESIAN_POINT('',(18.,25.,8.95));
#5782=CARTESIAN_POINT('',(-18.,25.,8.95));
#5783=CARTESIAN_POINT('',(-18.,25.,8.95));
#5784=CARTESIAN_POINT('',(-18.469898,24.981089,8.95));
#5785=CARTESIAN_POINT('',(-18.469898,24.981089,8.95));
#5786=CARTESIAN_POINT('',(-18.9183,24.925653,8.95));
#5787=CARTESIAN_POINT('',(-18.9183,24.925653,8.95));
#5788=CARTESIAN_POINT('',(-19.344169,24.835721,8.95));
#5789=CARTESIAN_POINT('',(-19.344169,24.835721,8.95));
#5790=CARTESIAN_POINT('',(-19.745443,24.713699,8.95));
#5791=CARTESIAN_POINT('',(-19.745443,24.713699,8.95));
#5792=CARTESIAN_POINT('',(-20.118356,24.563013,8.95));
#5793=CARTESIAN_POINT('',(-20.118356,24.563013,8.95));
#5794=CARTESIAN_POINT('',(-20.45606,24.38953,8.95));
#5795=CARTESIAN_POINT('',(-20.45606,24.38953,8.95));
#5796=CARTESIAN_POINT('',(-20.745181,24.205309,8.95));
#5797=CARTESIAN_POINT('',(-20.745181,24.205309,8.95));
#5798=CARTESIAN_POINT('',(-20.953866,24.04232,8.95));
#5799=CARTESIAN_POINT('',(-20.953866,24.04232,8.95));
#5800=CARTESIAN_POINT('',(-21.,24.,8.95));
#5801=CARTESIAN_POINT('',(-21.,24.,8.95));
#5802=CARTESIAN_POINT('',(-24.,21.,8.95));
#5803=CARTESIAN_POINT('',(-24.,21.,8.95));
#5804=CARTESIAN_POINT('',(-24.04232,20.953866,8.95));
#5805=CARTESIAN_POINT('',(-24.04232,20.953866,8.95));
#5806=CARTESIAN_POINT('',(-24.205309,20.745181,8.95));
#5807=CARTESIAN_POINT('',(-24.205309,20.745181,8.95));
#5808=CARTESIAN_POINT('',(-24.38953,20.45606,8.95));
#5809=CARTESIAN_POINT('',(-24.38953,20.45606,8.95));
#5810=CARTESIAN_POINT('',(-24.563013,20.118356,8.95));
#5811=CARTESIAN_POINT('',(-24.563013,20.118356,8.95));
#5812=CARTESIAN_POINT('',(-24.713699,19.745443,8.95));
#5813=CARTESIAN_POINT('',(-24.713699,19.745443,8.95));
#5814=CARTESIAN_POINT('',(-24.835721,19.344169,8.95));
#5815=CARTESIAN_POINT('',(-24.835721,19.344169,8.95));
#5816=CARTESIAN_POINT('',(-24.925653,18.9183,8.95));
#5817=CARTESIAN_POINT('',(-24.925653,18.9183,8.95));
#5818=CARTESIAN_POINT('',(-24.981089,18.469898,8.95));
#5819=CARTESIAN_POINT('',(-24.981089,18.469898,8.95));
#5820=CARTESIAN_POINT('',(-25.,18.,8.95));
#5821=CARTESIAN_POINT('',(-25.,18.,8.95));
#5822=CARTESIAN_POINT('',(-25.,-18.,8.95));
#5823=CARTESIAN_POINT('',(-25.,-18.,8.95));
#5824=CARTESIAN_POINT('',(-24.981089,-18.469898,8.95));
#5825=CARTESIAN_POINT('',(-24.981089,-18.469898,8.95));
#5826=CARTESIAN_POINT('',(-24.925653,-18.9183,8.95));
#5827=CARTESIAN_POINT('',(-24.925653,-18.9183,8.95));
#5828=CARTESIAN_POINT('',(-24.835721,-19.344169,8.95));
#5829=CARTESIAN_POINT('',(-24.835721,-19.344169,8.95));
#5830=CARTESIAN_POINT('',(-24.713699,-19.745443,8.95));
#5831=CARTESIAN_POINT('',(-24.713699,-19.745443,8.95));
#5832=CARTESIAN_POINT('',(-24.563013,-20.118356,8.95));
#5833=CARTESIAN_POINT('',(-24.563013,-20.118356,8.95));
#5834=CARTESIAN_POINT('',(-24.38953,-20.45606,8.95));
#5835=CARTESIAN_POINT('',(-24.38953,-20.45606,8.95));
#5836=CARTESIAN_POINT('',(-24.205309,-20.745181,8.95));
#5837=CARTESIAN_POINT('',(17.1,-15.5,8.95));
#5838=CARTESIAN_POINT('Origin',(15.5,-15.5,8.95));
#5839=CARTESIAN_POINT('',(-13.9,15.5,8.95));
#5840=CARTESIAN_POINT('Origin',(-15.5,15.5,8.95));
#5841=CARTESIAN_POINT('Origin',(-19.0000002831221,10.0000001490116,-0.05));
#5842=CARTESIAN_POINT('Origin',(-15.5,15.5,8.95));
#5843=CARTESIAN_POINT('',(-13.9,15.5,8.95));
#5844=CARTESIAN_POINT('Origin',(15.5,-15.5,8.95));
#5845=CARTESIAN_POINT('',(17.1,-15.5,8.95));
#5846=CARTESIAN_POINT('Ctrl Pts',(-24.04232,-20.953866,6.95));
#5847=CARTESIAN_POINT('Ctrl Pts',(-23.0282133333333,-19.969244,5.28333333333332));
#5848=CARTESIAN_POINT('Ctrl Pts',(-22.0141066666667,-18.984622,3.61666666666664));
#5849=CARTESIAN_POINT('Ctrl Pts',(-21.,-18.,1.94999999999996));
#5850=CARTESIAN_POINT('Ctrl Pts',(-24.0282133333333,-20.969244,6.95));
#5851=CARTESIAN_POINT('Ctrl Pts',(-23.0160390593882,-19.9822658295007,5.28333333333332));
#5852=CARTESIAN_POINT('Ctrl Pts',(-22.003864785443,-18.9952876590015,3.61666666666664));
#5853=CARTESIAN_POINT('Ctrl Pts',(-20.9916905114978,-18.0083094885022,1.94999999999996));
#5854=CARTESIAN_POINT('Ctrl Pts',(-24.0141066666667,-20.984622,6.95));
#5855=CARTESIAN_POINT('Ctrl Pts',(-23.003864785443,-19.9952876590015,5.28333333333332));
#5856=CARTESIAN_POINT('Ctrl Pts',(-21.9936229042193,-19.0059533180029,3.61666666666664));
#5857=CARTESIAN_POINT('Ctrl Pts',(-20.9833810229956,-18.0166189770044,1.94999999999996));
#5858=CARTESIAN_POINT('Ctrl Pts',(-24.,-21.,6.95));
#5859=CARTESIAN_POINT('Ctrl Pts',(-22.9916905114978,-20.0083094885022,5.28333333333332));
#5860=CARTESIAN_POINT('Ctrl Pts',(-21.9833810229956,-19.0166189770044,3.61666666666664));
#5861=CARTESIAN_POINT('Ctrl Pts',(-20.9750715344934,-18.0249284655066,1.94999999999996));
#5862=CARTESIAN_POINT('',(-24.,-21.,6.95));
#5863=CARTESIAN_POINT('',(-24.04232,-20.953866,6.95));
#5864=CARTESIAN_POINT('',(-24.,-21.,6.95));
#5865=CARTESIAN_POINT('',(-24.04232,-20.953866,6.95));
#5866=CARTESIAN_POINT('',(-20.9750715344934,-18.0249284655066,1.94999999999996));
#5867=CARTESIAN_POINT('',(-18.,-21.,1.94999999999995));
#5868=CARTESIAN_POINT('',(-24.,-21.,6.95));
#5869=CARTESIAN_POINT('Origin',(-24.,-21.,6.95));
#5870=CARTESIAN_POINT('',(-21.,-24.,6.95));
#5871=CARTESIAN_POINT('',(-21.,-24.,6.95));
#5872=CARTESIAN_POINT('',(-19.2856968820246,-19.7143031179754,1.94999999999995));
#5873=CARTESIAN_POINT('',(-18.,-21.,1.94999999999995));
#5874=CARTESIAN_POINT('',(-21.,-24.,6.95));
#5875=CARTESIAN_POINT('Ctrl Pts',(-21.,-24.,6.95));
#5876=CARTESIAN_POINT('Ctrl Pts',(-20.4285656273415,-22.5714343726585,5.28333333333332));
#5877=CARTESIAN_POINT('Ctrl Pts',(-19.8571312546831,-21.1428687453169,3.61666666666664));
#5878=CARTESIAN_POINT('Ctrl Pts',(-19.2856968820246,-19.7143031179754,1.94999999999995));
#5879=CARTESIAN_POINT('Ctrl Pts',(-20.984622,-24.0141066666667,6.95));
#5880=CARTESIAN_POINT('Ctrl Pts',(-20.4155437978408,-22.5836086466037,5.28333333333332));
#5881=CARTESIAN_POINT('Ctrl Pts',(-19.8464655956816,-21.1531106265406,3.61666666666663));
#5882=CARTESIAN_POINT('Ctrl Pts',(-19.2773873935224,-19.7226126064776,1.94999999999995));
#5883=CARTESIAN_POINT('Ctrl Pts',(-20.969244,-24.0282133333333,6.95));
#5884=CARTESIAN_POINT('Ctrl Pts',(-20.4025219683401,-22.5957829205488,5.28333333333332));
#5885=CARTESIAN_POINT('Ctrl Pts',(-19.8357999366801,-21.1633525077643,3.61666666666664));
#5886=CARTESIAN_POINT('Ctrl Pts',(-19.2690779050202,-19.7309220949798,1.94999999999995));
#5887=CARTESIAN_POINT('Ctrl Pts',(-20.953866,-24.04232,6.95));
#5888=CARTESIAN_POINT('Ctrl Pts',(-20.3895001388393,-22.607957194494,5.28333333333332));
#5889=CARTESIAN_POINT('Ctrl Pts',(-19.8251342776787,-21.173594388988,3.61666666666664));
#5890=CARTESIAN_POINT('Ctrl Pts',(-19.260768416518,-19.739231583482,1.94999999999995));
#5891=CARTESIAN_POINT('',(-20.953866,-24.04232,6.95));
#5892=CARTESIAN_POINT('',(-20.953866,-24.04232,6.95));
#5893=CARTESIAN_POINT('',(-19.260768416518,-19.739231583482,1.94999999999995));
#5894=CARTESIAN_POINT('',(-18.,-21.,1.94999999999995));
#5895=CARTESIAN_POINT('',(-20.9538659999999,-24.0423199999999,6.95));
#5896=CARTESIAN_POINT('Ctrl Pts',(-20.9538659999999,-24.0423199999999,6.95));
#5897=CARTESIAN_POINT('Ctrl Pts',(-20.3895001388393,-22.607957194494,5.28333333333332));
#5898=CARTESIAN_POINT('Ctrl Pts',(-19.8251342776786,-21.173594388988,3.61666666666664));
#5899=CARTESIAN_POINT('Ctrl Pts',(-19.260768416518,-19.739231583482,1.94999999999995));
#5900=CARTESIAN_POINT('Ctrl Pts',(-20.8843043333333,-24.0966496666666,6.95));
#5901=CARTESIAN_POINT('Ctrl Pts',(-20.3314104272658,-22.6558922394008,5.28333333333332));
#5902=CARTESIAN_POINT('Ctrl Pts',(-19.7785165211984,-21.2151348121349,3.61666666666663));
#5903=CARTESIAN_POINT('Ctrl Pts',(-19.2256226151309,-19.7743773848691,1.94999999999995));
#5904=CARTESIAN_POINT('Ctrl Pts',(-20.8147426666666,-24.1509793333333,6.95));
#5905=CARTESIAN_POINT('Ctrl Pts',(-20.2733207156924,-22.7038272843076,5.28333333333332));
#5906=CARTESIAN_POINT('Ctrl Pts',(-19.7318987647181,-21.2566752352818,3.61666666666664));
#5907=CARTESIAN_POINT('Ctrl Pts',(-19.1904768137439,-19.8095231862561,1.94999999999995));
#5908=CARTESIAN_POINT('Ctrl Pts',(-20.745181,-24.205309,6.95));
#5909=CARTESIAN_POINT('Ctrl Pts',(-20.215231004119,-22.7517623292144,5.28333333333332));
#5910=CARTESIAN_POINT('Ctrl Pts',(-19.6852810082379,-21.2982156584288,3.61666666666664));
#5911=CARTESIAN_POINT('Ctrl Pts',(-19.1553310123569,-19.8446689876431,1.94999999999995));
#5912=CARTESIAN_POINT('',(-20.745181,-24.205309,6.95));
#5913=CARTESIAN_POINT('',(-20.745181,-24.205309,6.95));
#5914=CARTESIAN_POINT('',(-19.1553310123569,-19.8446689876431,1.94999999999995));
#5915=CARTESIAN_POINT('',(-18.,-21.,1.94999999999995));
#5916=CARTESIAN_POINT('',(-20.745181,-24.2053089999999,6.95));
#5917=CARTESIAN_POINT('Ctrl Pts',(-20.745181,-24.2053089999999,6.95));
#5918=CARTESIAN_POINT('Ctrl Pts',(-20.2152310041189,-22.7517623292143,5.28333333333332));
#5919=CARTESIAN_POINT('Ctrl Pts',(-19.6852810082379,-21.2982156584287,3.61666666666664));
#5920=CARTESIAN_POINT('Ctrl Pts',(-19.1553310123569,-19.8446689876431,1.94999999999995));
#5921=CARTESIAN_POINT('Ctrl Pts',(-20.6488073333333,-24.266716,6.95));
#5922=CARTESIAN_POINT('Ctrl Pts',(-20.1358142362061,-22.8078679860161,5.28333333333332));
#5923=CARTESIAN_POINT('Ctrl Pts',(-19.6228211390789,-21.3490199720322,3.61666666666663));
#5924=CARTESIAN_POINT('Ctrl Pts',(-19.1098280419517,-19.8901719580483,1.94999999999995));
#5925=CARTESIAN_POINT('Ctrl Pts',(-20.5524336666667,-24.328123,6.95));
#5926=CARTESIAN_POINT('Ctrl Pts',(-20.0563974682933,-22.8639736428178,5.28333333333332));
#5927=CARTESIAN_POINT('Ctrl Pts',(-19.5603612699199,-21.3998242856357,3.61666666666664));
#5928=CARTESIAN_POINT('Ctrl Pts',(-19.0643250715465,-19.9356749284535,1.94999999999995));
#5929=CARTESIAN_POINT('Ctrl Pts',(-20.45606,-24.38953,6.95));
#5930=CARTESIAN_POINT('Ctrl Pts',(-19.9769807003804,-22.9200792996196,5.28333333333332));
#5931=CARTESIAN_POINT('Ctrl Pts',(-19.4979014007608,-21.4506285992392,3.61666666666664));
#5932=CARTESIAN_POINT('Ctrl Pts',(-19.0188221011413,-19.9811778988587,1.94999999999995));
#5933=CARTESIAN_POINT('',(-20.45606,-24.38953,6.95));
#5934=CARTESIAN_POINT('',(-20.45606,-24.38953,6.95));
#5935=CARTESIAN_POINT('',(-19.0188221011413,-19.9811778988587,1.94999999999995));
#5936=CARTESIAN_POINT('',(-18.,-21.,1.94999999999995));
#5937=CARTESIAN_POINT('',(-20.45606,-24.3895299999999,6.95));
#5938=CARTESIAN_POINT('Ctrl Pts',(-20.45606,-24.3895299999999,6.95));
#5939=CARTESIAN_POINT('Ctrl Pts',(-19.9769807003804,-22.9200792996195,5.28333333333332));
#5940=CARTESIAN_POINT('Ctrl Pts',(-19.4979014007608,-21.4506285992391,3.61666666666664));
#5941=CARTESIAN_POINT('Ctrl Pts',(-19.0188221011413,-19.9811778988587,1.94999999999995));
#5942=CARTESIAN_POINT('Ctrl Pts',(-20.343492,-24.4473576666666,6.95));
#5943=CARTESIAN_POINT('Ctrl Pts',(-19.8851380473847,-22.9754283970597,5.28333333333332));
#5944=CARTESIAN_POINT('Ctrl Pts',(-19.4267840947695,-21.5034991274527,3.61666666666663));
#5945=CARTESIAN_POINT('Ctrl Pts',(-18.9684301421543,-20.0315698578457,1.94999999999995));
#5946=CARTESIAN_POINT('Ctrl Pts',(-20.230924,-24.5051853333333,6.95));
#5947=CARTESIAN_POINT('Ctrl Pts',(-19.7932953943891,-23.0307774944998,5.28333333333332));
#5948=CARTESIAN_POINT('Ctrl Pts',(-19.3556667887782,-21.5563696556663,3.61666666666664));
#5949=CARTESIAN_POINT('Ctrl Pts',(-18.9180381831673,-20.0819618168327,1.94999999999995));
#5950=CARTESIAN_POINT('Ctrl Pts',(-20.118356,-24.563013,6.95));
#5951=CARTESIAN_POINT('Ctrl Pts',(-19.7014527413934,-23.0861265919399,5.28333333333332));
#5952=CARTESIAN_POINT('Ctrl Pts',(-19.2845494827868,-21.6092401838798,3.61666666666663));
#5953=CARTESIAN_POINT('Ctrl Pts',(-18.8676462241802,-20.1323537758198,1.94999999999995));
#5954=CARTESIAN_POINT('',(-20.118356,-24.563013,6.95));
#5955=CARTESIAN_POINT('',(-20.118356,-24.563013,6.95));
#5956=CARTESIAN_POINT('',(-18.8676462241802,-20.1323537758198,1.94999999999995));
#5957=CARTESIAN_POINT('',(-18.,-21.,1.94999999999995));
#5958=CARTESIAN_POINT('',(-20.118356,-24.5630129999999,6.95));
#5959=CARTESIAN_POINT('Ctrl Pts',(-20.118356,-24.5630129999999,6.95));
#5960=CARTESIAN_POINT('Ctrl Pts',(-19.7014527413934,-23.0861265919399,5.28333333333332));
#5961=CARTESIAN_POINT('Ctrl Pts',(-19.2845494827868,-21.6092401838798,3.61666666666663));
#5962=CARTESIAN_POINT('Ctrl Pts',(-18.8676462241802,-20.1323537758198,1.94999999999995));
#5963=CARTESIAN_POINT('Ctrl Pts',(-19.9940516666666,-24.6132416666666,6.95));
#5964=CARTESIAN_POINT('Ctrl Pts',(-19.600788238406,-23.1374073171495,5.28333333333332));
#5965=CARTESIAN_POINT('Ctrl Pts',(-19.2075248101453,-21.6615729676325,3.61666666666664));
#5966=CARTESIAN_POINT('Ctrl Pts',(-18.8142613818846,-20.1857386181154,1.94999999999995));
#5967=CARTESIAN_POINT('Ctrl Pts',(-19.8697473333333,-24.6634703333333,6.95));
#5968=CARTESIAN_POINT('Ctrl Pts',(-19.5001237354185,-23.1886880423592,5.28333333333332));
#5969=CARTESIAN_POINT('Ctrl Pts',(-19.1305001375038,-21.7139057513851,3.61666666666663));
#5970=CARTESIAN_POINT('Ctrl Pts',(-18.760876539589,-20.239123460411,1.94999999999995));
#5971=CARTESIAN_POINT('Ctrl Pts',(-19.745443,-24.713699,6.95));
#5972=CARTESIAN_POINT('Ctrl Pts',(-19.3994592324311,-23.2399687675689,5.28333333333332));
#5973=CARTESIAN_POINT('Ctrl Pts',(-19.0534754648622,-21.7662385351378,3.61666666666663));
#5974=CARTESIAN_POINT('Ctrl Pts',(-18.7074916972933,-20.2925083027067,1.94999999999995));
#5975=CARTESIAN_POINT('',(-19.745443,-24.713699,6.95));
#5976=CARTESIAN_POINT('',(-19.745443,-24.713699,6.95));
#5977=CARTESIAN_POINT('',(-18.7074916972933,-20.2925083027067,1.94999999999995));
#5978=CARTESIAN_POINT('',(-18.,-21.,1.94999999999995));
#5979=CARTESIAN_POINT('',(-19.745443,-24.7136989999999,6.95));
#5980=CARTESIAN_POINT('Ctrl Pts',(-19.745443,-24.7136989999999,6.95));
#5981=CARTESIAN_POINT('Ctrl Pts',(-19.3994592324311,-23.2399687675688,5.28333333333332));
#5982=CARTESIAN_POINT('Ctrl Pts',(-19.0534754648622,-21.7662385351377,3.61666666666663));
#5983=CARTESIAN_POINT('Ctrl Pts',(-18.7074916972933,-20.2925083027067,1.94999999999995));
#5984=CARTESIAN_POINT('Ctrl Pts',(-19.611685,-24.7543729999999,6.95));
#5985=CARTESIAN_POINT('Ctrl Pts',(-19.2917308757176,-23.2856411242824,5.28333333333332));
#5986=CARTESIAN_POINT('Ctrl Pts',(-18.9717767514351,-21.8169092485648,3.61666666666664));
#5987=CARTESIAN_POINT('Ctrl Pts',(-18.6518226271527,-20.3481773728473,1.94999999999995));
#5988=CARTESIAN_POINT('Ctrl Pts',(-19.477927,-24.795047,6.95));
#5989=CARTESIAN_POINT('Ctrl Pts',(-19.184002519004,-23.331313480996,5.28333333333332));
#5990=CARTESIAN_POINT('Ctrl Pts',(-18.890078038008,-21.8675799619919,3.61666666666663));
#5991=CARTESIAN_POINT('Ctrl Pts',(-18.5961535570121,-20.4038464429879,1.94999999999995));
#5992=CARTESIAN_POINT('Ctrl Pts',(-19.344169,-24.835721,6.95));
#5993=CARTESIAN_POINT('Ctrl Pts',(-19.0762741622905,-23.3769858377095,5.28333333333332));
#5994=CARTESIAN_POINT('Ctrl Pts',(-18.808379324581,-21.918250675419,3.61666666666663));
#5995=CARTESIAN_POINT('Ctrl Pts',(-18.5404844868714,-20.4595155131286,1.94999999999995));
#5996=CARTESIAN_POINT('',(-19.344169,-24.835721,6.95));
#5997=CARTESIAN_POINT('',(-19.344169,-24.835721,6.95));
#5998=CARTESIAN_POINT('',(-18.5404844868714,-20.4595155131286,1.94999999999995));
#5999=CARTESIAN_POINT('',(-18.,-21.,1.94999999999995));
#6000=CARTESIAN_POINT('',(-19.344169,-24.8357209999999,6.95));
#6001=CARTESIAN_POINT('Ctrl Pts',(-19.344169,-24.8357209999999,6.95));
#6002=CARTESIAN_POINT('Ctrl Pts',(-19.0762741622905,-23.3769858377094,5.28333333333332));
#6003=CARTESIAN_POINT('Ctrl Pts',(-18.808379324581,-21.918250675419,3.61666666666663));
#6004=CARTESIAN_POINT('Ctrl Pts',(-18.5404844868714,-20.4595155131286,1.94999999999995));
#6005=CARTESIAN_POINT('Ctrl Pts',(-19.2022126666666,-24.8656983333332,6.95));
#6006=CARTESIAN_POINT('Ctrl Pts',(-18.9623792354606,-23.4162280978726,5.28333333333332));
#6007=CARTESIAN_POINT('Ctrl Pts',(-18.7225458042546,-21.966757862412,3.61666666666663));
#6008=CARTESIAN_POINT('Ctrl Pts',(-18.4827123730486,-20.5172876269514,1.94999999999995));
#6009=CARTESIAN_POINT('Ctrl Pts',(-19.0602563333333,-24.8956756666666,6.95));
#6010=CARTESIAN_POINT('Ctrl Pts',(-18.8484843086308,-23.4554703580358,5.28333333333332));
#6011=CARTESIAN_POINT('Ctrl Pts',(-18.6367122839283,-22.015265049405,3.61666666666663));
#6012=CARTESIAN_POINT('Ctrl Pts',(-18.4249402592258,-20.5750597407742,1.94999999999995));
#6013=CARTESIAN_POINT('Ctrl Pts',(-18.9183,-24.925653,6.95));
#6014=CARTESIAN_POINT('Ctrl Pts',(-18.734589381801,-23.494712618199,5.28333333333332));
#6015=CARTESIAN_POINT('Ctrl Pts',(-18.550878763602,-22.063772236398,3.61666666666663));
#6016=CARTESIAN_POINT('Ctrl Pts',(-18.367168145403,-20.632831854597,1.94999999999995));
#6017=CARTESIAN_POINT('',(-18.9183,-24.925653,6.95));
#6018=CARTESIAN_POINT('',(-18.9183,-24.925653,6.95));
#6019=CARTESIAN_POINT('',(-18.367168145403,-20.632831854597,1.94999999999995));
#6020=CARTESIAN_POINT('',(-18.,-21.,1.94999999999995));
#6021=CARTESIAN_POINT('',(-18.9183,-24.9256530000001,6.95));
#6022=CARTESIAN_POINT('Ctrl Pts',(-18.9183,-24.9256530000001,6.95));
#6023=CARTESIAN_POINT('Ctrl Pts',(-18.734589381801,-23.4947126181991,5.28333333333332));
#6024=CARTESIAN_POINT('Ctrl Pts',(-18.550878763602,-22.0637722363981,3.61666666666663));
#6025=CARTESIAN_POINT('Ctrl Pts',(-18.367168145403,-20.632831854597,1.94999999999995));
#6026=CARTESIAN_POINT('Ctrl Pts',(-18.7688326666667,-24.9441316666668,6.95));
#6027=CARTESIAN_POINT('Ctrl Pts',(-18.614954685429,-23.5270215367932,5.28333333333332));
#6028=CARTESIAN_POINT('Ctrl Pts',(-18.4610767041914,-22.1099114069197,3.61666666666664));
#6029=CARTESIAN_POINT('Ctrl Pts',(-18.3071987229538,-20.6928012770462,1.94999999999995));
#6030=CARTESIAN_POINT('Ctrl Pts',(-18.6193653333333,-24.9626103333334,6.95));
#6031=CARTESIAN_POINT('Ctrl Pts',(-18.4953199890571,-23.5593304553874,5.28333333333332));
#6032=CARTESIAN_POINT('Ctrl Pts',(-18.3712746447809,-22.1560505774414,3.61666666666663));
#6033=CARTESIAN_POINT('Ctrl Pts',(-18.2472293005046,-20.7527706994954,1.94999999999995));
#6034=CARTESIAN_POINT('Ctrl Pts',(-18.469898,-24.981089,6.95));
#6035=CARTESIAN_POINT('Ctrl Pts',(-18.3756852926852,-23.5916393739815,5.28333333333332));
#6036=CARTESIAN_POINT('Ctrl Pts',(-18.2814725853703,-22.202189747963,3.61666666666663));
#6037=CARTESIAN_POINT('Ctrl Pts',(-18.1872598780555,-20.8127401219446,1.94999999999995));
#6038=CARTESIAN_POINT('',(-18.469898,-24.981089,6.95));
#6039=CARTESIAN_POINT('',(-18.469898,-24.981089,6.95));
#6040=CARTESIAN_POINT('',(-18.1872598780555,-20.8127401219446,1.94999999999995));
#6041=CARTESIAN_POINT('',(-18.,-21.,1.94999999999995));
#6042=CARTESIAN_POINT('',(-18.469898,-24.981089,6.95));
#6043=CARTESIAN_POINT('Ctrl Pts',(-18.469898,-24.981089,6.95));
#6044=CARTESIAN_POINT('Ctrl Pts',(-18.3756852926852,-23.5916393739815,5.28333333333332));
#6045=CARTESIAN_POINT('Ctrl Pts',(-18.2814725853703,-22.202189747963,3.61666666666663));
#6046=CARTESIAN_POINT('Ctrl Pts',(-18.1872598780555,-20.8127401219446,1.94999999999995));
#6047=CARTESIAN_POINT('Ctrl Pts',(-18.3132653333333,-24.9873926666667,6.95));
#6048=CARTESIAN_POINT('Ctrl Pts',(-18.2504568617901,-23.6166484715432,5.28333333333332));
#6049=CARTESIAN_POINT('Ctrl Pts',(-18.1876483902469,-22.2459042764198,3.61666666666664));
#6050=CARTESIAN_POINT('Ctrl Pts',(-18.1248399187036,-20.8751600812964,1.94999999999995));
#6051=CARTESIAN_POINT('Ctrl Pts',(-18.1566326666667,-24.9936963333333,6.95));
#6052=CARTESIAN_POINT('Ctrl Pts',(-18.125228430895,-23.6416575691049,5.28333333333332));
#6053=CARTESIAN_POINT('Ctrl Pts',(-18.0938241951234,-22.2896188048766,3.61666666666663));
#6054=CARTESIAN_POINT('Ctrl Pts',(-18.0624199593518,-20.9375800406482,1.94999999999995));
#6055=CARTESIAN_POINT('Ctrl Pts',(-18.,-25.,6.95));
#6056=CARTESIAN_POINT('Ctrl Pts',(-18.,-23.6666666666667,5.28333333333332));
#6057=CARTESIAN_POINT('Ctrl Pts',(-18.,-22.3333333333333,3.61666666666663));
#6058=CARTESIAN_POINT('Ctrl Pts',(-18.,-21.,1.94999999999995));
#6059=CARTESIAN_POINT('',(-18.,-25.,6.95));
#6060=CARTESIAN_POINT('',(-18.,-25.,6.95));
#6061=CARTESIAN_POINT('',(-18.,-21.,1.94999999999995));
#6062=CARTESIAN_POINT('',(-18.,-21.,1.94999999999995));
#6063=CARTESIAN_POINT('',(-18.,-25.,6.95));
#6064=CARTESIAN_POINT('Origin',(-18.,-25.,6.95));
#6065=CARTESIAN_POINT('',(18.,-25.,6.95));
#6066=CARTESIAN_POINT('',(18.,-25.,6.95));
#6067=CARTESIAN_POINT('',(16.306796000072,-21.,1.94999999999995));
#6068=CARTESIAN_POINT('',(18.,-21.,1.94999999999995));
#6069=CARTESIAN_POINT('',(18.,-25.,6.95));
#6070=CARTESIAN_POINT('Ctrl Pts',(18.,-25.,6.95));
#6071=CARTESIAN_POINT('Ctrl Pts',(17.4355986666907,-23.6666666666667,5.28333333333332));
#6072=CARTESIAN_POINT('Ctrl Pts',(16.8711973333813,-22.3333333333333,3.61666666666663));
#6073=CARTESIAN_POINT('Ctrl Pts',(16.306796000072,-21.,1.94999999999995));
#6074=CARTESIAN_POINT('Ctrl Pts',(18.1566326666667,-24.9936963333333,6.95));
#6075=CARTESIAN_POINT('Ctrl Pts',(17.589815952201,-23.6624642222222,5.28333333333332));
#6076=CARTESIAN_POINT('Ctrl Pts',(17.0229992377353,-22.3312321111111,3.61666666666663));
#6077=CARTESIAN_POINT('Ctrl Pts',(16.4561825232696,-21.,1.94999999999995));
#6078=CARTESIAN_POINT('Ctrl Pts',(18.3132653333333,-24.9873926666667,6.95));
#6079=CARTESIAN_POINT('Ctrl Pts',(17.7440332377113,-23.6582617777778,5.28333333333332));
#6080=CARTESIAN_POINT('Ctrl Pts',(17.1748011420893,-22.3291308888889,3.61666666666663));
#6081=CARTESIAN_POINT('Ctrl Pts',(16.6055690464673,-21.,1.94999999999995));
#6082=CARTESIAN_POINT('Ctrl Pts',(18.469898,-24.981089,6.95));
#6083=CARTESIAN_POINT('Ctrl Pts',(17.8982505232216,-23.6540593333333,5.28333333333332));
#6084=CARTESIAN_POINT('Ctrl Pts',(17.3266030464433,-22.3270296666667,3.61666666666663));
#6085=CARTESIAN_POINT('Ctrl Pts',(16.7549555696649,-21.,1.94999999999995));
#6086=CARTESIAN_POINT('',(18.469898,-24.981089,6.95));
#6087=CARTESIAN_POINT('',(18.469898,-24.981089,6.95));
#6088=CARTESIAN_POINT('',(16.7549555696649,-21.,1.94999999999995));
#6089=CARTESIAN_POINT('',(18.,-21.,1.94999999999995));
#6090=CARTESIAN_POINT('',(18.469898,-24.9810889999999,6.95));
#6091=CARTESIAN_POINT('Ctrl Pts',(18.469898,-24.9810889999999,6.95));
#6092=CARTESIAN_POINT('Ctrl Pts',(17.8982505232216,-23.6540593333333,5.28333333333332));
#6093=CARTESIAN_POINT('Ctrl Pts',(17.3266030464433,-22.3270296666666,3.61666666666663));
#6094=CARTESIAN_POINT('Ctrl Pts',(16.7549555696649,-21.,1.94999999999995));
#6095=CARTESIAN_POINT('Ctrl Pts',(18.6193653333333,-24.9626103333333,6.95));
#6096=CARTESIAN_POINT('Ctrl Pts',(18.0457360046116,-23.6417402222222,5.28333333333332));
#6097=CARTESIAN_POINT('Ctrl Pts',(17.4721066758898,-22.3208701111111,3.61666666666663));
#6098=CARTESIAN_POINT('Ctrl Pts',(16.8984773471681,-21.,1.94999999999995));
#6099=CARTESIAN_POINT('Ctrl Pts',(18.7688326666667,-24.9441316666666,6.95));
#6100=CARTESIAN_POINT('Ctrl Pts',(18.1932214860015,-23.6294211111111,5.28333333333332));
#6101=CARTESIAN_POINT('Ctrl Pts',(17.6176103053364,-22.3147105555556,3.61666666666663));
#6102=CARTESIAN_POINT('Ctrl Pts',(17.0419991246713,-21.,1.94999999999995));
#6103=CARTESIAN_POINT('Ctrl Pts',(18.9183,-24.925653,6.95));
#6104=CARTESIAN_POINT('Ctrl Pts',(18.3407069673915,-23.617102,5.28333333333332));
#6105=CARTESIAN_POINT('Ctrl Pts',(17.763113934783,-22.308551,3.61666666666663));
#6106=CARTESIAN_POINT('Ctrl Pts',(17.1855209021745,-21.,1.94999999999995));
#6107=CARTESIAN_POINT('',(18.9183,-24.925653,6.95));
#6108=CARTESIAN_POINT('',(18.9183,-24.925653,6.95));
#6109=CARTESIAN_POINT('',(17.1855209021745,-21.,1.94999999999995));
#6110=CARTESIAN_POINT('',(18.,-21.,1.94999999999995));
#6111=CARTESIAN_POINT('',(18.9183,-24.9256530000002,6.95));
#6112=CARTESIAN_POINT('Ctrl Pts',(18.9183,-24.9256530000002,6.95));
#6113=CARTESIAN_POINT('Ctrl Pts',(18.3407069673915,-23.6171020000001,5.28333333333332));
#6114=CARTESIAN_POINT('Ctrl Pts',(17.763113934783,-22.3085510000001,3.61666666666663));
#6115=CARTESIAN_POINT('Ctrl Pts',(17.1855209021745,-21.,1.94999999999995));
#6116=CARTESIAN_POINT('Ctrl Pts',(19.0602563333334,-24.8956756666668,6.95));
#6117=CARTESIAN_POINT('Ctrl Pts',(18.4814322130139,-23.5971171111112,5.28333333333332));
#6118=CARTESIAN_POINT('Ctrl Pts',(17.9026080926944,-22.2985585555556,3.61666666666663));
#6119=CARTESIAN_POINT('Ctrl Pts',(17.323783972375,-21.,1.94999999999995));
#6120=CARTESIAN_POINT('Ctrl Pts',(19.2022126666667,-24.8656983333334,6.95));
#6121=CARTESIAN_POINT('Ctrl Pts',(18.6221574586363,-23.5771322222223,5.28333333333332));
#6122=CARTESIAN_POINT('Ctrl Pts',(18.0421022506058,-22.2885661111111,3.61666666666663));
#6123=CARTESIAN_POINT('Ctrl Pts',(17.4620470425754,-21.,1.94999999999995));
#6124=CARTESIAN_POINT('Ctrl Pts',(19.344169,-24.835721,6.95));
#6125=CARTESIAN_POINT('Ctrl Pts',(18.7628827042586,-23.5571473333333,5.28333333333332));
#6126=CARTESIAN_POINT('Ctrl Pts',(18.1815964085172,-22.2785736666667,3.61666666666663));
#6127=CARTESIAN_POINT('Ctrl Pts',(17.6003101127759,-21.,1.94999999999995));
#6128=CARTESIAN_POINT('',(19.344169,-24.835721,6.95));
#6129=CARTESIAN_POINT('',(19.344169,-24.835721,6.95));
#6130=CARTESIAN_POINT('',(17.6003101127759,-21.,1.94999999999995));
#6131=CARTESIAN_POINT('',(18.,-21.,1.94999999999995));
#6132=CARTESIAN_POINT('',(19.344169,-24.8357210000001,6.95));
#6133=CARTESIAN_POINT('Ctrl Pts',(19.344169,-24.8357210000001,6.95));
#6134=CARTESIAN_POINT('Ctrl Pts',(18.7628827042586,-23.5571473333334,5.28333333333332));
#6135=CARTESIAN_POINT('Ctrl Pts',(18.1815964085173,-22.2785736666667,3.61666666666663));
#6136=CARTESIAN_POINT('Ctrl Pts',(17.6003101127759,-21.,1.94999999999995));
#6137=CARTESIAN_POINT('Ctrl Pts',(19.477927,-24.7950470000001,6.95));
#6138=CARTESIAN_POINT('Ctrl Pts',(18.896464691728,-23.5300313333334,5.28333333333332));
#6139=CARTESIAN_POINT('Ctrl Pts',(18.3150023834559,-22.2650156666667,3.61666666666663));
#6140=CARTESIAN_POINT('Ctrl Pts',(17.7335400751839,-21.,1.94999999999995));
#6141=CARTESIAN_POINT('Ctrl Pts',(19.611685,-24.754373,6.95));
#6142=CARTESIAN_POINT('Ctrl Pts',(19.0300466791973,-23.5029153333334,5.28333333333332));
#6143=CARTESIAN_POINT('Ctrl Pts',(18.4484083583946,-22.2514576666667,3.61666666666663));
#6144=CARTESIAN_POINT('Ctrl Pts',(17.866770037592,-21.,1.94999999999995));
#6145=CARTESIAN_POINT('Ctrl Pts',(19.745443,-24.713699,6.95));
#6146=CARTESIAN_POINT('Ctrl Pts',(19.1636286666667,-23.4757993333333,5.28333333333332));
#6147=CARTESIAN_POINT('Ctrl Pts',(18.5818143333333,-22.2378996666667,3.61666666666663));
#6148=CARTESIAN_POINT('Ctrl Pts',(18.,-21.,1.94999999999995));
#6149=CARTESIAN_POINT('',(19.745443,-24.713699,6.95));
#6150=CARTESIAN_POINT('',(19.745443,-24.713699,6.95));
#6151=CARTESIAN_POINT('',(18.,-21.,1.94999999999995));
#6152=CARTESIAN_POINT('',(18.,-21.,1.94999999999995));
#6153=CARTESIAN_POINT('',(19.745443,-24.7136990000001,6.95));
#6154=CARTESIAN_POINT('Ctrl Pts',(19.745443,-24.7136990000001,6.95));
#6155=CARTESIAN_POINT('Ctrl Pts',(19.1636286666667,-23.4757993333334,5.28333333333332));
#6156=CARTESIAN_POINT('Ctrl Pts',(18.5818143333333,-22.2378996666667,3.61666666666663));
#6157=CARTESIAN_POINT('Ctrl Pts',(18.,-21.,1.94999999999995));
#6158=CARTESIAN_POINT('Ctrl Pts',(19.8697473333334,-24.6634703333334,6.95));
#6159=CARTESIAN_POINT('Ctrl Pts',(19.2615223384153,-23.4272894393626,5.28333333333332));
#6160=CARTESIAN_POINT('Ctrl Pts',(18.6532973434972,-22.1911085453917,3.61666666666664));
#6161=CARTESIAN_POINT('Ctrl Pts',(18.0450723485791,-20.9549276514209,1.94999999999995));
#6162=CARTESIAN_POINT('Ctrl Pts',(19.9940516666667,-24.6132416666667,6.95));
#6163=CARTESIAN_POINT('Ctrl Pts',(19.3594160101639,-23.3787795453917,5.28333333333332));
#6164=CARTESIAN_POINT('Ctrl Pts',(18.724780353661,-22.1443174241168,3.61666666666663));
#6165=CARTESIAN_POINT('Ctrl Pts',(18.0901446971582,-20.9098553028418,1.94999999999995));
#6166=CARTESIAN_POINT('Ctrl Pts',(20.118356,-24.563013,6.95));
#6167=CARTESIAN_POINT('Ctrl Pts',(19.4573096819124,-23.3302696514209,5.28333333333332));
#6168=CARTESIAN_POINT('Ctrl Pts',(18.7962633638249,-22.0975263028418,3.61666666666663));
#6169=CARTESIAN_POINT('Ctrl Pts',(18.1352170457373,-20.8647829542627,1.94999999999995));
#6170=CARTESIAN_POINT('',(20.118356,-24.563013,6.95));
#6171=CARTESIAN_POINT('',(20.118356,-24.563013,6.95));
#6172=CARTESIAN_POINT('',(18.1352170457373,-20.8647829542627,1.94999999999995));
#6173=CARTESIAN_POINT('',(21.,-18.,1.94999999999996));
#6174=CARTESIAN_POINT('',(20.118356,-24.5630130000001,6.95));
#6175=CARTESIAN_POINT('Ctrl Pts',(20.118356,-24.5630130000001,6.95));
#6176=CARTESIAN_POINT('Ctrl Pts',(19.4573096819125,-23.3302696514209,5.28333333333332));
#6177=CARTESIAN_POINT('Ctrl Pts',(18.7962633638249,-22.0975263028418,3.61666666666663));
#6178=CARTESIAN_POINT('Ctrl Pts',(18.1352170457373,-20.8647829542627,1.94999999999995));
#6179=CARTESIAN_POINT('Ctrl Pts',(20.230924,-24.5051853333334,6.95));
#6180=CARTESIAN_POINT('Ctrl Pts',(19.5465368431666,-23.2775360457224,5.28333333333332));
#6181=CARTESIAN_POINT('Ctrl Pts',(18.8621496863331,-22.0498867581113,3.61666666666663));
#6182=CARTESIAN_POINT('Ctrl Pts',(18.1777625294997,-20.8222374705003,1.94999999999995));
#6183=CARTESIAN_POINT('Ctrl Pts',(20.343492,-24.4473576666667,6.95));
#6184=CARTESIAN_POINT('Ctrl Pts',(19.6357640044207,-23.2248024400238,5.28333333333332));
#6185=CARTESIAN_POINT('Ctrl Pts',(18.9280360088414,-22.0022472133809,3.61666666666663));
#6186=CARTESIAN_POINT('Ctrl Pts',(18.2203080132621,-20.7796919867379,1.94999999999995));
#6187=CARTESIAN_POINT('Ctrl Pts',(20.45606,-24.38953,6.95));
#6188=CARTESIAN_POINT('Ctrl Pts',(19.7249911656748,-23.1720688343252,5.28333333333332));
#6189=CARTESIAN_POINT('Ctrl Pts',(18.9939223313496,-21.9546076686504,3.61666666666663));
#6190=CARTESIAN_POINT('Ctrl Pts',(18.2628534970245,-20.7371465029756,1.94999999999995));
#6191=CARTESIAN_POINT('',(20.45606,-24.38953,6.95));
#6192=CARTESIAN_POINT('',(20.45606,-24.38953,6.95));
#6193=CARTESIAN_POINT('',(18.2628534970245,-20.7371465029756,1.94999999999995));
#6194=CARTESIAN_POINT('',(21.,-18.,1.94999999999996));
#6195=CARTESIAN_POINT('',(20.45606,-24.3895300000001,6.95));
#6196=CARTESIAN_POINT('Ctrl Pts',(20.45606,-24.3895300000001,6.95));
#6197=CARTESIAN_POINT('Ctrl Pts',(19.7249911656748,-23.1720688343252,5.28333333333332));
#6198=CARTESIAN_POINT('Ctrl Pts',(18.9939223313497,-21.9546076686504,3.61666666666663));
#6199=CARTESIAN_POINT('Ctrl Pts',(18.2628534970245,-20.7371465029756,1.94999999999995));
#6200=CARTESIAN_POINT('Ctrl Pts',(20.5524336666667,-24.328123,6.95));
#6201=CARTESIAN_POINT('Ctrl Pts',(19.8020461948162,-23.118324916295,5.28333333333332));
#6202=CARTESIAN_POINT('Ctrl Pts',(19.0516587229657,-21.9085268325899,3.61666666666663));
#6203=CARTESIAN_POINT('Ctrl Pts',(18.3012712511152,-20.6987287488848,1.94999999999995));
#6204=CARTESIAN_POINT('Ctrl Pts',(20.6488073333334,-24.266716,6.95));
#6205=CARTESIAN_POINT('Ctrl Pts',(19.8791012239576,-23.0645809982647,5.28333333333332));
#6206=CARTESIAN_POINT('Ctrl Pts',(19.1093951145818,-21.8624459965294,3.61666666666663));
#6207=CARTESIAN_POINT('Ctrl Pts',(18.339689005206,-20.660310994794,1.94999999999995));
#6208=CARTESIAN_POINT('Ctrl Pts',(20.745181,-24.205309,6.95));
#6209=CARTESIAN_POINT('Ctrl Pts',(19.9561562530989,-23.0108370802344,5.28333333333332));
#6210=CARTESIAN_POINT('Ctrl Pts',(19.1671315061978,-21.8163651604689,3.61666666666663));
#6211=CARTESIAN_POINT('Ctrl Pts',(18.3781067592967,-20.6218932407033,1.94999999999995));
#6212=CARTESIAN_POINT('',(20.745181,-24.205309,6.95));
#6213=CARTESIAN_POINT('',(20.745181,-24.205309,6.95));
#6214=CARTESIAN_POINT('',(18.3781067592967,-20.6218932407033,1.94999999999995));
#6215=CARTESIAN_POINT('',(21.,-18.,1.94999999999996));
#6216=CARTESIAN_POINT('',(20.7451810000001,-24.2053090000001,6.95));
#6217=CARTESIAN_POINT('Ctrl Pts',(20.7451810000001,-24.2053090000001,6.95));
#6218=CARTESIAN_POINT('Ctrl Pts',(19.956156253099,-23.0108370802345,5.28333333333332));
#6219=CARTESIAN_POINT('Ctrl Pts',(19.1671315061978,-21.8163651604689,3.61666666666663));
#6220=CARTESIAN_POINT('Ctrl Pts',(18.3781067592967,-20.6218932407033,1.94999999999995));
#6221=CARTESIAN_POINT('Ctrl Pts',(20.8147426666667,-24.1509793333334,6.95));
#6222=CARTESIAN_POINT('Ctrl Pts',(20.0124217936117,-22.9647262063884,5.28333333333332));
#6223=CARTESIAN_POINT('Ctrl Pts',(19.2101009205566,-21.7784730794434,3.61666666666664));
#6224=CARTESIAN_POINT('Ctrl Pts',(18.4077800475016,-20.5922199524984,1.94999999999995));
#6225=CARTESIAN_POINT('Ctrl Pts',(20.8843043333334,-24.0966496666667,6.95));
#6226=CARTESIAN_POINT('Ctrl Pts',(20.0686873341244,-22.9186153325423,5.28333333333332));
#6227=CARTESIAN_POINT('Ctrl Pts',(19.2530703349154,-21.740580998418,3.61666666666663));
#6228=CARTESIAN_POINT('Ctrl Pts',(18.4374533357064,-20.5625466642936,1.94999999999995));
#6229=CARTESIAN_POINT('Ctrl Pts',(20.953866,-24.04232,6.95));
#6230=CARTESIAN_POINT('Ctrl Pts',(20.1249528746371,-22.8725044586963,5.28333333333332));
#6231=CARTESIAN_POINT('Ctrl Pts',(19.2960397492742,-21.7026889173925,3.61666666666663));
#6232=CARTESIAN_POINT('Ctrl Pts',(18.4671266239113,-20.5328733760888,1.94999999999995));
#6233=CARTESIAN_POINT('',(20.953866,-24.04232,6.95));
#6234=CARTESIAN_POINT('',(20.953866,-24.04232,6.95));
#6235=CARTESIAN_POINT('',(18.4671266239113,-20.5328733760888,1.94999999999995));
#6236=CARTESIAN_POINT('',(21.,-18.,1.94999999999996));
#6237=CARTESIAN_POINT('',(20.953866,-24.04232,6.95));
#6238=CARTESIAN_POINT('Ctrl Pts',(20.953866,-24.04232,6.95));
#6239=CARTESIAN_POINT('Ctrl Pts',(20.1249528746371,-22.8725044586963,5.28333333333332));
#6240=CARTESIAN_POINT('Ctrl Pts',(19.2960397492742,-21.7026889173925,3.61666666666663));
#6241=CARTESIAN_POINT('Ctrl Pts',(18.4671266239113,-20.5328733760888,1.94999999999995));
#6242=CARTESIAN_POINT('Ctrl Pts',(20.969244,-24.0282133333333,6.95));
#6243=CARTESIAN_POINT('Ctrl Pts',(20.1375434171033,-22.8607614717856,5.28333333333332));
#6244=CARTESIAN_POINT('Ctrl Pts',(19.3058428342067,-21.6933096102378,3.61666666666664));
#6245=CARTESIAN_POINT('Ctrl Pts',(18.47414225131,-20.52585774869,1.94999999999995));
#6246=CARTESIAN_POINT('Ctrl Pts',(20.984622,-24.0141066666667,6.95));
#6247=CARTESIAN_POINT('Ctrl Pts',(20.1501339595696,-22.8490184848749,5.28333333333332));
#6248=CARTESIAN_POINT('Ctrl Pts',(19.3156459191391,-21.6839303030831,3.61666666666663));
#6249=CARTESIAN_POINT('Ctrl Pts',(18.4811578787087,-20.5188421212913,1.94999999999995));
#6250=CARTESIAN_POINT('Ctrl Pts',(21.,-24.,6.95));
#6251=CARTESIAN_POINT('Ctrl Pts',(20.1627245020358,-22.8372754979642,5.28333333333332));
#6252=CARTESIAN_POINT('Ctrl Pts',(19.3254490040716,-21.6745509959284,3.61666666666663));
#6253=CARTESIAN_POINT('Ctrl Pts',(18.4881735061074,-20.5118264938926,1.94999999999995));
#6254=CARTESIAN_POINT('',(21.,-24.,6.95));
#6255=CARTESIAN_POINT('',(21.,-24.,6.95));
#6256=CARTESIAN_POINT('',(18.4881735061074,-20.5118264938926,1.94999999999995));
#6257=CARTESIAN_POINT('',(21.,-18.,1.94999999999996));
#6258=CARTESIAN_POINT('',(21.,-24.,6.95));
#6259=CARTESIAN_POINT('Origin',(21.,-24.,6.95));
#6260=CARTESIAN_POINT('',(24.,-21.,6.95));
#6261=CARTESIAN_POINT('',(24.,-21.,6.95));
#6262=CARTESIAN_POINT('',(19.9144975325999,-19.0855024674001,1.94999999999996));
#6263=CARTESIAN_POINT('',(21.,-18.,1.94999999999996));
#6264=CARTESIAN_POINT('',(24.,-21.,6.95));
#6265=CARTESIAN_POINT('Ctrl Pts',(24.,-21.,6.95));
#6266=CARTESIAN_POINT('Ctrl Pts',(22.6381658442,-20.3618341558,5.28333333333332));
#6267=CARTESIAN_POINT('Ctrl Pts',(21.2763316883999,-19.7236683116001,3.61666666666664));
#6268=CARTESIAN_POINT('Ctrl Pts',(19.9144975325999,-19.0855024674001,1.94999999999996));
#6269=CARTESIAN_POINT('Ctrl Pts',(24.0141066666667,-20.984622,6.95));
#6270=CARTESIAN_POINT('Ctrl Pts',(22.6499088311106,-20.3492436133338,5.28333333333332));
#6271=CARTESIAN_POINT('Ctrl Pts',(21.2857109955546,-19.7138652266676,3.61666666666664));
#6272=CARTESIAN_POINT('Ctrl Pts',(19.9215131599986,-19.0784868400014,1.94999999999996));
#6273=CARTESIAN_POINT('Ctrl Pts',(24.0282133333333,-20.969244,6.95));
#6274=CARTESIAN_POINT('Ctrl Pts',(22.6616518180213,-20.3366530708676,5.28333333333332));
#6275=CARTESIAN_POINT('Ctrl Pts',(21.2950903027093,-19.7040621417351,3.61666666666664));
#6276=CARTESIAN_POINT('Ctrl Pts',(19.9285287873973,-19.0714712126027,1.94999999999996));
#6277=CARTESIAN_POINT('Ctrl Pts',(24.04232,-20.953866,6.95));
#6278=CARTESIAN_POINT('Ctrl Pts',(22.673394804932,-20.3240625284013,5.28333333333332));
#6279=CARTESIAN_POINT('Ctrl Pts',(21.304469609864,-19.6942590568027,3.61666666666664));
#6280=CARTESIAN_POINT('Ctrl Pts',(19.935544414796,-19.064455585204,1.94999999999996));
#6281=CARTESIAN_POINT('',(24.04232,-20.953866,6.95));
#6282=CARTESIAN_POINT('',(24.04232,-20.953866,6.95));
#6283=CARTESIAN_POINT('',(19.935544414796,-19.064455585204,1.94999999999996));
#6284=CARTESIAN_POINT('',(21.,-18.,1.94999999999996));
#6285=CARTESIAN_POINT('',(24.0423199999999,-20.9538659999999,6.95));
#6286=CARTESIAN_POINT('Ctrl Pts',(24.0423199999999,-20.9538659999999,6.95));
#6287=CARTESIAN_POINT('Ctrl Pts',(22.673394804932,-20.3240625284013,5.28333333333332));
#6288=CARTESIAN_POINT('Ctrl Pts',(21.304469609864,-19.6942590568026,3.61666666666664));
#6289=CARTESIAN_POINT('Ctrl Pts',(19.935544414796,-19.064455585204,1.94999999999996));
#6290=CARTESIAN_POINT('Ctrl Pts',(24.0966496666666,-20.8843043333333,6.95));
#6291=CARTESIAN_POINT('Ctrl Pts',(22.719505678778,-20.2677969878886,5.28333333333332));
#6292=CARTESIAN_POINT('Ctrl Pts',(21.3423616908894,-19.6512896424439,3.61666666666664));
#6293=CARTESIAN_POINT('Ctrl Pts',(19.9652177030009,-19.0347822969992,1.94999999999996));
#6294=CARTESIAN_POINT('Ctrl Pts',(24.1509793333333,-20.8147426666666,6.95));
#6295=CARTESIAN_POINT('Ctrl Pts',(22.7656165526241,-20.2115314473759,5.28333333333332));
#6296=CARTESIAN_POINT('Ctrl Pts',(21.3802537719149,-19.6083202280851,3.61666666666664));
#6297=CARTESIAN_POINT('Ctrl Pts',(19.9948909912057,-19.0051090087943,1.94999999999996));
#6298=CARTESIAN_POINT('Ctrl Pts',(24.205309,-20.745181,6.95));
#6299=CARTESIAN_POINT('Ctrl Pts',(22.8117274264702,-20.1552659068632,5.28333333333332));
#6300=CARTESIAN_POINT('Ctrl Pts',(21.4181458529404,-19.5653508137263,3.61666666666664));
#6301=CARTESIAN_POINT('Ctrl Pts',(20.0245642794106,-18.9754357205895,1.94999999999996));
#6302=CARTESIAN_POINT('',(24.205309,-20.745181,6.95));
#6303=CARTESIAN_POINT('',(24.205309,-20.745181,6.95));
#6304=CARTESIAN_POINT('',(20.0245642794106,-18.9754357205895,1.94999999999996));
#6305=CARTESIAN_POINT('',(21.,-18.,1.94999999999996));
#6306=CARTESIAN_POINT('',(24.2053089999999,-20.745181,6.95));
#6307=CARTESIAN_POINT('Ctrl Pts',(24.2053089999999,-20.745181,6.95));
#6308=CARTESIAN_POINT('Ctrl Pts',(22.8117274264701,-20.1552659068631,5.28333333333332));
#6309=CARTESIAN_POINT('Ctrl Pts',(21.4181458529403,-19.5653508137263,3.61666666666664));
#6310=CARTESIAN_POINT('Ctrl Pts',(20.0245642794106,-18.9754357205895,1.94999999999996));
#6311=CARTESIAN_POINT('Ctrl Pts',(24.266716,-20.6488073333333,6.95));
#6312=CARTESIAN_POINT('Ctrl Pts',(22.8654713445004,-20.0782108777218,5.28333333333332));
#6313=CARTESIAN_POINT('Ctrl Pts',(21.4642266890009,-19.5076144221102,3.61666666666664));
#6314=CARTESIAN_POINT('Ctrl Pts',(20.0629820335013,-18.9370179664987,1.94999999999996));
#6315=CARTESIAN_POINT('Ctrl Pts',(24.328123,-20.5524336666667,6.95));
#6316=CARTESIAN_POINT('Ctrl Pts',(22.9192152625307,-20.0011558485804,5.28333333333332));
#6317=CARTESIAN_POINT('Ctrl Pts',(21.5103075250614,-19.4498780304942,3.61666666666664));
#6318=CARTESIAN_POINT('Ctrl Pts',(20.1013997875921,-18.8986002124079,1.94999999999996));
#6319=CARTESIAN_POINT('Ctrl Pts',(24.38953,-20.45606,6.95));
#6320=CARTESIAN_POINT('Ctrl Pts',(22.9729591805609,-19.9241008194391,5.28333333333332));
#6321=CARTESIAN_POINT('Ctrl Pts',(21.5563883611219,-19.3921416388781,3.61666666666664));
#6322=CARTESIAN_POINT('Ctrl Pts',(20.1398175416828,-18.8601824583172,1.94999999999996));
#6323=CARTESIAN_POINT('',(24.38953,-20.45606,6.95));
#6324=CARTESIAN_POINT('',(24.38953,-20.45606,6.95));
#6325=CARTESIAN_POINT('',(20.1398175416828,-18.8601824583172,1.94999999999996));
#6326=CARTESIAN_POINT('',(21.,-18.,1.94999999999996));
#6327=CARTESIAN_POINT('',(24.3895299999999,-20.45606,6.95));
#6328=CARTESIAN_POINT('Ctrl Pts',(24.3895299999999,-20.45606,6.95));
#6329=CARTESIAN_POINT('Ctrl Pts',(22.9729591805609,-19.924100819439,5.28333333333332));
#6330=CARTESIAN_POINT('Ctrl Pts',(21.5563883611219,-19.3921416388781,3.61666666666664));
#6331=CARTESIAN_POINT('Ctrl Pts',(20.1398175416828,-18.8601824583172,1.94999999999996));
#6332=CARTESIAN_POINT('Ctrl Pts',(24.4473576666666,-20.343492,6.95));
#6333=CARTESIAN_POINT('Ctrl Pts',(23.0256927862595,-19.8348736581849,5.28333333333332));
#6334=CARTESIAN_POINT('Ctrl Pts',(21.6040279058523,-19.3262553163699,3.61666666666664));
#6335=CARTESIAN_POINT('Ctrl Pts',(20.1823630254452,-18.8176369745548,1.94999999999996));
#6336=CARTESIAN_POINT('Ctrl Pts',(24.5051853333333,-20.230924,6.95));
#6337=CARTESIAN_POINT('Ctrl Pts',(23.0784263919581,-19.7456464969308,5.28333333333332));
#6338=CARTESIAN_POINT('Ctrl Pts',(21.6516674505828,-19.2603689938616,3.61666666666664));
#6339=CARTESIAN_POINT('Ctrl Pts',(20.2249085092076,-18.7750914907924,1.94999999999996));
#6340=CARTESIAN_POINT('Ctrl Pts',(24.563013,-20.118356,6.95));
#6341=CARTESIAN_POINT('Ctrl Pts',(23.1311599976567,-19.6564193356767,5.28333333333332));
#6342=CARTESIAN_POINT('Ctrl Pts',(21.6993069953133,-19.1944826713534,3.61666666666664));
#6343=CARTESIAN_POINT('Ctrl Pts',(20.26745399297,-18.73254600703,1.94999999999996));
#6344=CARTESIAN_POINT('',(24.563013,-20.118356,6.95));
#6345=CARTESIAN_POINT('',(24.563013,-20.118356,6.95));
#6346=CARTESIAN_POINT('',(20.26745399297,-18.73254600703,1.94999999999996));
#6347=CARTESIAN_POINT('',(21.,-18.,1.94999999999996));
#6348=CARTESIAN_POINT('',(24.5630129999999,-20.118356,6.95));
#6349=CARTESIAN_POINT('Ctrl Pts',(24.5630129999999,-20.118356,6.95));
#6350=CARTESIAN_POINT('Ctrl Pts',(23.1311599976566,-19.6564193356767,5.28333333333332));
#6351=CARTESIAN_POINT('Ctrl Pts',(21.6993069953133,-19.1944826713534,3.61666666666664));
#6352=CARTESIAN_POINT('Ctrl Pts',(20.26745399297,-18.73254600703,1.94999999999996));
#6353=CARTESIAN_POINT('Ctrl Pts',(24.6132416666666,-19.9940516666666,6.95));
#6354=CARTESIAN_POINT('Ctrl Pts',(23.1796698916274,-19.5585256639281,5.28333333333332));
#6355=CARTESIAN_POINT('Ctrl Pts',(21.7460981165883,-19.1229996611895,3.61666666666664));
#6356=CARTESIAN_POINT('Ctrl Pts',(20.3125263415491,-18.6874736584509,1.94999999999996));
#6357=CARTESIAN_POINT('Ctrl Pts',(24.6634703333333,-19.8697473333333,6.95));
#6358=CARTESIAN_POINT('Ctrl Pts',(23.2281797855983,-19.4606319921795,5.28333333333332));
#6359=CARTESIAN_POINT('Ctrl Pts',(21.7928892378632,-19.0515166510257,3.61666666666664));
#6360=CARTESIAN_POINT('Ctrl Pts',(20.3575986901282,-18.6424013098718,1.94999999999996));
#6361=CARTESIAN_POINT('Ctrl Pts',(24.713699,-19.745443,6.95));
#6362=CARTESIAN_POINT('Ctrl Pts',(23.2766896795691,-19.3627383204309,5.28333333333332));
#6363=CARTESIAN_POINT('Ctrl Pts',(21.8396803591382,-18.9800336408618,3.61666666666664));
#6364=CARTESIAN_POINT('Ctrl Pts',(20.4026710387073,-18.5973289612927,1.94999999999996));
#6365=CARTESIAN_POINT('',(24.713699,-19.745443,6.95));
#6366=CARTESIAN_POINT('',(24.713699,-19.745443,6.95));
#6367=CARTESIAN_POINT('',(20.4026710387073,-18.5973289612927,1.94999999999996));
#6368=CARTESIAN_POINT('',(21.,-18.,1.94999999999996));
#6369=CARTESIAN_POINT('',(24.7136989999999,-19.745443,6.95));
#6370=CARTESIAN_POINT('Ctrl Pts',(24.7136989999999,-19.745443,6.95));
#6371=CARTESIAN_POINT('Ctrl Pts',(23.276689679569,-19.3627383204309,5.28333333333332));
#6372=CARTESIAN_POINT('Ctrl Pts',(21.8396803591382,-18.9800336408618,3.61666666666664));
#6373=CARTESIAN_POINT('Ctrl Pts',(20.4026710387073,-18.5973289612927,1.94999999999996));
#6374=CARTESIAN_POINT('Ctrl Pts',(24.7543729999999,-19.611685,6.95));
#6375=CARTESIAN_POINT('Ctrl Pts',(23.3194726468614,-19.2578993531386,5.28333333333332));
#6376=CARTESIAN_POINT('Ctrl Pts',(21.8845722937228,-18.9041137062772,3.61666666666664));
#6377=CARTESIAN_POINT('Ctrl Pts',(20.4496719405842,-18.5503280594158,1.94999999999996));
#6378=CARTESIAN_POINT('Ctrl Pts',(24.795047,-19.477927,6.95));
#6379=CARTESIAN_POINT('Ctrl Pts',(23.3622556141537,-19.1530603858463,5.28333333333332));
#6380=CARTESIAN_POINT('Ctrl Pts',(21.9294642283074,-18.8281937716926,3.61666666666664));
#6381=CARTESIAN_POINT('Ctrl Pts',(20.4966728424612,-18.5033271575388,1.94999999999996));
#6382=CARTESIAN_POINT('Ctrl Pts',(24.835721,-19.344169,6.95));
#6383=CARTESIAN_POINT('Ctrl Pts',(23.405038581446,-19.048221418554,5.28333333333332));
#6384=CARTESIAN_POINT('Ctrl Pts',(21.9743561628921,-18.7522738371079,3.61666666666664));
#6385=CARTESIAN_POINT('Ctrl Pts',(20.5436737443381,-18.4563262556619,1.94999999999996));
#6386=CARTESIAN_POINT('',(24.835721,-19.344169,6.95));
#6387=CARTESIAN_POINT('',(24.835721,-19.344169,6.95));
#6388=CARTESIAN_POINT('',(20.5436737443381,-18.4563262556619,1.94999999999996));
#6389=CARTESIAN_POINT('',(21.,-18.,1.94999999999996));
#6390=CARTESIAN_POINT('',(24.8357209999999,-19.344169,6.95));
#6391=CARTESIAN_POINT('Ctrl Pts',(24.8357209999999,-19.344169,6.95));
#6392=CARTESIAN_POINT('Ctrl Pts',(23.4050385814459,-19.0482214185539,5.28333333333332));
#6393=CARTESIAN_POINT('Ctrl Pts',(21.974356162892,-18.7522738371079,3.61666666666664));
#6394=CARTESIAN_POINT('Ctrl Pts',(20.5436737443381,-18.4563262556619,1.94999999999996));
#6395=CARTESIAN_POINT('Ctrl Pts',(24.8656983333332,-19.2022126666666,6.95));
#6396=CARTESIAN_POINT('Ctrl Pts',(23.4412822979996,-18.9373250353337,5.28333333333332));
#6397=CARTESIAN_POINT('Ctrl Pts',(22.0168662626659,-18.6724374040008,3.61666666666663));
#6398=CARTESIAN_POINT('Ctrl Pts',(20.5924502273322,-18.4075497726678,1.94999999999996));
#6399=CARTESIAN_POINT('Ctrl Pts',(24.8956756666666,-19.0602563333333,6.95));
#6400=CARTESIAN_POINT('Ctrl Pts',(23.4775260145532,-18.8264286521135,5.28333333333332));
#6401=CARTESIAN_POINT('Ctrl Pts',(22.0593763624397,-18.5926009708936,3.61666666666664));
#6402=CARTESIAN_POINT('Ctrl Pts',(20.6412267103263,-18.3587732896738,1.94999999999996));
#6403=CARTESIAN_POINT('Ctrl Pts',(24.925653,-18.9183,6.95));
#6404=CARTESIAN_POINT('Ctrl Pts',(23.5137697311068,-18.7155322688932,5.28333333333332));
#6405=CARTESIAN_POINT('Ctrl Pts',(22.1018864622135,-18.5127645377865,3.61666666666664));
#6406=CARTESIAN_POINT('Ctrl Pts',(20.6900031933203,-18.3099968066797,1.94999999999996));
#6407=CARTESIAN_POINT('',(24.925653,-18.9183,6.95));
#6408=CARTESIAN_POINT('',(24.925653,-18.9183,6.95));
#6409=CARTESIAN_POINT('',(20.6900031933203,-18.3099968066797,1.94999999999996));
#6410=CARTESIAN_POINT('',(21.,-18.,1.94999999999996));
#6411=CARTESIAN_POINT('',(24.9256530000001,-18.9183,6.95));
#6412=CARTESIAN_POINT('Ctrl Pts',(24.9256530000001,-18.9183,6.95));
#6413=CARTESIAN_POINT('Ctrl Pts',(23.5137697311069,-18.7155322688932,5.28333333333332));
#6414=CARTESIAN_POINT('Ctrl Pts',(22.1018864622136,-18.5127645377865,3.61666666666664));
#6415=CARTESIAN_POINT('Ctrl Pts',(20.6900031933203,-18.3099968066797,1.94999999999996));
#6416=CARTESIAN_POINT('Ctrl Pts',(24.9441316666668,-18.7688326666667,6.95));
#6417=CARTESIAN_POINT('Ctrl Pts',(23.5429660592736,-18.5990101629487,5.28333333333332));
#6418=CARTESIAN_POINT('Ctrl Pts',(22.1418004518804,-18.4291876592307,3.61666666666664));
#6419=CARTESIAN_POINT('Ctrl Pts',(20.7406348444873,-18.2593651555127,1.94999999999996));
#6420=CARTESIAN_POINT('Ctrl Pts',(24.9626103333334,-18.6193653333333,6.95));
#6421=CARTESIAN_POINT('Ctrl Pts',(23.5721623874403,-18.4824880570041,5.28333333333332));
#6422=CARTESIAN_POINT('Ctrl Pts',(22.1817144415473,-18.3456107806749,3.61666666666664));
#6423=CARTESIAN_POINT('Ctrl Pts',(20.7912664956543,-18.2087335043457,1.94999999999996));
#6424=CARTESIAN_POINT('Ctrl Pts',(24.981089,-18.469898,6.95));
#6425=CARTESIAN_POINT('Ctrl Pts',(23.6013587156071,-18.3659659510596,5.28333333333332));
#6426=CARTESIAN_POINT('Ctrl Pts',(22.2216284312142,-18.2620339021192,3.61666666666664));
#6427=CARTESIAN_POINT('Ctrl Pts',(20.8418981468212,-18.1581018531788,1.94999999999996));
#6428=CARTESIAN_POINT('',(24.981089,-18.469898,6.95));
#6429=CARTESIAN_POINT('',(24.981089,-18.469898,6.95));
#6430=CARTESIAN_POINT('',(20.8418981468212,-18.1581018531788,1.94999999999996));
#6431=CARTESIAN_POINT('',(21.,-18.,1.94999999999996));
#6432=CARTESIAN_POINT('',(24.981089,-18.469898,6.95));
#6433=CARTESIAN_POINT('Ctrl Pts',(24.981089,-18.469898,6.95));
#6434=CARTESIAN_POINT('Ctrl Pts',(23.6013587156071,-18.3659659510596,5.28333333333332));
#6435=CARTESIAN_POINT('Ctrl Pts',(22.2216284312142,-18.2620339021192,3.61666666666664));
#6436=CARTESIAN_POINT('Ctrl Pts',(20.8418981468212,-18.1581018531788,1.94999999999996));
#6437=CARTESIAN_POINT('Ctrl Pts',(24.9873926666667,-18.3132653333333,6.95));
#6438=CARTESIAN_POINT('Ctrl Pts',(23.6231280326269,-18.2439773007064,5.28333333333332));
#6439=CARTESIAN_POINT('Ctrl Pts',(22.2588633985872,-18.1746892680795,3.61666666666664));
#6440=CARTESIAN_POINT('Ctrl Pts',(20.8945987645475,-18.1054012354525,1.94999999999996));
#6441=CARTESIAN_POINT('Ctrl Pts',(24.9936963333333,-18.1566326666667,6.95));
#6442=CARTESIAN_POINT('Ctrl Pts',(23.6448973496468,-18.1219886503532,5.28333333333332));
#6443=CARTESIAN_POINT('Ctrl Pts',(22.2960983659603,-18.0873446340397,3.61666666666664));
#6444=CARTESIAN_POINT('Ctrl Pts',(20.9472993822737,-18.0527006177263,1.94999999999996));
#6445=CARTESIAN_POINT('Ctrl Pts',(25.,-18.,6.95));
#6446=CARTESIAN_POINT('Ctrl Pts',(23.6666666666667,-18.,5.28333333333332));
#6447=CARTESIAN_POINT('Ctrl Pts',(22.3333333333333,-18.,3.61666666666664));
#6448=CARTESIAN_POINT('Ctrl Pts',(21.,-18.,1.94999999999996));
#6449=CARTESIAN_POINT('',(25.,-18.,6.95));
#6450=CARTESIAN_POINT('',(25.,-18.,6.95));
#6451=CARTESIAN_POINT('',(21.,-18.,1.94999999999996));
#6452=CARTESIAN_POINT('',(21.,-18.,1.94999999999996));
#6453=CARTESIAN_POINT('',(25.,-18.,6.95));
#6454=CARTESIAN_POINT('Origin',(25.,-18.,6.95));
#6455=CARTESIAN_POINT('',(25.,18.,6.95));
#6456=CARTESIAN_POINT('',(25.,18.,6.95));
#6457=CARTESIAN_POINT('',(21.,16.306796000072,1.95000000000005));
#6458=CARTESIAN_POINT('',(21.,18.,1.95000000000006));
#6459=CARTESIAN_POINT('',(25.,18.,6.95));
#6460=CARTESIAN_POINT('Ctrl Pts',(25.,18.,6.95));
#6461=CARTESIAN_POINT('Ctrl Pts',(23.6666666666667,17.4355986666907,5.28333333333335));
#6462=CARTESIAN_POINT('Ctrl Pts',(22.3333333333333,16.8711973333814,3.6166666666667));
#6463=CARTESIAN_POINT('Ctrl Pts',(21.,16.306796000072,1.95000000000005));
#6464=CARTESIAN_POINT('Ctrl Pts',(24.9936963333333,18.1566326666667,6.95));
#6465=CARTESIAN_POINT('Ctrl Pts',(23.6624642222222,17.589815952201,5.28333333333335));
#6466=CARTESIAN_POINT('Ctrl Pts',(22.3312321111111,17.0229992377353,3.6166666666667));
#6467=CARTESIAN_POINT('Ctrl Pts',(21.,16.4561825232696,1.95000000000005));
#6468=CARTESIAN_POINT('Ctrl Pts',(24.9873926666667,18.3132653333333,6.95));
#6469=CARTESIAN_POINT('Ctrl Pts',(23.6582617777778,17.7440332377113,5.28333333333335));
#6470=CARTESIAN_POINT('Ctrl Pts',(22.3291308888889,17.1748011420893,3.6166666666667));
#6471=CARTESIAN_POINT('Ctrl Pts',(21.,16.6055690464673,1.95000000000005));
#6472=CARTESIAN_POINT('Ctrl Pts',(24.981089,18.469898,6.95));
#6473=CARTESIAN_POINT('Ctrl Pts',(23.6540593333333,17.8982505232216,5.28333333333335));
#6474=CARTESIAN_POINT('Ctrl Pts',(22.3270296666667,17.3266030464433,3.6166666666667));
#6475=CARTESIAN_POINT('Ctrl Pts',(21.,16.7549555696649,1.95000000000006));
#6476=CARTESIAN_POINT('',(24.981089,18.469898,6.95));
#6477=CARTESIAN_POINT('',(24.981089,18.469898,6.95));
#6478=CARTESIAN_POINT('',(21.,16.7549555696649,1.95000000000006));
#6479=CARTESIAN_POINT('',(21.,18.,1.95000000000006));
#6480=CARTESIAN_POINT('',(24.9810889999999,18.469898,6.95));
#6481=CARTESIAN_POINT('Ctrl Pts',(24.9810889999999,18.469898,6.95));
#6482=CARTESIAN_POINT('Ctrl Pts',(23.6540593333332,17.8982505232216,5.28333333333335));
#6483=CARTESIAN_POINT('Ctrl Pts',(22.3270296666666,17.3266030464433,3.6166666666667));
#6484=CARTESIAN_POINT('Ctrl Pts',(21.,16.7549555696649,1.95000000000006));
#6485=CARTESIAN_POINT('Ctrl Pts',(24.9626103333333,18.6193653333333,6.95));
#6486=CARTESIAN_POINT('Ctrl Pts',(23.6417402222222,18.0457360046116,5.28333333333335));
#6487=CARTESIAN_POINT('Ctrl Pts',(22.3208701111111,17.4721066758898,3.6166666666667));
#6488=CARTESIAN_POINT('Ctrl Pts',(21.,16.8984773471681,1.95000000000006));
#6489=CARTESIAN_POINT('Ctrl Pts',(24.9441316666666,18.7688326666667,6.95));
#6490=CARTESIAN_POINT('Ctrl Pts',(23.6294211111111,18.1932214860015,5.28333333333335));
#6491=CARTESIAN_POINT('Ctrl Pts',(22.3147105555555,17.6176103053364,3.61666666666671));
#6492=CARTESIAN_POINT('Ctrl Pts',(21.,17.0419991246713,1.95000000000006));
#6493=CARTESIAN_POINT('Ctrl Pts',(24.925653,18.9183,6.95));
#6494=CARTESIAN_POINT('Ctrl Pts',(23.617102,18.3407069673915,5.28333333333335));
#6495=CARTESIAN_POINT('Ctrl Pts',(22.308551,17.763113934783,3.6166666666667));
#6496=CARTESIAN_POINT('Ctrl Pts',(21.,17.1855209021745,1.95000000000006));
#6497=CARTESIAN_POINT('',(24.925653,18.9183,6.95));
#6498=CARTESIAN_POINT('',(24.925653,18.9183,6.95));
#6499=CARTESIAN_POINT('',(21.,17.1855209021745,1.95000000000006));
#6500=CARTESIAN_POINT('',(21.,18.,1.95000000000006));
#6501=CARTESIAN_POINT('',(24.9256530000002,18.9183,6.95));
#6502=CARTESIAN_POINT('Ctrl Pts',(24.9256530000002,18.9183,6.95));
#6503=CARTESIAN_POINT('Ctrl Pts',(23.6171020000001,18.3407069673915,5.28333333333335));
#6504=CARTESIAN_POINT('Ctrl Pts',(22.308551,17.763113934783,3.6166666666667));
#6505=CARTESIAN_POINT('Ctrl Pts',(21.,17.1855209021745,1.95000000000006));
#6506=CARTESIAN_POINT('Ctrl Pts',(24.8956756666668,19.0602563333334,6.95));
#6507=CARTESIAN_POINT('Ctrl Pts',(23.5971171111112,18.4814322130139,5.28333333333336));
#6508=CARTESIAN_POINT('Ctrl Pts',(22.2985585555556,17.9026080926944,3.6166666666667));
#6509=CARTESIAN_POINT('Ctrl Pts',(21.,17.323783972375,1.95000000000006));
#6510=CARTESIAN_POINT('Ctrl Pts',(24.8656983333334,19.2022126666667,6.95));
#6511=CARTESIAN_POINT('Ctrl Pts',(23.5771322222223,18.6221574586363,5.28333333333335));
#6512=CARTESIAN_POINT('Ctrl Pts',(22.2885661111111,18.0421022506058,3.61666666666671));
#6513=CARTESIAN_POINT('Ctrl Pts',(21.,17.4620470425754,1.95000000000006));
#6514=CARTESIAN_POINT('Ctrl Pts',(24.835721,19.344169,6.95));
#6515=CARTESIAN_POINT('Ctrl Pts',(23.5571473333333,18.7628827042586,5.28333333333335));
#6516=CARTESIAN_POINT('Ctrl Pts',(22.2785736666667,18.1815964085172,3.61666666666671));
#6517=CARTESIAN_POINT('Ctrl Pts',(21.,17.6003101127759,1.95000000000006));
#6518=CARTESIAN_POINT('',(24.835721,19.344169,6.95));
#6519=CARTESIAN_POINT('',(24.835721,19.344169,6.95));
#6520=CARTESIAN_POINT('',(21.,17.6003101127759,1.95000000000006));
#6521=CARTESIAN_POINT('',(21.,18.,1.95000000000006));
#6522=CARTESIAN_POINT('',(24.8357210000001,19.344169,6.95));
#6523=CARTESIAN_POINT('Ctrl Pts',(24.8357210000001,19.344169,6.95));
#6524=CARTESIAN_POINT('Ctrl Pts',(23.5571473333334,18.7628827042586,5.28333333333335));
#6525=CARTESIAN_POINT('Ctrl Pts',(22.2785736666667,18.1815964085173,3.61666666666671));
#6526=CARTESIAN_POINT('Ctrl Pts',(21.,17.6003101127759,1.95000000000006));
#6527=CARTESIAN_POINT('Ctrl Pts',(24.7950470000001,19.477927,6.95));
#6528=CARTESIAN_POINT('Ctrl Pts',(23.5300313333334,18.896464691728,5.28333333333335));
#6529=CARTESIAN_POINT('Ctrl Pts',(22.2650156666667,18.3150023834559,3.6166666666667));
#6530=CARTESIAN_POINT('Ctrl Pts',(21.,17.7335400751839,1.95000000000006));
#6531=CARTESIAN_POINT('Ctrl Pts',(24.754373,19.611685,6.95));
#6532=CARTESIAN_POINT('Ctrl Pts',(23.5029153333333,19.0300466791973,5.28333333333335));
#6533=CARTESIAN_POINT('Ctrl Pts',(22.2514576666667,18.4484083583946,3.61666666666671));
#6534=CARTESIAN_POINT('Ctrl Pts',(21.,17.866770037592,1.95000000000006));
#6535=CARTESIAN_POINT('Ctrl Pts',(24.713699,19.745443,6.95));
#6536=CARTESIAN_POINT('Ctrl Pts',(23.4757993333333,19.1636286666667,5.28333333333335));
#6537=CARTESIAN_POINT('Ctrl Pts',(22.2378996666667,18.5818143333333,3.61666666666671));
#6538=CARTESIAN_POINT('Ctrl Pts',(21.,18.,1.95000000000006));
#6539=CARTESIAN_POINT('',(24.713699,19.745443,6.95));
#6540=CARTESIAN_POINT('',(24.713699,19.745443,6.95));
#6541=CARTESIAN_POINT('',(21.,18.,1.95000000000006));
#6542=CARTESIAN_POINT('',(21.,18.,1.95000000000006));
#6543=CARTESIAN_POINT('',(24.7136990000001,19.745443,6.95));
#6544=CARTESIAN_POINT('Ctrl Pts',(24.7136990000001,19.745443,6.95));
#6545=CARTESIAN_POINT('Ctrl Pts',(23.4757993333334,19.1636286666667,5.28333333333335));
#6546=CARTESIAN_POINT('Ctrl Pts',(22.2378996666667,18.5818143333334,3.61666666666671));
#6547=CARTESIAN_POINT('Ctrl Pts',(21.,18.,1.95000000000006));
#6548=CARTESIAN_POINT('Ctrl Pts',(24.6634703333334,19.8697473333334,6.95));
#6549=CARTESIAN_POINT('Ctrl Pts',(23.4272894393626,19.2615223384153,5.28333333333335));
#6550=CARTESIAN_POINT('Ctrl Pts',(22.1911085453917,18.6532973434972,3.61666666666671));
#6551=CARTESIAN_POINT('Ctrl Pts',(20.9549276514209,18.0450723485791,1.95000000000006));
#6552=CARTESIAN_POINT('Ctrl Pts',(24.6132416666667,19.9940516666667,6.95));
#6553=CARTESIAN_POINT('Ctrl Pts',(23.3787795453917,19.3594160101639,5.28333333333335));
#6554=CARTESIAN_POINT('Ctrl Pts',(22.1443174241168,18.724780353661,3.61666666666671));
#6555=CARTESIAN_POINT('Ctrl Pts',(20.9098553028418,18.0901446971582,1.95000000000006));
#6556=CARTESIAN_POINT('Ctrl Pts',(24.563013,20.118356,6.95));
#6557=CARTESIAN_POINT('Ctrl Pts',(23.3302696514209,19.4573096819124,5.28333333333335));
#6558=CARTESIAN_POINT('Ctrl Pts',(22.0975263028418,18.7962633638249,3.61666666666671));
#6559=CARTESIAN_POINT('Ctrl Pts',(20.8647829542627,18.1352170457373,1.95000000000006));
#6560=CARTESIAN_POINT('',(24.563013,20.118356,6.95));
#6561=CARTESIAN_POINT('',(24.563013,20.118356,6.95));
#6562=CARTESIAN_POINT('',(20.8647829542627,18.1352170457373,1.95000000000006));
#6563=CARTESIAN_POINT('',(18.,21.,1.95000000000007));
#6564=CARTESIAN_POINT('',(24.5630130000001,20.118356,6.95));
#6565=CARTESIAN_POINT('Ctrl Pts',(24.5630130000001,20.118356,6.95));
#6566=CARTESIAN_POINT('Ctrl Pts',(23.3302696514209,19.4573096819125,5.28333333333335));
#6567=CARTESIAN_POINT('Ctrl Pts',(22.0975263028418,18.7962633638249,3.61666666666671));
#6568=CARTESIAN_POINT('Ctrl Pts',(20.8647829542627,18.1352170457373,1.95000000000006));
#6569=CARTESIAN_POINT('Ctrl Pts',(24.5051853333334,20.230924,6.95));
#6570=CARTESIAN_POINT('Ctrl Pts',(23.2775360457223,19.5465368431666,5.28333333333336));
#6571=CARTESIAN_POINT('Ctrl Pts',(22.0498867581113,18.8621496863331,3.6166666666667));
#6572=CARTESIAN_POINT('Ctrl Pts',(20.8222374705003,18.1777625294997,1.95000000000006));
#6573=CARTESIAN_POINT('Ctrl Pts',(24.4473576666667,20.343492,6.95));
#6574=CARTESIAN_POINT('Ctrl Pts',(23.2248024400238,19.6357640044207,5.28333333333335));
#6575=CARTESIAN_POINT('Ctrl Pts',(22.0022472133808,18.9280360088414,3.61666666666671));
#6576=CARTESIAN_POINT('Ctrl Pts',(20.7796919867379,18.2203080132621,1.95000000000006));
#6577=CARTESIAN_POINT('Ctrl Pts',(24.38953,20.45606,6.95));
#6578=CARTESIAN_POINT('Ctrl Pts',(23.1720688343252,19.7249911656748,5.28333333333335));
#6579=CARTESIAN_POINT('Ctrl Pts',(21.9546076686504,18.9939223313496,3.61666666666671));
#6580=CARTESIAN_POINT('Ctrl Pts',(20.7371465029755,18.2628534970245,1.95000000000006));
#6581=CARTESIAN_POINT('',(24.38953,20.45606,6.95));
#6582=CARTESIAN_POINT('',(24.38953,20.45606,6.95));
#6583=CARTESIAN_POINT('',(20.7371465029755,18.2628534970245,1.95000000000006));
#6584=CARTESIAN_POINT('',(18.,21.,1.95000000000007));
#6585=CARTESIAN_POINT('',(24.3895300000001,20.45606,6.95));
#6586=CARTESIAN_POINT('Ctrl Pts',(24.3895300000001,20.45606,6.95));
#6587=CARTESIAN_POINT('Ctrl Pts',(23.1720688343252,19.7249911656749,5.28333333333335));
#6588=CARTESIAN_POINT('Ctrl Pts',(21.9546076686504,18.9939223313497,3.61666666666671));
#6589=CARTESIAN_POINT('Ctrl Pts',(20.7371465029755,18.2628534970245,1.95000000000006));
#6590=CARTESIAN_POINT('Ctrl Pts',(24.328123,20.5524336666667,6.95));
#6591=CARTESIAN_POINT('Ctrl Pts',(23.118324916295,19.8020461948162,5.28333333333336));
#6592=CARTESIAN_POINT('Ctrl Pts',(21.9085268325899,19.0516587229657,3.61666666666671));
#6593=CARTESIAN_POINT('Ctrl Pts',(20.6987287488848,18.3012712511152,1.95000000000006));
#6594=CARTESIAN_POINT('Ctrl Pts',(24.266716,20.6488073333333,6.95));
#6595=CARTESIAN_POINT('Ctrl Pts',(23.0645809982647,19.8791012239576,5.28333333333335));
#6596=CARTESIAN_POINT('Ctrl Pts',(21.8624459965294,19.1093951145818,3.61666666666671));
#6597=CARTESIAN_POINT('Ctrl Pts',(20.660310994794,18.339689005206,1.95000000000006));
#6598=CARTESIAN_POINT('Ctrl Pts',(24.205309,20.745181,6.95));
#6599=CARTESIAN_POINT('Ctrl Pts',(23.0108370802344,19.9561562530989,5.28333333333335));
#6600=CARTESIAN_POINT('Ctrl Pts',(21.8163651604688,19.1671315061978,3.61666666666671));
#6601=CARTESIAN_POINT('Ctrl Pts',(20.6218932407033,18.3781067592967,1.95000000000006));
#6602=CARTESIAN_POINT('',(24.205309,20.745181,6.95));
#6603=CARTESIAN_POINT('',(24.205309,20.745181,6.95));
#6604=CARTESIAN_POINT('',(20.6218932407033,18.3781067592967,1.95000000000006));
#6605=CARTESIAN_POINT('',(18.,21.,1.95000000000007));
#6606=CARTESIAN_POINT('',(24.2053090000001,20.7451810000001,6.95));
#6607=CARTESIAN_POINT('Ctrl Pts',(24.2053090000001,20.7451810000001,6.95));
#6608=CARTESIAN_POINT('Ctrl Pts',(23.0108370802345,19.956156253099,5.28333333333335));
#6609=CARTESIAN_POINT('Ctrl Pts',(21.8163651604689,19.1671315061978,3.61666666666671));
#6610=CARTESIAN_POINT('Ctrl Pts',(20.6218932407033,18.3781067592967,1.95000000000006));
#6611=CARTESIAN_POINT('Ctrl Pts',(24.1509793333334,20.8147426666667,6.95));
#6612=CARTESIAN_POINT('Ctrl Pts',(22.9647262063884,20.0124217936117,5.28333333333336));
#6613=CARTESIAN_POINT('Ctrl Pts',(21.7784730794434,19.2101009205566,3.61666666666671));
#6614=CARTESIAN_POINT('Ctrl Pts',(20.5922199524984,18.4077800475016,1.95000000000006));
#6615=CARTESIAN_POINT('Ctrl Pts',(24.0966496666667,20.8843043333334,6.95));
#6616=CARTESIAN_POINT('Ctrl Pts',(22.9186153325423,20.0686873341244,5.28333333333335));
#6617=CARTESIAN_POINT('Ctrl Pts',(21.7405809984179,19.2530703349154,3.61666666666671));
#6618=CARTESIAN_POINT('Ctrl Pts',(20.5625466642936,18.4374533357064,1.95000000000006));
#6619=CARTESIAN_POINT('Ctrl Pts',(24.04232,20.953866,6.95));
#6620=CARTESIAN_POINT('Ctrl Pts',(22.8725044586962,20.1249528746371,5.28333333333335));
#6621=CARTESIAN_POINT('Ctrl Pts',(21.7026889173925,19.2960397492742,3.61666666666671));
#6622=CARTESIAN_POINT('Ctrl Pts',(20.5328733760887,18.4671266239113,1.95000000000006));
#6623=CARTESIAN_POINT('',(24.04232,20.953866,6.95));
#6624=CARTESIAN_POINT('',(24.04232,20.953866,6.95));
#6625=CARTESIAN_POINT('',(20.5328733760887,18.4671266239113,1.95000000000006));
#6626=CARTESIAN_POINT('',(18.,21.,1.95000000000007));
#6627=CARTESIAN_POINT('',(24.04232,20.953866,6.95));
#6628=CARTESIAN_POINT('Ctrl Pts',(24.04232,20.953866,6.95));
#6629=CARTESIAN_POINT('Ctrl Pts',(22.8725044586962,20.1249528746371,5.28333333333335));
#6630=CARTESIAN_POINT('Ctrl Pts',(21.7026889173925,19.2960397492742,3.61666666666671));
#6631=CARTESIAN_POINT('Ctrl Pts',(20.5328733760887,18.4671266239113,1.95000000000006));
#6632=CARTESIAN_POINT('Ctrl Pts',(24.0282133333333,20.969244,6.95));
#6633=CARTESIAN_POINT('Ctrl Pts',(22.8607614717856,20.1375434171033,5.28333333333336));
#6634=CARTESIAN_POINT('Ctrl Pts',(21.6933096102378,19.3058428342067,3.61666666666671));
#6635=CARTESIAN_POINT('Ctrl Pts',(20.52585774869,18.47414225131,1.95000000000006));
#6636=CARTESIAN_POINT('Ctrl Pts',(24.0141066666667,20.984622,6.95));
#6637=CARTESIAN_POINT('Ctrl Pts',(22.8490184848749,20.1501339595696,5.28333333333335));
#6638=CARTESIAN_POINT('Ctrl Pts',(21.6839303030831,19.3156459191391,3.61666666666671));
#6639=CARTESIAN_POINT('Ctrl Pts',(20.5188421212913,18.4811578787087,1.95000000000006));
#6640=CARTESIAN_POINT('Ctrl Pts',(24.,21.,6.95));
#6641=CARTESIAN_POINT('Ctrl Pts',(22.8372754979642,20.1627245020358,5.28333333333335));
#6642=CARTESIAN_POINT('Ctrl Pts',(21.6745509959284,19.3254490040716,3.61666666666671));
#6643=CARTESIAN_POINT('Ctrl Pts',(20.5118264938926,18.4881735061074,1.95000000000006));
#6644=CARTESIAN_POINT('',(24.,21.,6.95));
#6645=CARTESIAN_POINT('',(24.,21.,6.95));
#6646=CARTESIAN_POINT('',(20.5118264938926,18.4881735061074,1.95000000000006));
#6647=CARTESIAN_POINT('',(18.,21.,1.95000000000007));
#6648=CARTESIAN_POINT('',(24.,21.,6.95));
#6649=CARTESIAN_POINT('Origin',(24.,21.,6.95));
#6650=CARTESIAN_POINT('',(21.,24.,6.95));
#6651=CARTESIAN_POINT('',(21.,24.,6.95));
#6652=CARTESIAN_POINT('',(19.0855024674001,19.9144975325999,1.95000000000006));
#6653=CARTESIAN_POINT('',(18.,21.,1.95000000000007));
#6654=CARTESIAN_POINT('',(21.,24.,6.95));
#6655=CARTESIAN_POINT('Ctrl Pts',(21.,24.,6.95));
#6656=CARTESIAN_POINT('Ctrl Pts',(20.3618341558,22.6381658442,5.28333333333336));
#6657=CARTESIAN_POINT('Ctrl Pts',(19.7236683116001,21.2763316883999,3.61666666666671));
#6658=CARTESIAN_POINT('Ctrl Pts',(19.0855024674001,19.9144975325999,1.95000000000006));
#6659=CARTESIAN_POINT('Ctrl Pts',(20.984622,24.0141066666667,6.95));
#6660=CARTESIAN_POINT('Ctrl Pts',(20.3492436133338,22.6499088311106,5.28333333333336));
#6661=CARTESIAN_POINT('Ctrl Pts',(19.7138652266676,21.2857109955546,3.61666666666671));
#6662=CARTESIAN_POINT('Ctrl Pts',(19.0784868400014,19.9215131599986,1.95000000000006));
#6663=CARTESIAN_POINT('Ctrl Pts',(20.969244,24.0282133333333,6.95));
#6664=CARTESIAN_POINT('Ctrl Pts',(20.3366530708676,22.6616518180213,5.28333333333336));
#6665=CARTESIAN_POINT('Ctrl Pts',(19.7040621417351,21.2950903027093,3.61666666666671));
#6666=CARTESIAN_POINT('Ctrl Pts',(19.0714712126027,19.9285287873973,1.95000000000006));
#6667=CARTESIAN_POINT('Ctrl Pts',(20.953866,24.04232,6.95));
#6668=CARTESIAN_POINT('Ctrl Pts',(20.3240625284013,22.673394804932,5.28333333333336));
#6669=CARTESIAN_POINT('Ctrl Pts',(19.6942590568027,21.304469609864,3.61666666666671));
#6670=CARTESIAN_POINT('Ctrl Pts',(19.064455585204,19.935544414796,1.95000000000006));
#6671=CARTESIAN_POINT('',(20.953866,24.04232,6.95));
#6672=CARTESIAN_POINT('',(20.953866,24.04232,6.95));
#6673=CARTESIAN_POINT('',(19.064455585204,19.935544414796,1.95000000000006));
#6674=CARTESIAN_POINT('',(18.,21.,1.95000000000007));
#6675=CARTESIAN_POINT('',(20.9538659999999,24.0423199999999,6.95));
#6676=CARTESIAN_POINT('Ctrl Pts',(20.9538659999999,24.0423199999999,6.95));
#6677=CARTESIAN_POINT('Ctrl Pts',(20.3240625284013,22.673394804932,5.28333333333336));
#6678=CARTESIAN_POINT('Ctrl Pts',(19.6942590568026,21.304469609864,3.61666666666671));
#6679=CARTESIAN_POINT('Ctrl Pts',(19.064455585204,19.935544414796,1.95000000000006));
#6680=CARTESIAN_POINT('Ctrl Pts',(20.8843043333333,24.0966496666666,6.95));
#6681=CARTESIAN_POINT('Ctrl Pts',(20.2677969878886,22.719505678778,5.28333333333336));
#6682=CARTESIAN_POINT('Ctrl Pts',(19.6512896424438,21.3423616908895,3.61666666666671));
#6683=CARTESIAN_POINT('Ctrl Pts',(19.0347822969991,19.9652177030009,1.95000000000006));
#6684=CARTESIAN_POINT('Ctrl Pts',(20.8147426666666,24.1509793333333,6.95));
#6685=CARTESIAN_POINT('Ctrl Pts',(20.2115314473759,22.7656165526241,5.28333333333336));
#6686=CARTESIAN_POINT('Ctrl Pts',(19.6083202280851,21.3802537719149,3.61666666666671));
#6687=CARTESIAN_POINT('Ctrl Pts',(19.0051090087943,19.9948909912057,1.95000000000007));
#6688=CARTESIAN_POINT('Ctrl Pts',(20.745181,24.205309,6.95));
#6689=CARTESIAN_POINT('Ctrl Pts',(20.1552659068631,22.8117274264702,5.28333333333336));
#6690=CARTESIAN_POINT('Ctrl Pts',(19.5653508137263,21.4181458529404,3.61666666666671));
#6691=CARTESIAN_POINT('Ctrl Pts',(18.9754357205894,20.0245642794106,1.95000000000007));
#6692=CARTESIAN_POINT('',(20.745181,24.205309,6.95));
#6693=CARTESIAN_POINT('',(20.745181,24.205309,6.95));
#6694=CARTESIAN_POINT('',(18.9754357205894,20.0245642794106,1.95000000000007));
#6695=CARTESIAN_POINT('',(18.,21.,1.95000000000007));
#6696=CARTESIAN_POINT('',(20.745181,24.2053089999999,6.95));
#6697=CARTESIAN_POINT('Ctrl Pts',(20.745181,24.2053089999999,6.95));
#6698=CARTESIAN_POINT('Ctrl Pts',(20.1552659068631,22.8117274264701,5.28333333333336));
#6699=CARTESIAN_POINT('Ctrl Pts',(19.5653508137263,21.4181458529404,3.61666666666671));
#6700=CARTESIAN_POINT('Ctrl Pts',(18.9754357205894,20.0245642794106,1.95000000000007));
#6701=CARTESIAN_POINT('Ctrl Pts',(20.6488073333333,24.266716,6.95));
#6702=CARTESIAN_POINT('Ctrl Pts',(20.0782108777218,22.8654713445004,5.28333333333336));
#6703=CARTESIAN_POINT('Ctrl Pts',(19.5076144221102,21.4642266890009,3.61666666666671));
#6704=CARTESIAN_POINT('Ctrl Pts',(18.9370179664987,20.0629820335013,1.95000000000007));
#6705=CARTESIAN_POINT('Ctrl Pts',(20.5524336666667,24.328123,6.95));
#6706=CARTESIAN_POINT('Ctrl Pts',(20.0011558485804,22.9192152625307,5.28333333333336));
#6707=CARTESIAN_POINT('Ctrl Pts',(19.4498780304942,21.5103075250614,3.61666666666671));
#6708=CARTESIAN_POINT('Ctrl Pts',(18.8986002124079,20.1013997875921,1.95000000000007));
#6709=CARTESIAN_POINT('Ctrl Pts',(20.45606,24.38953,6.95));
#6710=CARTESIAN_POINT('Ctrl Pts',(19.9241008194391,22.9729591805609,5.28333333333336));
#6711=CARTESIAN_POINT('Ctrl Pts',(19.3921416388781,21.5563883611219,3.61666666666671));
#6712=CARTESIAN_POINT('Ctrl Pts',(18.8601824583172,20.1398175416828,1.95000000000007));
#6713=CARTESIAN_POINT('',(20.45606,24.38953,6.95));
#6714=CARTESIAN_POINT('',(20.45606,24.38953,6.95));
#6715=CARTESIAN_POINT('',(18.8601824583172,20.1398175416828,1.95000000000007));
#6716=CARTESIAN_POINT('',(18.,21.,1.95000000000007));
#6717=CARTESIAN_POINT('',(20.45606,24.3895299999999,6.95));
#6718=CARTESIAN_POINT('Ctrl Pts',(20.45606,24.3895299999999,6.95));
#6719=CARTESIAN_POINT('Ctrl Pts',(19.924100819439,22.9729591805609,5.28333333333336));
#6720=CARTESIAN_POINT('Ctrl Pts',(19.3921416388781,21.5563883611219,3.61666666666671));
#6721=CARTESIAN_POINT('Ctrl Pts',(18.8601824583172,20.1398175416828,1.95000000000007));
#6722=CARTESIAN_POINT('Ctrl Pts',(20.343492,24.4473576666666,6.95));
#6723=CARTESIAN_POINT('Ctrl Pts',(19.8348736581849,23.0256927862595,5.28333333333336));
#6724=CARTESIAN_POINT('Ctrl Pts',(19.3262553163698,21.6040279058524,3.61666666666671));
#6725=CARTESIAN_POINT('Ctrl Pts',(18.8176369745548,20.1823630254452,1.95000000000007));
#6726=CARTESIAN_POINT('Ctrl Pts',(20.230924,24.5051853333333,6.95));
#6727=CARTESIAN_POINT('Ctrl Pts',(19.7456464969308,23.0784263919581,5.28333333333336));
#6728=CARTESIAN_POINT('Ctrl Pts',(19.2603689938616,21.6516674505828,3.61666666666671));
#6729=CARTESIAN_POINT('Ctrl Pts',(18.7750914907924,20.2249085092076,1.95000000000007));
#6730=CARTESIAN_POINT('Ctrl Pts',(20.118356,24.563013,6.95));
#6731=CARTESIAN_POINT('Ctrl Pts',(19.6564193356767,23.1311599976567,5.28333333333336));
#6732=CARTESIAN_POINT('Ctrl Pts',(19.1944826713533,21.6993069953133,3.61666666666671));
#6733=CARTESIAN_POINT('Ctrl Pts',(18.73254600703,20.26745399297,1.95000000000007));
#6734=CARTESIAN_POINT('',(20.118356,24.563013,6.95));
#6735=CARTESIAN_POINT('',(20.118356,24.563013,6.95));
#6736=CARTESIAN_POINT('',(18.73254600703,20.26745399297,1.95000000000007));
#6737=CARTESIAN_POINT('',(18.,21.,1.95000000000007));
#6738=CARTESIAN_POINT('',(20.118356,24.5630129999999,6.95));
#6739=CARTESIAN_POINT('Ctrl Pts',(20.118356,24.5630129999999,6.95));
#6740=CARTESIAN_POINT('Ctrl Pts',(19.6564193356766,23.1311599976566,5.28333333333336));
#6741=CARTESIAN_POINT('Ctrl Pts',(19.1944826713533,21.6993069953133,3.61666666666671));
#6742=CARTESIAN_POINT('Ctrl Pts',(18.73254600703,20.26745399297,1.95000000000007));
#6743=CARTESIAN_POINT('Ctrl Pts',(19.9940516666666,24.6132416666666,6.95));
#6744=CARTESIAN_POINT('Ctrl Pts',(19.5585256639281,23.1796698916274,5.28333333333336));
#6745=CARTESIAN_POINT('Ctrl Pts',(19.1229996611895,21.7460981165883,3.61666666666671));
#6746=CARTESIAN_POINT('Ctrl Pts',(18.6874736584509,20.3125263415491,1.95000000000007));
#6747=CARTESIAN_POINT('Ctrl Pts',(19.8697473333333,24.6634703333333,6.95));
#6748=CARTESIAN_POINT('Ctrl Pts',(19.4606319921795,23.2281797855983,5.28333333333335));
#6749=CARTESIAN_POINT('Ctrl Pts',(19.0515166510256,21.7928892378632,3.61666666666671));
#6750=CARTESIAN_POINT('Ctrl Pts',(18.6424013098718,20.3575986901282,1.95000000000007));
#6751=CARTESIAN_POINT('Ctrl Pts',(19.745443,24.713699,6.95));
#6752=CARTESIAN_POINT('Ctrl Pts',(19.3627383204309,23.2766896795691,5.28333333333336));
#6753=CARTESIAN_POINT('Ctrl Pts',(18.9800336408618,21.8396803591382,3.61666666666671));
#6754=CARTESIAN_POINT('Ctrl Pts',(18.5973289612927,20.4026710387073,1.95000000000007));
#6755=CARTESIAN_POINT('',(19.745443,24.713699,6.95));
#6756=CARTESIAN_POINT('',(19.745443,24.713699,6.95));
#6757=CARTESIAN_POINT('',(18.5973289612927,20.4026710387073,1.95000000000007));
#6758=CARTESIAN_POINT('',(18.,21.,1.95000000000007));
#6759=CARTESIAN_POINT('',(19.745443,24.7136989999999,6.95));
#6760=CARTESIAN_POINT('Ctrl Pts',(19.745443,24.7136989999999,6.95));
#6761=CARTESIAN_POINT('Ctrl Pts',(19.3627383204309,23.276689679569,5.28333333333336));
#6762=CARTESIAN_POINT('Ctrl Pts',(18.9800336408618,21.8396803591382,3.61666666666671));
#6763=CARTESIAN_POINT('Ctrl Pts',(18.5973289612927,20.4026710387073,1.95000000000007));
#6764=CARTESIAN_POINT('Ctrl Pts',(19.611685,24.7543729999999,6.95));
#6765=CARTESIAN_POINT('Ctrl Pts',(19.2578993531386,23.3194726468614,5.28333333333336));
#6766=CARTESIAN_POINT('Ctrl Pts',(18.9041137062772,21.8845722937228,3.61666666666671));
#6767=CARTESIAN_POINT('Ctrl Pts',(18.5503280594158,20.4496719405842,1.95000000000007));
#6768=CARTESIAN_POINT('Ctrl Pts',(19.477927,24.795047,6.95));
#6769=CARTESIAN_POINT('Ctrl Pts',(19.1530603858463,23.3622556141537,5.28333333333335));
#6770=CARTESIAN_POINT('Ctrl Pts',(18.8281937716925,21.9294642283074,3.61666666666671));
#6771=CARTESIAN_POINT('Ctrl Pts',(18.5033271575388,20.4966728424612,1.95000000000007));
#6772=CARTESIAN_POINT('Ctrl Pts',(19.344169,24.835721,6.95));
#6773=CARTESIAN_POINT('Ctrl Pts',(19.048221418554,23.405038581446,5.28333333333336));
#6774=CARTESIAN_POINT('Ctrl Pts',(18.7522738371079,21.9743561628921,3.61666666666671));
#6775=CARTESIAN_POINT('Ctrl Pts',(18.4563262556619,20.5436737443381,1.95000000000007));
#6776=CARTESIAN_POINT('',(19.344169,24.835721,6.95));
#6777=CARTESIAN_POINT('',(19.344169,24.835721,6.95));
#6778=CARTESIAN_POINT('',(18.4563262556619,20.5436737443381,1.95000000000007));
#6779=CARTESIAN_POINT('',(18.,21.,1.95000000000007));
#6780=CARTESIAN_POINT('',(19.344169,24.8357209999999,6.95));
#6781=CARTESIAN_POINT('Ctrl Pts',(19.344169,24.8357209999999,6.95));
#6782=CARTESIAN_POINT('Ctrl Pts',(19.0482214185539,23.4050385814459,5.28333333333336));
#6783=CARTESIAN_POINT('Ctrl Pts',(18.7522738371079,21.974356162892,3.61666666666671));
#6784=CARTESIAN_POINT('Ctrl Pts',(18.4563262556619,20.5436737443381,1.95000000000007));
#6785=CARTESIAN_POINT('Ctrl Pts',(19.2022126666667,24.8656983333332,6.95));
#6786=CARTESIAN_POINT('Ctrl Pts',(18.9373250353337,23.4412822979996,5.28333333333336));
#6787=CARTESIAN_POINT('Ctrl Pts',(18.6724374040008,22.0168662626659,3.61666666666671));
#6788=CARTESIAN_POINT('Ctrl Pts',(18.4075497726678,20.5924502273322,1.95000000000007));
#6789=CARTESIAN_POINT('Ctrl Pts',(19.0602563333333,24.8956756666666,6.95));
#6790=CARTESIAN_POINT('Ctrl Pts',(18.8264286521135,23.4775260145532,5.28333333333335));
#6791=CARTESIAN_POINT('Ctrl Pts',(18.5926009708936,22.0593763624397,3.61666666666671));
#6792=CARTESIAN_POINT('Ctrl Pts',(18.3587732896737,20.6412267103263,1.95000000000007));
#6793=CARTESIAN_POINT('Ctrl Pts',(18.9183,24.925653,6.95));
#6794=CARTESIAN_POINT('Ctrl Pts',(18.7155322688932,23.5137697311068,5.28333333333336));
#6795=CARTESIAN_POINT('Ctrl Pts',(18.5127645377864,22.1018864622135,3.61666666666671));
#6796=CARTESIAN_POINT('Ctrl Pts',(18.3099968066797,20.6900031933203,1.95000000000007));
#6797=CARTESIAN_POINT('',(18.9183,24.925653,6.95));
#6798=CARTESIAN_POINT('',(18.9183,24.925653,6.95));
#6799=CARTESIAN_POINT('',(18.3099968066797,20.6900031933203,1.95000000000007));
#6800=CARTESIAN_POINT('',(18.,21.,1.95000000000007));
#6801=CARTESIAN_POINT('',(18.9183,24.9256530000001,6.95));
#6802=CARTESIAN_POINT('Ctrl Pts',(18.9183,24.9256530000001,6.95));
#6803=CARTESIAN_POINT('Ctrl Pts',(18.7155322688932,23.5137697311069,5.28333333333336));
#6804=CARTESIAN_POINT('Ctrl Pts',(18.5127645377864,22.1018864622136,3.61666666666671));
#6805=CARTESIAN_POINT('Ctrl Pts',(18.3099968066797,20.6900031933203,1.95000000000007));
#6806=CARTESIAN_POINT('Ctrl Pts',(18.7688326666667,24.9441316666668,6.95));
#6807=CARTESIAN_POINT('Ctrl Pts',(18.5990101629487,23.5429660592736,5.28333333333336));
#6808=CARTESIAN_POINT('Ctrl Pts',(18.4291876592307,22.1418004518804,3.61666666666671));
#6809=CARTESIAN_POINT('Ctrl Pts',(18.2593651555127,20.7406348444873,1.95000000000007));
#6810=CARTESIAN_POINT('Ctrl Pts',(18.6193653333333,24.9626103333334,6.95));
#6811=CARTESIAN_POINT('Ctrl Pts',(18.4824880570041,23.5721623874403,5.28333333333336));
#6812=CARTESIAN_POINT('Ctrl Pts',(18.3456107806749,22.1817144415473,3.61666666666671));
#6813=CARTESIAN_POINT('Ctrl Pts',(18.2087335043457,20.7912664956543,1.95000000000007));
#6814=CARTESIAN_POINT('Ctrl Pts',(18.469898,24.981089,6.95));
#6815=CARTESIAN_POINT('Ctrl Pts',(18.3659659510596,23.6013587156071,5.28333333333336));
#6816=CARTESIAN_POINT('Ctrl Pts',(18.2620339021192,22.2216284312142,3.61666666666671));
#6817=CARTESIAN_POINT('Ctrl Pts',(18.1581018531787,20.8418981468212,1.95000000000007));
#6818=CARTESIAN_POINT('',(18.469898,24.981089,6.95));
#6819=CARTESIAN_POINT('',(18.469898,24.981089,6.95));
#6820=CARTESIAN_POINT('',(18.1581018531787,20.8418981468212,1.95000000000007));
#6821=CARTESIAN_POINT('',(18.,21.,1.95000000000007));
#6822=CARTESIAN_POINT('',(18.469898,24.981089,6.95));
#6823=CARTESIAN_POINT('Ctrl Pts',(18.469898,24.981089,6.95));
#6824=CARTESIAN_POINT('Ctrl Pts',(18.3659659510596,23.6013587156071,5.28333333333336));
#6825=CARTESIAN_POINT('Ctrl Pts',(18.2620339021192,22.2216284312142,3.61666666666671));
#6826=CARTESIAN_POINT('Ctrl Pts',(18.1581018531787,20.8418981468212,1.95000000000007));
#6827=CARTESIAN_POINT('Ctrl Pts',(18.3132653333333,24.9873926666667,6.95));
#6828=CARTESIAN_POINT('Ctrl Pts',(18.2439773007064,23.6231280326269,5.28333333333336));
#6829=CARTESIAN_POINT('Ctrl Pts',(18.1746892680794,22.2588633985872,3.61666666666671));
#6830=CARTESIAN_POINT('Ctrl Pts',(18.1054012354525,20.8945987645475,1.95000000000007));
#6831=CARTESIAN_POINT('Ctrl Pts',(18.1566326666667,24.9936963333333,6.95));
#6832=CARTESIAN_POINT('Ctrl Pts',(18.1219886503532,23.6448973496468,5.28333333333336));
#6833=CARTESIAN_POINT('Ctrl Pts',(18.0873446340397,22.2960983659603,3.61666666666671));
#6834=CARTESIAN_POINT('Ctrl Pts',(18.0527006177262,20.9472993822738,1.95000000000007));
#6835=CARTESIAN_POINT('Ctrl Pts',(18.,25.,6.95));
#6836=CARTESIAN_POINT('Ctrl Pts',(18.,23.6666666666667,5.28333333333336));
#6837=CARTESIAN_POINT('Ctrl Pts',(18.,22.3333333333333,3.61666666666671));
#6838=CARTESIAN_POINT('Ctrl Pts',(18.,21.,1.95000000000007));
#6839=CARTESIAN_POINT('',(18.,25.,6.95));
#6840=CARTESIAN_POINT('',(18.,25.,6.95));
#6841=CARTESIAN_POINT('',(18.,21.,1.95000000000007));
#6842=CARTESIAN_POINT('',(18.,21.,1.95000000000007));
#6843=CARTESIAN_POINT('',(18.,25.,6.95));
#6844=CARTESIAN_POINT('Origin',(18.,25.,6.95));
#6845=CARTESIAN_POINT('',(-18.,25.,6.95));
#6846=CARTESIAN_POINT('',(-18.,25.,6.95));
#6847=CARTESIAN_POINT('',(-16.306796000072,21.,1.95000000000007));
#6848=CARTESIAN_POINT('',(-18.,21.,1.95000000000007));
#6849=CARTESIAN_POINT('',(-18.,25.,6.95));
#6850=CARTESIAN_POINT('Ctrl Pts',(-18.,25.,6.95));
#6851=CARTESIAN_POINT('Ctrl Pts',(-17.4355986666907,23.6666666666667,5.28333333333336));
#6852=CARTESIAN_POINT('Ctrl Pts',(-16.8711973333814,22.3333333333333,3.61666666666671));
#6853=CARTESIAN_POINT('Ctrl Pts',(-16.306796000072,21.,1.95000000000007));
#6854=CARTESIAN_POINT('Ctrl Pts',(-18.1566326666667,24.9936963333333,6.95));
#6855=CARTESIAN_POINT('Ctrl Pts',(-17.589815952201,23.6624642222222,5.28333333333336));
#6856=CARTESIAN_POINT('Ctrl Pts',(-17.0229992377353,22.3312321111111,3.61666666666671));
#6857=CARTESIAN_POINT('Ctrl Pts',(-16.4561825232697,21.,1.95000000000007));
#6858=CARTESIAN_POINT('Ctrl Pts',(-18.3132653333333,24.9873926666667,6.95));
#6859=CARTESIAN_POINT('Ctrl Pts',(-17.7440332377113,23.6582617777778,5.28333333333335));
#6860=CARTESIAN_POINT('Ctrl Pts',(-17.1748011420893,22.3291308888889,3.61666666666672));
#6861=CARTESIAN_POINT('Ctrl Pts',(-16.6055690464673,21.,1.95000000000007));
#6862=CARTESIAN_POINT('Ctrl Pts',(-18.469898,24.981089,6.95));
#6863=CARTESIAN_POINT('Ctrl Pts',(-17.8982505232216,23.6540593333333,5.28333333333336));
#6864=CARTESIAN_POINT('Ctrl Pts',(-17.3266030464433,22.3270296666667,3.61666666666671));
#6865=CARTESIAN_POINT('Ctrl Pts',(-16.7549555696649,21.,1.95000000000007));
#6866=CARTESIAN_POINT('',(-18.469898,24.981089,6.95));
#6867=CARTESIAN_POINT('',(-18.469898,24.981089,6.95));
#6868=CARTESIAN_POINT('',(-16.7549555696649,21.,1.95000000000007));
#6869=CARTESIAN_POINT('',(-18.,21.,1.95000000000007));
#6870=CARTESIAN_POINT('',(-18.469898,24.9810889999999,6.95));
#6871=CARTESIAN_POINT('Ctrl Pts',(-18.469898,24.9810889999999,6.95));
#6872=CARTESIAN_POINT('Ctrl Pts',(-17.8982505232216,23.6540593333333,5.28333333333336));
#6873=CARTESIAN_POINT('Ctrl Pts',(-17.3266030464433,22.3270296666666,3.61666666666671));
#6874=CARTESIAN_POINT('Ctrl Pts',(-16.7549555696649,21.,1.95000000000007));
#6875=CARTESIAN_POINT('Ctrl Pts',(-18.6193653333333,24.9626103333333,6.95));
#6876=CARTESIAN_POINT('Ctrl Pts',(-18.0457360046116,23.6417402222222,5.28333333333336));
#6877=CARTESIAN_POINT('Ctrl Pts',(-17.4721066758898,22.3208701111111,3.61666666666671));
#6878=CARTESIAN_POINT('Ctrl Pts',(-16.8984773471681,21.,1.95000000000007));
#6879=CARTESIAN_POINT('Ctrl Pts',(-18.7688326666667,24.9441316666666,6.95));
#6880=CARTESIAN_POINT('Ctrl Pts',(-18.1932214860015,23.6294211111111,5.28333333333335));
#6881=CARTESIAN_POINT('Ctrl Pts',(-17.6176103053364,22.3147105555556,3.61666666666672));
#6882=CARTESIAN_POINT('Ctrl Pts',(-17.0419991246713,21.,1.95000000000007));
#6883=CARTESIAN_POINT('Ctrl Pts',(-18.9183,24.925653,6.95));
#6884=CARTESIAN_POINT('Ctrl Pts',(-18.3407069673915,23.617102,5.28333333333336));
#6885=CARTESIAN_POINT('Ctrl Pts',(-17.763113934783,22.308551,3.61666666666671));
#6886=CARTESIAN_POINT('Ctrl Pts',(-17.1855209021745,21.,1.95000000000007));
#6887=CARTESIAN_POINT('',(-18.9183,24.925653,6.95));
#6888=CARTESIAN_POINT('',(-18.9183,24.925653,6.95));
#6889=CARTESIAN_POINT('',(-17.1855209021745,21.,1.95000000000007));
#6890=CARTESIAN_POINT('',(-18.,21.,1.95000000000007));
#6891=CARTESIAN_POINT('',(-18.9183,24.9256530000002,6.95));
#6892=CARTESIAN_POINT('Ctrl Pts',(-18.9183,24.9256530000002,6.95));
#6893=CARTESIAN_POINT('Ctrl Pts',(-18.3407069673915,23.6171020000001,5.28333333333336));
#6894=CARTESIAN_POINT('Ctrl Pts',(-17.763113934783,22.3085510000001,3.61666666666671));
#6895=CARTESIAN_POINT('Ctrl Pts',(-17.1855209021745,21.,1.95000000000007));
#6896=CARTESIAN_POINT('Ctrl Pts',(-19.0602563333334,24.8956756666668,6.95));
#6897=CARTESIAN_POINT('Ctrl Pts',(-18.4814322130139,23.5971171111112,5.28333333333336));
#6898=CARTESIAN_POINT('Ctrl Pts',(-17.9026080926944,22.2985585555556,3.61666666666671));
#6899=CARTESIAN_POINT('Ctrl Pts',(-17.323783972375,21.,1.95000000000007));
#6900=CARTESIAN_POINT('Ctrl Pts',(-19.2022126666667,24.8656983333334,6.95));
#6901=CARTESIAN_POINT('Ctrl Pts',(-18.6221574586363,23.5771322222223,5.28333333333335));
#6902=CARTESIAN_POINT('Ctrl Pts',(-18.0421022506058,22.2885661111111,3.61666666666672));
#6903=CARTESIAN_POINT('Ctrl Pts',(-17.4620470425754,21.,1.95000000000007));
#6904=CARTESIAN_POINT('Ctrl Pts',(-19.344169,24.835721,6.95));
#6905=CARTESIAN_POINT('Ctrl Pts',(-18.7628827042586,23.5571473333333,5.28333333333336));
#6906=CARTESIAN_POINT('Ctrl Pts',(-18.1815964085172,22.2785736666667,3.61666666666671));
#6907=CARTESIAN_POINT('Ctrl Pts',(-17.6003101127759,21.,1.95000000000007));
#6908=CARTESIAN_POINT('',(-19.344169,24.835721,6.95));
#6909=CARTESIAN_POINT('',(-19.344169,24.835721,6.95));
#6910=CARTESIAN_POINT('',(-17.6003101127759,21.,1.95000000000007));
#6911=CARTESIAN_POINT('',(-18.,21.,1.95000000000007));
#6912=CARTESIAN_POINT('',(-19.344169,24.8357210000001,6.95));
#6913=CARTESIAN_POINT('Ctrl Pts',(-19.344169,24.8357210000001,6.95));
#6914=CARTESIAN_POINT('Ctrl Pts',(-18.7628827042586,23.5571473333334,5.28333333333336));
#6915=CARTESIAN_POINT('Ctrl Pts',(-18.1815964085173,22.2785736666667,3.61666666666671));
#6916=CARTESIAN_POINT('Ctrl Pts',(-17.6003101127759,21.,1.95000000000007));
#6917=CARTESIAN_POINT('Ctrl Pts',(-19.477927,24.7950470000001,6.95));
#6918=CARTESIAN_POINT('Ctrl Pts',(-18.896464691728,23.5300313333334,5.28333333333336));
#6919=CARTESIAN_POINT('Ctrl Pts',(-18.3150023834559,22.2650156666667,3.61666666666671));
#6920=CARTESIAN_POINT('Ctrl Pts',(-17.7335400751839,21.,1.95000000000007));
#6921=CARTESIAN_POINT('Ctrl Pts',(-19.611685,24.754373,6.95));
#6922=CARTESIAN_POINT('Ctrl Pts',(-19.0300466791973,23.5029153333334,5.28333333333335));
#6923=CARTESIAN_POINT('Ctrl Pts',(-18.4484083583946,22.2514576666667,3.61666666666672));
#6924=CARTESIAN_POINT('Ctrl Pts',(-17.866770037592,21.,1.95000000000007));
#6925=CARTESIAN_POINT('Ctrl Pts',(-19.745443,24.713699,6.95));
#6926=CARTESIAN_POINT('Ctrl Pts',(-19.1636286666667,23.4757993333333,5.28333333333336));
#6927=CARTESIAN_POINT('Ctrl Pts',(-18.5818143333333,22.2378996666667,3.61666666666671));
#6928=CARTESIAN_POINT('Ctrl Pts',(-18.,21.,1.95000000000007));
#6929=CARTESIAN_POINT('',(-19.745443,24.713699,6.95));
#6930=CARTESIAN_POINT('',(-19.745443,24.713699,6.95));
#6931=CARTESIAN_POINT('',(-18.,21.,1.95000000000007));
#6932=CARTESIAN_POINT('',(-18.,21.,1.95000000000007));
#6933=CARTESIAN_POINT('',(-19.745443,24.7136990000001,6.95));
#6934=CARTESIAN_POINT('Ctrl Pts',(-19.745443,24.7136990000001,6.95));
#6935=CARTESIAN_POINT('Ctrl Pts',(-19.1636286666667,23.4757993333334,5.28333333333336));
#6936=CARTESIAN_POINT('Ctrl Pts',(-18.5818143333333,22.2378996666667,3.61666666666671));
#6937=CARTESIAN_POINT('Ctrl Pts',(-18.,21.,1.95000000000007));
#6938=CARTESIAN_POINT('Ctrl Pts',(-19.8697473333334,24.6634703333334,6.95));
#6939=CARTESIAN_POINT('Ctrl Pts',(-19.2615223384153,23.4272894393626,5.28333333333336));
#6940=CARTESIAN_POINT('Ctrl Pts',(-18.6532973434972,22.1911085453917,3.61666666666671));
#6941=CARTESIAN_POINT('Ctrl Pts',(-18.0450723485791,20.9549276514209,1.95000000000007));
#6942=CARTESIAN_POINT('Ctrl Pts',(-19.9940516666667,24.6132416666667,6.95));
#6943=CARTESIAN_POINT('Ctrl Pts',(-19.3594160101639,23.3787795453917,5.28333333333336));
#6944=CARTESIAN_POINT('Ctrl Pts',(-18.724780353661,22.1443174241168,3.61666666666671));
#6945=CARTESIAN_POINT('Ctrl Pts',(-18.0901446971582,20.9098553028418,1.95000000000007));
#6946=CARTESIAN_POINT('Ctrl Pts',(-20.118356,24.563013,6.95));
#6947=CARTESIAN_POINT('Ctrl Pts',(-19.4573096819124,23.3302696514209,5.28333333333336));
#6948=CARTESIAN_POINT('Ctrl Pts',(-18.7962633638249,22.0975263028418,3.61666666666671));
#6949=CARTESIAN_POINT('Ctrl Pts',(-18.1352170457373,20.8647829542627,1.95000000000007));
#6950=CARTESIAN_POINT('',(-20.118356,24.563013,6.95));
#6951=CARTESIAN_POINT('',(-20.118356,24.563013,6.95));
#6952=CARTESIAN_POINT('',(-18.1352170457373,20.8647829542627,1.95000000000007));
#6953=CARTESIAN_POINT('',(-21.,18.,1.95000000000006));
#6954=CARTESIAN_POINT('',(-20.118356,24.5630130000001,6.95));
#6955=CARTESIAN_POINT('Ctrl Pts',(-20.118356,24.5630130000001,6.95));
#6956=CARTESIAN_POINT('Ctrl Pts',(-19.4573096819125,23.3302696514209,5.28333333333336));
#6957=CARTESIAN_POINT('Ctrl Pts',(-18.7962633638249,22.0975263028418,3.61666666666671));
#6958=CARTESIAN_POINT('Ctrl Pts',(-18.1352170457373,20.8647829542627,1.95000000000007));
#6959=CARTESIAN_POINT('Ctrl Pts',(-20.230924,24.5051853333334,6.95));
#6960=CARTESIAN_POINT('Ctrl Pts',(-19.5465368431666,23.2775360457224,5.28333333333336));
#6961=CARTESIAN_POINT('Ctrl Pts',(-18.8621496863331,22.0498867581113,3.61666666666671));
#6962=CARTESIAN_POINT('Ctrl Pts',(-18.1777625294997,20.8222374705003,1.95000000000007));
#6963=CARTESIAN_POINT('Ctrl Pts',(-20.343492,24.4473576666667,6.95));
#6964=CARTESIAN_POINT('Ctrl Pts',(-19.6357640044207,23.2248024400238,5.28333333333336));
#6965=CARTESIAN_POINT('Ctrl Pts',(-18.9280360088414,22.0022472133809,3.61666666666671));
#6966=CARTESIAN_POINT('Ctrl Pts',(-18.2203080132621,20.7796919867379,1.95000000000007));
#6967=CARTESIAN_POINT('Ctrl Pts',(-20.45606,24.38953,6.95));
#6968=CARTESIAN_POINT('Ctrl Pts',(-19.7249911656748,23.1720688343252,5.28333333333336));
#6969=CARTESIAN_POINT('Ctrl Pts',(-18.9939223313496,21.9546076686504,3.61666666666671));
#6970=CARTESIAN_POINT('Ctrl Pts',(-18.2628534970245,20.7371465029756,1.95000000000007));
#6971=CARTESIAN_POINT('',(-20.45606,24.38953,6.95));
#6972=CARTESIAN_POINT('',(-20.45606,24.38953,6.95));
#6973=CARTESIAN_POINT('',(-18.2628534970245,20.7371465029756,1.95000000000007));
#6974=CARTESIAN_POINT('',(-21.,18.,1.95000000000006));
#6975=CARTESIAN_POINT('',(-20.45606,24.3895300000001,6.95));
#6976=CARTESIAN_POINT('Ctrl Pts',(-20.45606,24.3895300000001,6.95));
#6977=CARTESIAN_POINT('Ctrl Pts',(-19.7249911656748,23.1720688343252,5.28333333333336));
#6978=CARTESIAN_POINT('Ctrl Pts',(-18.9939223313497,21.9546076686504,3.61666666666671));
#6979=CARTESIAN_POINT('Ctrl Pts',(-18.2628534970245,20.7371465029756,1.95000000000007));
#6980=CARTESIAN_POINT('Ctrl Pts',(-20.5524336666667,24.328123,6.95));
#6981=CARTESIAN_POINT('Ctrl Pts',(-19.8020461948162,23.118324916295,5.28333333333336));
#6982=CARTESIAN_POINT('Ctrl Pts',(-19.0516587229657,21.9085268325899,3.61666666666671));
#6983=CARTESIAN_POINT('Ctrl Pts',(-18.3012712511152,20.6987287488848,1.95000000000007));
#6984=CARTESIAN_POINT('Ctrl Pts',(-20.6488073333334,24.266716,6.95));
#6985=CARTESIAN_POINT('Ctrl Pts',(-19.8791012239576,23.0645809982647,5.28333333333336));
#6986=CARTESIAN_POINT('Ctrl Pts',(-19.1093951145818,21.8624459965294,3.61666666666671));
#6987=CARTESIAN_POINT('Ctrl Pts',(-18.339689005206,20.660310994794,1.95000000000007));
#6988=CARTESIAN_POINT('Ctrl Pts',(-20.745181,24.205309,6.95));
#6989=CARTESIAN_POINT('Ctrl Pts',(-19.9561562530989,23.0108370802344,5.28333333333336));
#6990=CARTESIAN_POINT('Ctrl Pts',(-19.1671315061978,21.8163651604689,3.61666666666671));
#6991=CARTESIAN_POINT('Ctrl Pts',(-18.3781067592967,20.6218932407033,1.95000000000007));
#6992=CARTESIAN_POINT('',(-20.745181,24.205309,6.95));
#6993=CARTESIAN_POINT('',(-20.745181,24.205309,6.95));
#6994=CARTESIAN_POINT('',(-18.3781067592967,20.6218932407033,1.95000000000007));
#6995=CARTESIAN_POINT('',(-21.,18.,1.95000000000006));
#6996=CARTESIAN_POINT('',(-20.7451810000001,24.2053090000001,6.95));
#6997=CARTESIAN_POINT('Ctrl Pts',(-20.7451810000001,24.2053090000001,6.95));
#6998=CARTESIAN_POINT('Ctrl Pts',(-19.956156253099,23.0108370802345,5.28333333333336));
#6999=CARTESIAN_POINT('Ctrl Pts',(-19.1671315061978,21.8163651604689,3.61666666666671));
#7000=CARTESIAN_POINT('Ctrl Pts',(-18.3781067592967,20.6218932407033,1.95000000000007));
#7001=CARTESIAN_POINT('Ctrl Pts',(-20.8147426666667,24.1509793333334,6.95));
#7002=CARTESIAN_POINT('Ctrl Pts',(-20.0124217936117,22.9647262063884,5.28333333333336));
#7003=CARTESIAN_POINT('Ctrl Pts',(-19.2101009205566,21.7784730794434,3.61666666666671));
#7004=CARTESIAN_POINT('Ctrl Pts',(-18.4077800475016,20.5922199524984,1.95000000000007));
#7005=CARTESIAN_POINT('Ctrl Pts',(-20.8843043333334,24.0966496666667,6.95));
#7006=CARTESIAN_POINT('Ctrl Pts',(-20.0686873341244,22.9186153325423,5.28333333333335));
#7007=CARTESIAN_POINT('Ctrl Pts',(-19.2530703349154,21.740580998418,3.61666666666671));
#7008=CARTESIAN_POINT('Ctrl Pts',(-18.4374533357064,20.5625466642936,1.95000000000007));
#7009=CARTESIAN_POINT('Ctrl Pts',(-20.953866,24.04232,6.95));
#7010=CARTESIAN_POINT('Ctrl Pts',(-20.1249528746371,22.8725044586962,5.28333333333336));
#7011=CARTESIAN_POINT('Ctrl Pts',(-19.2960397492742,21.7026889173925,3.61666666666671));
#7012=CARTESIAN_POINT('Ctrl Pts',(-18.4671266239113,20.5328733760887,1.95000000000007));
#7013=CARTESIAN_POINT('',(-20.953866,24.04232,6.95));
#7014=CARTESIAN_POINT('',(-20.953866,24.04232,6.95));
#7015=CARTESIAN_POINT('',(-18.4671266239113,20.5328733760887,1.95000000000007));
#7016=CARTESIAN_POINT('',(-21.,18.,1.95000000000006));
#7017=CARTESIAN_POINT('',(-20.953866,24.04232,6.95));
#7018=CARTESIAN_POINT('Ctrl Pts',(-20.953866,24.04232,6.95));
#7019=CARTESIAN_POINT('Ctrl Pts',(-20.1249528746371,22.8725044586963,5.28333333333336));
#7020=CARTESIAN_POINT('Ctrl Pts',(-19.2960397492742,21.7026889173925,3.61666666666671));
#7021=CARTESIAN_POINT('Ctrl Pts',(-18.4671266239113,20.5328733760887,1.95000000000007));
#7022=CARTESIAN_POINT('Ctrl Pts',(-20.969244,24.0282133333333,6.95));
#7023=CARTESIAN_POINT('Ctrl Pts',(-20.1375434171033,22.8607614717856,5.28333333333336));
#7024=CARTESIAN_POINT('Ctrl Pts',(-19.3058428342067,21.6933096102378,3.61666666666671));
#7025=CARTESIAN_POINT('Ctrl Pts',(-18.47414225131,20.52585774869,1.95000000000007));
#7026=CARTESIAN_POINT('Ctrl Pts',(-20.984622,24.0141066666667,6.95));
#7027=CARTESIAN_POINT('Ctrl Pts',(-20.1501339595696,22.8490184848749,5.28333333333335));
#7028=CARTESIAN_POINT('Ctrl Pts',(-19.3156459191391,21.6839303030831,3.61666666666671));
#7029=CARTESIAN_POINT('Ctrl Pts',(-18.4811578787087,20.5188421212913,1.95000000000007));
#7030=CARTESIAN_POINT('Ctrl Pts',(-21.,24.,6.95));
#7031=CARTESIAN_POINT('Ctrl Pts',(-20.1627245020358,22.8372754979642,5.28333333333336));
#7032=CARTESIAN_POINT('Ctrl Pts',(-19.3254490040716,21.6745509959284,3.61666666666671));
#7033=CARTESIAN_POINT('Ctrl Pts',(-18.4881735061074,20.5118264938926,1.95000000000007));
#7034=CARTESIAN_POINT('',(-21.,24.,6.95));
#7035=CARTESIAN_POINT('',(-21.,24.,6.95));
#7036=CARTESIAN_POINT('',(-18.4881735061074,20.5118264938926,1.95000000000007));
#7037=CARTESIAN_POINT('',(-21.,18.,1.95000000000006));
#7038=CARTESIAN_POINT('',(-21.,24.,6.95));
#7039=CARTESIAN_POINT('Origin',(-21.,24.,6.95));
#7040=CARTESIAN_POINT('',(-24.,21.,6.95));
#7041=CARTESIAN_POINT('',(-24.,21.,6.95));
#7042=CARTESIAN_POINT('',(-19.9144975325999,19.0855024674001,1.95000000000006));
#7043=CARTESIAN_POINT('',(-21.,18.,1.95000000000006));
#7044=CARTESIAN_POINT('',(-24.,21.,6.95));
#7045=CARTESIAN_POINT('Ctrl Pts',(-24.,21.,6.95));
#7046=CARTESIAN_POINT('Ctrl Pts',(-22.6381658442,20.3618341558,5.28333333333335));
#7047=CARTESIAN_POINT('Ctrl Pts',(-21.2763316883999,19.7236683116001,3.61666666666671));
#7048=CARTESIAN_POINT('Ctrl Pts',(-19.9144975325999,19.0855024674001,1.95000000000006));
#7049=CARTESIAN_POINT('Ctrl Pts',(-24.0141066666667,20.984622,6.95));
#7050=CARTESIAN_POINT('Ctrl Pts',(-22.6499088311106,20.3492436133338,5.28333333333336));
#7051=CARTESIAN_POINT('Ctrl Pts',(-21.2857109955546,19.7138652266676,3.61666666666671));
#7052=CARTESIAN_POINT('Ctrl Pts',(-19.9215131599986,19.0784868400014,1.95000000000006));
#7053=CARTESIAN_POINT('Ctrl Pts',(-24.0282133333333,20.969244,6.95));
#7054=CARTESIAN_POINT('Ctrl Pts',(-22.6616518180213,20.3366530708676,5.28333333333335));
#7055=CARTESIAN_POINT('Ctrl Pts',(-21.2950903027093,19.7040621417351,3.61666666666671));
#7056=CARTESIAN_POINT('Ctrl Pts',(-19.9285287873973,19.0714712126027,1.95000000000006));
#7057=CARTESIAN_POINT('Ctrl Pts',(-24.04232,20.953866,6.95));
#7058=CARTESIAN_POINT('Ctrl Pts',(-22.673394804932,20.3240625284013,5.28333333333335));
#7059=CARTESIAN_POINT('Ctrl Pts',(-21.304469609864,19.6942590568027,3.61666666666671));
#7060=CARTESIAN_POINT('Ctrl Pts',(-19.935544414796,19.064455585204,1.95000000000006));
#7061=CARTESIAN_POINT('',(-24.04232,20.953866,6.95));
#7062=CARTESIAN_POINT('',(-24.04232,20.953866,6.95));
#7063=CARTESIAN_POINT('',(-19.935544414796,19.064455585204,1.95000000000006));
#7064=CARTESIAN_POINT('',(-21.,18.,1.95000000000006));
#7065=CARTESIAN_POINT('',(-24.0423199999999,20.9538659999999,6.95));
#7066=CARTESIAN_POINT('Ctrl Pts',(-24.0423199999999,20.9538659999999,6.95));
#7067=CARTESIAN_POINT('Ctrl Pts',(-22.673394804932,20.3240625284013,5.28333333333335));
#7068=CARTESIAN_POINT('Ctrl Pts',(-21.304469609864,19.6942590568026,3.61666666666671));
#7069=CARTESIAN_POINT('Ctrl Pts',(-19.935544414796,19.064455585204,1.95000000000006));
#7070=CARTESIAN_POINT('Ctrl Pts',(-24.0966496666666,20.8843043333333,6.95));
#7071=CARTESIAN_POINT('Ctrl Pts',(-22.719505678778,20.2677969878886,5.28333333333336));
#7072=CARTESIAN_POINT('Ctrl Pts',(-21.3423616908894,19.6512896424439,3.61666666666671));
#7073=CARTESIAN_POINT('Ctrl Pts',(-19.9652177030009,19.0347822969992,1.95000000000006));
#7074=CARTESIAN_POINT('Ctrl Pts',(-24.1509793333333,20.8147426666666,6.95));
#7075=CARTESIAN_POINT('Ctrl Pts',(-22.7656165526241,20.2115314473759,5.28333333333335));
#7076=CARTESIAN_POINT('Ctrl Pts',(-21.3802537719149,19.6083202280851,3.61666666666671));
#7077=CARTESIAN_POINT('Ctrl Pts',(-19.9948909912057,19.0051090087943,1.95000000000006));
#7078=CARTESIAN_POINT('Ctrl Pts',(-24.205309,20.745181,6.95));
#7079=CARTESIAN_POINT('Ctrl Pts',(-22.8117274264702,20.1552659068632,5.28333333333335));
#7080=CARTESIAN_POINT('Ctrl Pts',(-21.4181458529404,19.5653508137263,3.61666666666671));
#7081=CARTESIAN_POINT('Ctrl Pts',(-20.0245642794106,18.9754357205895,1.95000000000006));
#7082=CARTESIAN_POINT('',(-24.205309,20.745181,6.95));
#7083=CARTESIAN_POINT('',(-24.205309,20.745181,6.95));
#7084=CARTESIAN_POINT('',(-20.0245642794106,18.9754357205895,1.95000000000006));
#7085=CARTESIAN_POINT('',(-21.,18.,1.95000000000006));
#7086=CARTESIAN_POINT('',(-24.2053089999999,20.745181,6.95));
#7087=CARTESIAN_POINT('Ctrl Pts',(-24.2053089999999,20.745181,6.95));
#7088=CARTESIAN_POINT('Ctrl Pts',(-22.8117274264701,20.1552659068631,5.28333333333335));
#7089=CARTESIAN_POINT('Ctrl Pts',(-21.4181458529404,19.5653508137263,3.61666666666671));
#7090=CARTESIAN_POINT('Ctrl Pts',(-20.0245642794106,18.9754357205895,1.95000000000006));
#7091=CARTESIAN_POINT('Ctrl Pts',(-24.266716,20.6488073333333,6.95));
#7092=CARTESIAN_POINT('Ctrl Pts',(-22.8654713445004,20.0782108777218,5.28333333333336));
#7093=CARTESIAN_POINT('Ctrl Pts',(-21.4642266890009,19.5076144221102,3.61666666666671));
#7094=CARTESIAN_POINT('Ctrl Pts',(-20.0629820335013,18.9370179664987,1.95000000000006));
#7095=CARTESIAN_POINT('Ctrl Pts',(-24.328123,20.5524336666667,6.95));
#7096=CARTESIAN_POINT('Ctrl Pts',(-22.9192152625307,20.0011558485804,5.28333333333335));
#7097=CARTESIAN_POINT('Ctrl Pts',(-21.5103075250614,19.4498780304942,3.61666666666671));
#7098=CARTESIAN_POINT('Ctrl Pts',(-20.1013997875921,18.8986002124079,1.95000000000006));
#7099=CARTESIAN_POINT('Ctrl Pts',(-24.38953,20.45606,6.95));
#7100=CARTESIAN_POINT('Ctrl Pts',(-22.9729591805609,19.9241008194391,5.28333333333335));
#7101=CARTESIAN_POINT('Ctrl Pts',(-21.5563883611219,19.3921416388781,3.61666666666671));
#7102=CARTESIAN_POINT('Ctrl Pts',(-20.1398175416828,18.8601824583172,1.95000000000006));
#7103=CARTESIAN_POINT('',(-24.38953,20.45606,6.95));
#7104=CARTESIAN_POINT('',(-24.38953,20.45606,6.95));
#7105=CARTESIAN_POINT('',(-20.1398175416828,18.8601824583172,1.95000000000006));
#7106=CARTESIAN_POINT('',(-21.,18.,1.95000000000006));
#7107=CARTESIAN_POINT('',(-24.3895299999999,20.45606,6.95));
#7108=CARTESIAN_POINT('Ctrl Pts',(-24.3895299999999,20.45606,6.95));
#7109=CARTESIAN_POINT('Ctrl Pts',(-22.9729591805609,19.924100819439,5.28333333333335));
#7110=CARTESIAN_POINT('Ctrl Pts',(-21.5563883611219,19.3921416388781,3.61666666666671));
#7111=CARTESIAN_POINT('Ctrl Pts',(-20.1398175416828,18.8601824583172,1.95000000000006));
#7112=CARTESIAN_POINT('Ctrl Pts',(-24.4473576666666,20.343492,6.95));
#7113=CARTESIAN_POINT('Ctrl Pts',(-23.0256927862595,19.8348736581849,5.28333333333336));
#7114=CARTESIAN_POINT('Ctrl Pts',(-21.6040279058523,19.3262553163699,3.6166666666667));
#7115=CARTESIAN_POINT('Ctrl Pts',(-20.1823630254452,18.8176369745548,1.95000000000006));
#7116=CARTESIAN_POINT('Ctrl Pts',(-24.5051853333333,20.230924,6.95));
#7117=CARTESIAN_POINT('Ctrl Pts',(-23.0784263919581,19.7456464969308,5.28333333333335));
#7118=CARTESIAN_POINT('Ctrl Pts',(-21.6516674505828,19.2603689938616,3.61666666666671));
#7119=CARTESIAN_POINT('Ctrl Pts',(-20.2249085092076,18.7750914907924,1.95000000000006));
#7120=CARTESIAN_POINT('Ctrl Pts',(-24.563013,20.118356,6.95));
#7121=CARTESIAN_POINT('Ctrl Pts',(-23.1311599976567,19.6564193356767,5.28333333333335));
#7122=CARTESIAN_POINT('Ctrl Pts',(-21.6993069953133,19.1944826713534,3.61666666666671));
#7123=CARTESIAN_POINT('Ctrl Pts',(-20.26745399297,18.73254600703,1.95000000000006));
#7124=CARTESIAN_POINT('',(-24.563013,20.118356,6.95));
#7125=CARTESIAN_POINT('',(-24.563013,20.118356,6.95));
#7126=CARTESIAN_POINT('',(-20.26745399297,18.73254600703,1.95000000000006));
#7127=CARTESIAN_POINT('',(-21.,18.,1.95000000000006));
#7128=CARTESIAN_POINT('',(-24.5630129999999,20.118356,6.95));
#7129=CARTESIAN_POINT('Ctrl Pts',(-24.5630129999999,20.118356,6.95));
#7130=CARTESIAN_POINT('Ctrl Pts',(-23.1311599976566,19.6564193356767,5.28333333333335));
#7131=CARTESIAN_POINT('Ctrl Pts',(-21.6993069953133,19.1944826713533,3.61666666666671));
#7132=CARTESIAN_POINT('Ctrl Pts',(-20.26745399297,18.73254600703,1.95000000000006));
#7133=CARTESIAN_POINT('Ctrl Pts',(-24.6132416666666,19.9940516666666,6.95));
#7134=CARTESIAN_POINT('Ctrl Pts',(-23.1796698916274,19.5585256639281,5.28333333333336));
#7135=CARTESIAN_POINT('Ctrl Pts',(-21.7460981165883,19.1229996611895,3.61666666666671));
#7136=CARTESIAN_POINT('Ctrl Pts',(-20.3125263415491,18.6874736584509,1.95000000000006));
#7137=CARTESIAN_POINT('Ctrl Pts',(-24.6634703333333,19.8697473333333,6.95));
#7138=CARTESIAN_POINT('Ctrl Pts',(-23.2281797855983,19.4606319921795,5.28333333333335));
#7139=CARTESIAN_POINT('Ctrl Pts',(-21.7928892378632,19.0515166510257,3.61666666666671));
#7140=CARTESIAN_POINT('Ctrl Pts',(-20.3575986901282,18.6424013098718,1.95000000000006));
#7141=CARTESIAN_POINT('Ctrl Pts',(-24.713699,19.745443,6.95));
#7142=CARTESIAN_POINT('Ctrl Pts',(-23.2766896795691,19.3627383204309,5.28333333333335));
#7143=CARTESIAN_POINT('Ctrl Pts',(-21.8396803591382,18.9800336408618,3.61666666666671));
#7144=CARTESIAN_POINT('Ctrl Pts',(-20.4026710387073,18.5973289612927,1.95000000000006));
#7145=CARTESIAN_POINT('',(-24.713699,19.745443,6.95));
#7146=CARTESIAN_POINT('',(-24.713699,19.745443,6.95));
#7147=CARTESIAN_POINT('',(-20.4026710387073,18.5973289612927,1.95000000000006));
#7148=CARTESIAN_POINT('',(-21.,18.,1.95000000000006));
#7149=CARTESIAN_POINT('',(-24.7136989999999,19.745443,6.95));
#7150=CARTESIAN_POINT('Ctrl Pts',(-24.7136989999999,19.745443,6.95));
#7151=CARTESIAN_POINT('Ctrl Pts',(-23.276689679569,19.3627383204309,5.28333333333335));
#7152=CARTESIAN_POINT('Ctrl Pts',(-21.8396803591382,18.9800336408618,3.61666666666671));
#7153=CARTESIAN_POINT('Ctrl Pts',(-20.4026710387073,18.5973289612927,1.95000000000006));
#7154=CARTESIAN_POINT('Ctrl Pts',(-24.7543729999999,19.611685,6.95));
#7155=CARTESIAN_POINT('Ctrl Pts',(-23.3194726468614,19.2578993531386,5.28333333333336));
#7156=CARTESIAN_POINT('Ctrl Pts',(-21.8845722937228,18.9041137062772,3.61666666666671));
#7157=CARTESIAN_POINT('Ctrl Pts',(-20.4496719405842,18.5503280594158,1.95000000000006));
#7158=CARTESIAN_POINT('Ctrl Pts',(-24.795047,19.477927,6.95));
#7159=CARTESIAN_POINT('Ctrl Pts',(-23.3622556141537,19.1530603858463,5.28333333333335));
#7160=CARTESIAN_POINT('Ctrl Pts',(-21.9294642283074,18.8281937716926,3.61666666666671));
#7161=CARTESIAN_POINT('Ctrl Pts',(-20.4966728424612,18.5033271575388,1.95000000000006));
#7162=CARTESIAN_POINT('Ctrl Pts',(-24.835721,19.344169,6.95));
#7163=CARTESIAN_POINT('Ctrl Pts',(-23.405038581446,19.048221418554,5.28333333333335));
#7164=CARTESIAN_POINT('Ctrl Pts',(-21.9743561628921,18.7522738371079,3.61666666666671));
#7165=CARTESIAN_POINT('Ctrl Pts',(-20.5436737443381,18.4563262556619,1.95000000000006));
#7166=CARTESIAN_POINT('',(-24.835721,19.344169,6.95));
#7167=CARTESIAN_POINT('',(-24.835721,19.344169,6.95));
#7168=CARTESIAN_POINT('',(-20.5436737443381,18.4563262556619,1.95000000000006));
#7169=CARTESIAN_POINT('',(-21.,18.,1.95000000000006));
#7170=CARTESIAN_POINT('',(-24.8357209999999,19.344169,6.95));
#7171=CARTESIAN_POINT('Ctrl Pts',(-24.8357209999999,19.344169,6.95));
#7172=CARTESIAN_POINT('Ctrl Pts',(-23.4050385814459,19.0482214185539,5.28333333333335));
#7173=CARTESIAN_POINT('Ctrl Pts',(-21.974356162892,18.7522738371079,3.61666666666671));
#7174=CARTESIAN_POINT('Ctrl Pts',(-20.5436737443381,18.4563262556619,1.95000000000006));
#7175=CARTESIAN_POINT('Ctrl Pts',(-24.8656983333332,19.2022126666666,6.95));
#7176=CARTESIAN_POINT('Ctrl Pts',(-23.4412822979995,18.9373250353337,5.28333333333336));
#7177=CARTESIAN_POINT('Ctrl Pts',(-22.0168662626659,18.6724374040008,3.6166666666667));
#7178=CARTESIAN_POINT('Ctrl Pts',(-20.5924502273322,18.4075497726678,1.95000000000006));
#7179=CARTESIAN_POINT('Ctrl Pts',(-24.8956756666666,19.0602563333333,6.95));
#7180=CARTESIAN_POINT('Ctrl Pts',(-23.4775260145532,18.8264286521135,5.28333333333335));
#7181=CARTESIAN_POINT('Ctrl Pts',(-22.0593763624397,18.5926009708936,3.61666666666671));
#7182=CARTESIAN_POINT('Ctrl Pts',(-20.6412267103263,18.3587732896738,1.95000000000006));
#7183=CARTESIAN_POINT('Ctrl Pts',(-24.925653,18.9183,6.95));
#7184=CARTESIAN_POINT('Ctrl Pts',(-23.5137697311068,18.7155322688932,5.28333333333335));
#7185=CARTESIAN_POINT('Ctrl Pts',(-22.1018864622135,18.5127645377865,3.61666666666671));
#7186=CARTESIAN_POINT('Ctrl Pts',(-20.6900031933203,18.3099968066797,1.95000000000006));
#7187=CARTESIAN_POINT('',(-24.925653,18.9183,6.95));
#7188=CARTESIAN_POINT('',(-24.925653,18.9183,6.95));
#7189=CARTESIAN_POINT('',(-20.6900031933203,18.3099968066797,1.95000000000006));
#7190=CARTESIAN_POINT('',(-21.,18.,1.95000000000006));
#7191=CARTESIAN_POINT('',(-24.9256530000001,18.9183,6.95));
#7192=CARTESIAN_POINT('Ctrl Pts',(-24.9256530000001,18.9183,6.95));
#7193=CARTESIAN_POINT('Ctrl Pts',(-23.5137697311069,18.7155322688932,5.28333333333335));
#7194=CARTESIAN_POINT('Ctrl Pts',(-22.1018864622136,18.5127645377865,3.61666666666671));
#7195=CARTESIAN_POINT('Ctrl Pts',(-20.6900031933203,18.3099968066797,1.95000000000006));
#7196=CARTESIAN_POINT('Ctrl Pts',(-24.9441316666668,18.7688326666667,6.95));
#7197=CARTESIAN_POINT('Ctrl Pts',(-23.5429660592736,18.5990101629487,5.28333333333335));
#7198=CARTESIAN_POINT('Ctrl Pts',(-22.1418004518804,18.4291876592307,3.61666666666671));
#7199=CARTESIAN_POINT('Ctrl Pts',(-20.7406348444873,18.2593651555127,1.95000000000006));
#7200=CARTESIAN_POINT('Ctrl Pts',(-24.9626103333334,18.6193653333333,6.95));
#7201=CARTESIAN_POINT('Ctrl Pts',(-23.5721623874403,18.4824880570041,5.28333333333335));
#7202=CARTESIAN_POINT('Ctrl Pts',(-22.1817144415473,18.3456107806749,3.61666666666671));
#7203=CARTESIAN_POINT('Ctrl Pts',(-20.7912664956543,18.2087335043457,1.95000000000006));
#7204=CARTESIAN_POINT('Ctrl Pts',(-24.981089,18.469898,6.95));
#7205=CARTESIAN_POINT('Ctrl Pts',(-23.6013587156071,18.3659659510596,5.28333333333335));
#7206=CARTESIAN_POINT('Ctrl Pts',(-22.2216284312142,18.2620339021192,3.61666666666671));
#7207=CARTESIAN_POINT('Ctrl Pts',(-20.8418981468212,18.1581018531788,1.95000000000006));
#7208=CARTESIAN_POINT('',(-24.981089,18.469898,6.95));
#7209=CARTESIAN_POINT('',(-24.981089,18.469898,6.95));
#7210=CARTESIAN_POINT('',(-20.8418981468212,18.1581018531788,1.95000000000006));
#7211=CARTESIAN_POINT('',(-21.,18.,1.95000000000006));
#7212=CARTESIAN_POINT('',(-24.981089,18.469898,6.95));
#7213=CARTESIAN_POINT('Ctrl Pts',(-24.981089,18.469898,6.95));
#7214=CARTESIAN_POINT('Ctrl Pts',(-23.6013587156071,18.3659659510596,5.28333333333335));
#7215=CARTESIAN_POINT('Ctrl Pts',(-22.2216284312142,18.2620339021192,3.61666666666671));
#7216=CARTESIAN_POINT('Ctrl Pts',(-20.8418981468212,18.1581018531788,1.95000000000006));
#7217=CARTESIAN_POINT('Ctrl Pts',(-24.9873926666667,18.3132653333333,6.95));
#7218=CARTESIAN_POINT('Ctrl Pts',(-23.6231280326269,18.2439773007064,5.28333333333335));
#7219=CARTESIAN_POINT('Ctrl Pts',(-22.2588633985872,18.1746892680795,3.61666666666671));
#7220=CARTESIAN_POINT('Ctrl Pts',(-20.8945987645475,18.1054012354525,1.95000000000006));
#7221=CARTESIAN_POINT('Ctrl Pts',(-24.9936963333333,18.1566326666667,6.95));
#7222=CARTESIAN_POINT('Ctrl Pts',(-23.6448973496468,18.1219886503532,5.28333333333336));
#7223=CARTESIAN_POINT('Ctrl Pts',(-22.2960983659603,18.0873446340397,3.6166666666667));
#7224=CARTESIAN_POINT('Ctrl Pts',(-20.9472993822737,18.0527006177263,1.95000000000006));
#7225=CARTESIAN_POINT('Ctrl Pts',(-25.,18.,6.95));
#7226=CARTESIAN_POINT('Ctrl Pts',(-23.6666666666667,18.,5.28333333333335));
#7227=CARTESIAN_POINT('Ctrl Pts',(-22.3333333333333,18.,3.61666666666671));
#7228=CARTESIAN_POINT('Ctrl Pts',(-21.,18.,1.95000000000006));
#7229=CARTESIAN_POINT('',(-25.,18.,6.95));
#7230=CARTESIAN_POINT('',(-25.,18.,6.95));
#7231=CARTESIAN_POINT('',(-21.,18.,1.95000000000006));
#7232=CARTESIAN_POINT('',(-25.,18.,6.95));
#7233=CARTESIAN_POINT('Origin',(-25.,18.,6.95));
#7234=CARTESIAN_POINT('',(-25.,-18.,6.95));
#7235=CARTESIAN_POINT('',(-25.,-18.,6.95));
#7236=CARTESIAN_POINT('',(-25.,-18.,6.95));
#7237=CARTESIAN_POINT('Ctrl Pts',(-25.,-18.,6.95));
#7238=CARTESIAN_POINT('Ctrl Pts',(-23.6666666666667,-17.0299037586977,5.28333333333332));
#7239=CARTESIAN_POINT('Ctrl Pts',(-22.3333333333333,-16.0598075173953,3.61666666666664));
#7240=CARTESIAN_POINT('Ctrl Pts',(-21.,-15.089711276093,1.94999999999997));
#7241=CARTESIAN_POINT('Ctrl Pts',(-24.9936963333333,-18.1566326666667,6.95));
#7242=CARTESIAN_POINT('Ctrl Pts',(-23.6624642222222,-17.1823544743486,5.28333333333332));
#7243=CARTESIAN_POINT('Ctrl Pts',(-22.3312321111111,-16.2080762820306,3.61666666666664));
#7244=CARTESIAN_POINT('Ctrl Pts',(-21.,-15.2337980897126,1.94999999999997));
#7245=CARTESIAN_POINT('Ctrl Pts',(-24.9873926666667,-18.3132653333333,6.95));
#7246=CARTESIAN_POINT('Ctrl Pts',(-23.6582617777778,-17.3348051899996,5.28333333333332));
#7247=CARTESIAN_POINT('Ctrl Pts',(-22.3291308888889,-16.3563450466659,3.61666666666665));
#7248=CARTESIAN_POINT('Ctrl Pts',(-21.,-15.3778849033322,1.94999999999997));
#7249=CARTESIAN_POINT('Ctrl Pts',(-24.981089,-18.469898,6.95));
#7250=CARTESIAN_POINT('Ctrl Pts',(-23.6540593333333,-17.4872559056506,5.28333333333332));
#7251=CARTESIAN_POINT('Ctrl Pts',(-22.3270296666667,-16.5046138113012,3.61666666666664));
#7252=CARTESIAN_POINT('Ctrl Pts',(-21.,-15.5219717169518,1.94999999999997));
#7253=CARTESIAN_POINT('',(-24.981089,-18.469898,6.95));
#7254=CARTESIAN_POINT('',(-24.981089,-18.469898,6.95));
#7255=CARTESIAN_POINT('',(-24.9810889999999,-18.469898,6.95));
#7256=CARTESIAN_POINT('Ctrl Pts',(-24.9810889999999,-18.469898,6.95));
#7257=CARTESIAN_POINT('Ctrl Pts',(-23.6540593333332,-17.4872559056506,5.28333333333332));
#7258=CARTESIAN_POINT('Ctrl Pts',(-22.3270296666666,-16.5046138113012,3.61666666666664));
#7259=CARTESIAN_POINT('Ctrl Pts',(-21.,-15.5219717169518,1.94999999999997));
#7260=CARTESIAN_POINT('Ctrl Pts',(-24.9626103333333,-18.6193653333333,6.95));
#7261=CARTESIAN_POINT('Ctrl Pts',(-23.6417402222222,-17.633044170713,5.28333333333332));
#7262=CARTESIAN_POINT('Ctrl Pts',(-22.3208701111111,-16.6467230080926,3.61666666666664));
#7263=CARTESIAN_POINT('Ctrl Pts',(-21.,-15.6604018454722,1.94999999999997));
#7264=CARTESIAN_POINT('Ctrl Pts',(-24.9441316666666,-18.7688326666667,6.95));
#7265=CARTESIAN_POINT('Ctrl Pts',(-23.6294211111111,-17.7788324357753,5.28333333333332));
#7266=CARTESIAN_POINT('Ctrl Pts',(-22.3147105555555,-16.788832204884,3.61666666666664));
#7267=CARTESIAN_POINT('Ctrl Pts',(-21.,-15.7988319739926,1.94999999999997));
#7268=CARTESIAN_POINT('Ctrl Pts',(-24.925653,-18.9183,6.95));
#7269=CARTESIAN_POINT('Ctrl Pts',(-23.617102,-17.9246207008377,5.28333333333332));
#7270=CARTESIAN_POINT('Ctrl Pts',(-22.308551,-16.9309414016753,3.61666666666664));
#7271=CARTESIAN_POINT('Ctrl Pts',(-21.,-15.937262102513,1.94999999999996));
#7272=CARTESIAN_POINT('',(-24.925653,-18.9183,6.95));
#7273=CARTESIAN_POINT('',(-24.925653,-18.9183,6.95));
#7274=CARTESIAN_POINT('',(-24.9256530000002,-18.9183,6.95));
#7275=CARTESIAN_POINT('Ctrl Pts',(-24.9256530000002,-18.9183,6.95));
#7276=CARTESIAN_POINT('Ctrl Pts',(-23.6171020000001,-17.9246207008377,5.28333333333332));
#7277=CARTESIAN_POINT('Ctrl Pts',(-22.308551,-16.9309414016753,3.61666666666664));
#7278=CARTESIAN_POINT('Ctrl Pts',(-21.,-15.937262102513,1.94999999999996));
#7279=CARTESIAN_POINT('Ctrl Pts',(-24.8956756666668,-19.0602563333334,6.95));
#7280=CARTESIAN_POINT('Ctrl Pts',(-23.5971171111112,-18.0637109169591,5.28333333333332));
#7281=CARTESIAN_POINT('Ctrl Pts',(-22.2985585555556,-17.0671655005848,3.61666666666664));
#7282=CARTESIAN_POINT('Ctrl Pts',(-21.,-16.0706200842105,1.94999999999996));
#7283=CARTESIAN_POINT('Ctrl Pts',(-24.8656983333334,-19.2022126666667,6.95));
#7284=CARTESIAN_POINT('Ctrl Pts',(-23.5771322222223,-18.2028011330805,5.28333333333332));
#7285=CARTESIAN_POINT('Ctrl Pts',(-22.2885661111111,-17.2033895994943,3.61666666666664));
#7286=CARTESIAN_POINT('Ctrl Pts',(-21.,-16.2039780659081,1.94999999999996));
#7287=CARTESIAN_POINT('Ctrl Pts',(-24.835721,-19.344169,6.95));
#7288=CARTESIAN_POINT('Ctrl Pts',(-23.5571473333333,-18.3418913492019,5.28333333333332));
#7289=CARTESIAN_POINT('Ctrl Pts',(-22.2785736666667,-17.3396136984038,3.61666666666664));
#7290=CARTESIAN_POINT('Ctrl Pts',(-21.,-16.3373360476056,1.94999999999996));
#7291=CARTESIAN_POINT('',(-24.835721,-19.344169,6.95));
#7292=CARTESIAN_POINT('',(-24.835721,-19.344169,6.95));
#7293=CARTESIAN_POINT('',(-24.8357210000001,-19.344169,6.95));
#7294=CARTESIAN_POINT('Ctrl Pts',(-24.8357210000001,-19.344169,6.95));
#7295=CARTESIAN_POINT('Ctrl Pts',(-23.5571473333334,-18.3418913492019,5.28333333333332));
#7296=CARTESIAN_POINT('Ctrl Pts',(-22.2785736666667,-17.3396136984038,3.61666666666664));
#7297=CARTESIAN_POINT('Ctrl Pts',(-21.,-16.3373360476056,1.94999999999996));
#7298=CARTESIAN_POINT('Ctrl Pts',(-24.7950470000001,-19.477927,6.95));
#7299=CARTESIAN_POINT('Ctrl Pts',(-23.5300313333334,-18.4738978261706,5.28333333333332));
#7300=CARTESIAN_POINT('Ctrl Pts',(-22.2650156666667,-17.4698686523412,3.61666666666664));
#7301=CARTESIAN_POINT('Ctrl Pts',(-21.,-16.4658394785118,1.94999999999996));
#7302=CARTESIAN_POINT('Ctrl Pts',(-24.754373,-19.611685,6.95));
#7303=CARTESIAN_POINT('Ctrl Pts',(-23.5029153333333,-18.6059043031393,5.28333333333332));
#7304=CARTESIAN_POINT('Ctrl Pts',(-22.2514576666667,-17.6001236062786,3.61666666666664));
#7305=CARTESIAN_POINT('Ctrl Pts',(-21.,-16.594342909418,1.94999999999996));
#7306=CARTESIAN_POINT('Ctrl Pts',(-24.713699,-19.745443,6.95));
#7307=CARTESIAN_POINT('Ctrl Pts',(-23.4757993333333,-18.737910780108,5.28333333333332));
#7308=CARTESIAN_POINT('Ctrl Pts',(-22.2378996666667,-17.7303785602161,3.61666666666664));
#7309=CARTESIAN_POINT('Ctrl Pts',(-21.,-16.7228463403241,1.94999999999996));
#7310=CARTESIAN_POINT('',(-24.713699,-19.745443,6.95));
#7311=CARTESIAN_POINT('',(-24.713699,-19.745443,6.95));
#7312=CARTESIAN_POINT('',(-24.7136990000001,-19.745443,6.95));
#7313=CARTESIAN_POINT('Ctrl Pts',(-24.7136990000001,-19.745443,6.95));
#7314=CARTESIAN_POINT('Ctrl Pts',(-23.4757993333334,-18.7379107801081,5.28333333333332));
#7315=CARTESIAN_POINT('Ctrl Pts',(-22.2378996666667,-17.7303785602161,3.61666666666664));
#7316=CARTESIAN_POINT('Ctrl Pts',(-21.,-16.7228463403241,1.94999999999996));
#7317=CARTESIAN_POINT('Ctrl Pts',(-24.6634703333334,-19.8697473333334,6.95));
#7318=CARTESIAN_POINT('Ctrl Pts',(-23.4423135555556,-18.861857217171,5.28333333333332));
#7319=CARTESIAN_POINT('Ctrl Pts',(-22.2211567777778,-17.8539671010086,3.61666666666664));
#7320=CARTESIAN_POINT('Ctrl Pts',(-21.,-16.8460769848462,1.94999999999996));
#7321=CARTESIAN_POINT('Ctrl Pts',(-24.6132416666667,-19.9940516666667,6.95));
#7322=CARTESIAN_POINT('Ctrl Pts',(-23.4088277777778,-18.9858036542338,5.28333333333332));
#7323=CARTESIAN_POINT('Ctrl Pts',(-22.2044138888889,-17.977555641801,3.61666666666664));
#7324=CARTESIAN_POINT('Ctrl Pts',(-21.,-16.9693076293682,1.94999999999996));
#7325=CARTESIAN_POINT('Ctrl Pts',(-24.563013,-20.118356,6.95));
#7326=CARTESIAN_POINT('Ctrl Pts',(-23.375342,-19.1097500912967,5.28333333333332));
#7327=CARTESIAN_POINT('Ctrl Pts',(-22.187671,-18.1011441825935,3.61666666666664));
#7328=CARTESIAN_POINT('Ctrl Pts',(-21.,-17.0925382738902,1.94999999999996));
#7329=CARTESIAN_POINT('',(-24.563013,-20.118356,6.95));
#7330=CARTESIAN_POINT('',(-24.563013,-20.118356,6.95));
#7331=CARTESIAN_POINT('',(-24.5630130000001,-20.118356,6.95));
#7332=CARTESIAN_POINT('Ctrl Pts',(-24.5630130000001,-20.118356,6.95));
#7333=CARTESIAN_POINT('Ctrl Pts',(-23.375342,-19.1097500912968,5.28333333333332));
#7334=CARTESIAN_POINT('Ctrl Pts',(-22.187671,-18.1011441825935,3.61666666666664));
#7335=CARTESIAN_POINT('Ctrl Pts',(-21.,-17.0925382738902,1.94999999999996));
#7336=CARTESIAN_POINT('Ctrl Pts',(-24.5051853333334,-20.230924,6.95));
#7337=CARTESIAN_POINT('Ctrl Pts',(-23.3367902222222,-19.2235694368632,5.28333333333332));
#7338=CARTESIAN_POINT('Ctrl Pts',(-22.1683951111111,-18.2162148737263,3.61666666666664));
#7339=CARTESIAN_POINT('Ctrl Pts',(-21.,-17.2088603105895,1.94999999999996));
#7340=CARTESIAN_POINT('Ctrl Pts',(-24.4473576666667,-20.343492,6.95));
#7341=CARTESIAN_POINT('Ctrl Pts',(-23.2982384444445,-19.3373887824296,5.28333333333332));
#7342=CARTESIAN_POINT('Ctrl Pts',(-22.1491192222222,-18.3312855648592,3.61666666666664));
#7343=CARTESIAN_POINT('Ctrl Pts',(-21.,-17.3251823472887,1.94999999999996));
#7344=CARTESIAN_POINT('Ctrl Pts',(-24.38953,-20.45606,6.95));
#7345=CARTESIAN_POINT('Ctrl Pts',(-23.2596866666667,-19.451208127996,5.28333333333332));
#7346=CARTESIAN_POINT('Ctrl Pts',(-22.1298433333333,-18.446356255992,3.61666666666664));
#7347=CARTESIAN_POINT('Ctrl Pts',(-21.,-17.441504383988,1.94999999999996));
#7348=CARTESIAN_POINT('',(-24.38953,-20.45606,6.95));
#7349=CARTESIAN_POINT('',(-24.38953,-20.45606,6.95));
#7350=CARTESIAN_POINT('',(-24.3895300000001,-20.45606,6.95));
#7351=CARTESIAN_POINT('Ctrl Pts',(-24.3895300000001,-20.45606,6.95));
#7352=CARTESIAN_POINT('Ctrl Pts',(-23.2596866666667,-19.451208127996,5.28333333333332));
#7353=CARTESIAN_POINT('Ctrl Pts',(-22.1298433333334,-18.446356255992,3.61666666666664));
#7354=CARTESIAN_POINT('Ctrl Pts',(-21.,-17.441504383988,1.94999999999996));
#7355=CARTESIAN_POINT('Ctrl Pts',(-24.328123,-20.5524336666667,6.95));
#7356=CARTESIAN_POINT('Ctrl Pts',(-23.2187486666667,-19.5504694268966,5.28333333333332));
#7357=CARTESIAN_POINT('Ctrl Pts',(-22.1093743333333,-18.5485051871265,3.61666666666664));
#7358=CARTESIAN_POINT('Ctrl Pts',(-21.,-17.5465409473564,1.94999999999996));
#7359=CARTESIAN_POINT('Ctrl Pts',(-24.266716,-20.6488073333334,6.95));
#7360=CARTESIAN_POINT('Ctrl Pts',(-23.1778106666667,-19.6497307257972,5.28333333333332));
#7361=CARTESIAN_POINT('Ctrl Pts',(-22.0889053333333,-18.650654118261,3.61666666666664));
#7362=CARTESIAN_POINT('Ctrl Pts',(-21.,-17.6515775107249,1.94999999999996));
#7363=CARTESIAN_POINT('Ctrl Pts',(-24.205309,-20.745181,6.95));
#7364=CARTESIAN_POINT('Ctrl Pts',(-23.1368726666667,-19.7489920246978,5.28333333333332));
#7365=CARTESIAN_POINT('Ctrl Pts',(-22.0684363333333,-18.7528030493956,3.61666666666664));
#7366=CARTESIAN_POINT('Ctrl Pts',(-21.,-17.7566140740933,1.94999999999996));
#7367=CARTESIAN_POINT('',(-24.205309,-20.745181,6.95));
#7368=CARTESIAN_POINT('',(-24.205309,-20.745181,6.95));
#7369=CARTESIAN_POINT('',(-24.2053090000001,-20.7451810000001,6.95));
#7370=CARTESIAN_POINT('Ctrl Pts',(-24.2053090000001,-20.7451810000001,6.95));
#7371=CARTESIAN_POINT('Ctrl Pts',(-23.1368726666667,-19.7489920246978,5.28333333333332));
#7372=CARTESIAN_POINT('Ctrl Pts',(-22.0684363333334,-18.7528030493956,3.61666666666664));
#7373=CARTESIAN_POINT('Ctrl Pts',(-21.,-17.7566140740933,1.94999999999996));
#7374=CARTESIAN_POINT('Ctrl Pts',(-24.1509793333334,-20.8147426666667,6.95));
#7375=CARTESIAN_POINT('Ctrl Pts',(-23.1006528888889,-19.8224093497986,5.28333333333332));
#7376=CARTESIAN_POINT('Ctrl Pts',(-22.0503264444445,-18.8300760329304,3.61666666666664));
#7377=CARTESIAN_POINT('Ctrl Pts',(-21.,-17.8377427160622,1.94999999999996));
#7378=CARTESIAN_POINT('Ctrl Pts',(-24.0966496666667,-20.8843043333334,6.95));
#7379=CARTESIAN_POINT('Ctrl Pts',(-23.0644331111111,-19.8958266748993,5.28333333333332));
#7380=CARTESIAN_POINT('Ctrl Pts',(-22.0322165555556,-18.9073490164652,3.61666666666664));
#7381=CARTESIAN_POINT('Ctrl Pts',(-21.,-17.9188713580311,1.94999999999996));
#7382=CARTESIAN_POINT('Ctrl Pts',(-24.04232,-20.953866,6.95));
#7383=CARTESIAN_POINT('Ctrl Pts',(-23.0282133333333,-19.969244,5.28333333333332));
#7384=CARTESIAN_POINT('Ctrl Pts',(-22.0141066666667,-18.984622,3.61666666666664));
#7385=CARTESIAN_POINT('Ctrl Pts',(-21.,-18.,1.94999999999996));
#7386=CARTESIAN_POINT('',(-24.04232,-20.953866,6.95));
#7387=CARTESIAN_POINT('Origin',(-18.,21.,0.950000000000069));
#7388=CARTESIAN_POINT('',(-18.,21.,0.950000000000069));
#7389=CARTESIAN_POINT('Origin',(18.,21.,0.950000000000069));
#7390=CARTESIAN_POINT('',(18.,21.,0.950000000000069));
#7391=CARTESIAN_POINT('Origin',(21.,18.,0.95000000000006));
#7392=CARTESIAN_POINT('',(21.,18.,0.95000000000006));
#7393=CARTESIAN_POINT('Origin',(21.,-18.,0.94999999999996));
#7394=CARTESIAN_POINT('',(21.,-18.,0.94999999999996));
#7395=CARTESIAN_POINT('Origin',(18.,-21.,0.949999999999951));
#7396=CARTESIAN_POINT('',(18.,-21.,0.949999999999951));
#7397=CARTESIAN_POINT('Origin',(-18.,-21.,0.949999999999951));
#7398=CARTESIAN_POINT('',(-18.,-21.,0.949999999999951));
#7399=CARTESIAN_POINT('Origin',(-21.,-18.,0.94999999999996));
#7400=CARTESIAN_POINT('Origin',(-24.,-21.,7.95));
#7401=CARTESIAN_POINT('',(-24.04232,-20.953866,7.95));
#7402=CARTESIAN_POINT('',(-24.,-21.,7.95));
#7403=CARTESIAN_POINT('Origin',(-21.,-24.,7.95));
#7404=CARTESIAN_POINT('',(-21.,-24.,7.95));
#7405=CARTESIAN_POINT('Origin',(-20.953866,-24.04232,7.95));
#7406=CARTESIAN_POINT('',(-20.953866,-24.04232,7.95));
#7407=CARTESIAN_POINT('Origin',(-20.745181,-24.205309,7.95));
#7408=CARTESIAN_POINT('',(-20.745181,-24.205309,7.95));
#7409=CARTESIAN_POINT('Origin',(-20.45606,-24.38953,7.95));
#7410=CARTESIAN_POINT('',(-20.45606,-24.38953,7.95));
#7411=CARTESIAN_POINT('Origin',(-20.118356,-24.563013,7.95));
#7412=CARTESIAN_POINT('',(-20.118356,-24.563013,7.95));
#7413=CARTESIAN_POINT('Origin',(-19.745443,-24.713699,7.95));
#7414=CARTESIAN_POINT('',(-19.745443,-24.713699,7.95));
#7415=CARTESIAN_POINT('Origin',(-19.344169,-24.835721,7.95));
#7416=CARTESIAN_POINT('',(-19.344169,-24.835721,7.95));
#7417=CARTESIAN_POINT('Origin',(-18.9183,-24.925653,7.95));
#7418=CARTESIAN_POINT('',(-18.9183,-24.925653,7.95));
#7419=CARTESIAN_POINT('Origin',(-18.469898,-24.981089,7.95));
#7420=CARTESIAN_POINT('',(-18.469898,-24.981089,7.95));
#7421=CARTESIAN_POINT('Origin',(-18.,-25.,7.95));
#7422=CARTESIAN_POINT('',(-18.,-25.,7.95));
#7423=CARTESIAN_POINT('Origin',(18.,-25.,7.95));
#7424=CARTESIAN_POINT('',(18.,-25.,7.95));
#7425=CARTESIAN_POINT('Origin',(18.469898,-24.981089,7.95));
#7426=CARTESIAN_POINT('',(18.469898,-24.981089,7.95));
#7427=CARTESIAN_POINT('Origin',(18.9183,-24.925653,7.95));
#7428=CARTESIAN_POINT('',(18.9183,-24.925653,7.95));
#7429=CARTESIAN_POINT('Origin',(19.344169,-24.835721,7.95));
#7430=CARTESIAN_POINT('',(19.344169,-24.835721,7.95));
#7431=CARTESIAN_POINT('Origin',(19.745443,-24.713699,7.95));
#7432=CARTESIAN_POINT('',(19.745443,-24.713699,7.95));
#7433=CARTESIAN_POINT('Origin',(20.118356,-24.563013,7.95));
#7434=CARTESIAN_POINT('',(20.118356,-24.563013,7.95));
#7435=CARTESIAN_POINT('Origin',(20.45606,-24.38953,7.95));
#7436=CARTESIAN_POINT('',(20.45606,-24.38953,7.95));
#7437=CARTESIAN_POINT('Origin',(20.745181,-24.205309,7.95));
#7438=CARTESIAN_POINT('',(20.745181,-24.205309,7.95));
#7439=CARTESIAN_POINT('Origin',(20.953866,-24.04232,7.95));
#7440=CARTESIAN_POINT('',(20.953866,-24.04232,7.95));
#7441=CARTESIAN_POINT('Origin',(21.,-24.,7.95));
#7442=CARTESIAN_POINT('',(21.,-24.,7.95));
#7443=CARTESIAN_POINT('Origin',(24.,-21.,7.95));
#7444=CARTESIAN_POINT('',(24.,-21.,7.95));
#7445=CARTESIAN_POINT('Origin',(24.04232,-20.953866,7.95));
#7446=CARTESIAN_POINT('',(24.04232,-20.953866,7.95));
#7447=CARTESIAN_POINT('Origin',(24.205309,-20.745181,7.95));
#7448=CARTESIAN_POINT('',(24.205309,-20.745181,7.95));
#7449=CARTESIAN_POINT('Origin',(24.38953,-20.45606,7.95));
#7450=CARTESIAN_POINT('',(24.38953,-20.45606,7.95));
#7451=CARTESIAN_POINT('Origin',(24.563013,-20.118356,7.95));
#7452=CARTESIAN_POINT('',(24.563013,-20.118356,7.95));
#7453=CARTESIAN_POINT('Origin',(24.713699,-19.745443,7.95));
#7454=CARTESIAN_POINT('',(24.713699,-19.745443,7.95));
#7455=CARTESIAN_POINT('Origin',(24.835721,-19.344169,7.95));
#7456=CARTESIAN_POINT('',(24.835721,-19.344169,7.95));
#7457=CARTESIAN_POINT('Origin',(24.925653,-18.9183,7.95));
#7458=CARTESIAN_POINT('',(24.925653,-18.9183,7.95));
#7459=CARTESIAN_POINT('Origin',(24.981089,-18.469898,7.95));
#7460=CARTESIAN_POINT('',(24.981089,-18.469898,7.95));
#7461=CARTESIAN_POINT('Origin',(25.,-18.,7.95));
#7462=CARTESIAN_POINT('',(25.,-18.,7.95));
#7463=CARTESIAN_POINT('Origin',(25.,18.,7.95));
#7464=CARTESIAN_POINT('',(25.,18.,7.95));
#7465=CARTESIAN_POINT('Origin',(24.981089,18.469898,7.95));
#7466=CARTESIAN_POINT('',(24.981089,18.469898,7.95));
#7467=CARTESIAN_POINT('Origin',(24.925653,18.9183,7.95));
#7468=CARTESIAN_POINT('',(24.925653,18.9183,7.95));
#7469=CARTESIAN_POINT('Origin',(24.835721,19.344169,7.95));
#7470=CARTESIAN_POINT('',(24.835721,19.344169,7.95));
#7471=CARTESIAN_POINT('Origin',(24.713699,19.745443,7.95));
#7472=CARTESIAN_POINT('',(24.713699,19.745443,7.95));
#7473=CARTESIAN_POINT('Origin',(24.563013,20.118356,7.95));
#7474=CARTESIAN_POINT('',(24.563013,20.118356,7.95));
#7475=CARTESIAN_POINT('Origin',(24.38953,20.45606,7.95));
#7476=CARTESIAN_POINT('',(24.38953,20.45606,7.95));
#7477=CARTESIAN_POINT('Origin',(24.205309,20.745181,7.95));
#7478=CARTESIAN_POINT('',(24.205309,20.745181,7.95));
#7479=CARTESIAN_POINT('Origin',(24.04232,20.953866,7.95));
#7480=CARTESIAN_POINT('',(24.04232,20.953866,7.95));
#7481=CARTESIAN_POINT('Origin',(24.,21.,7.95));
#7482=CARTESIAN_POINT('',(24.,21.,7.95));
#7483=CARTESIAN_POINT('Origin',(21.,24.,7.95));
#7484=CARTESIAN_POINT('',(21.,24.,7.95));
#7485=CARTESIAN_POINT('Origin',(20.953866,24.04232,7.95));
#7486=CARTESIAN_POINT('',(20.953866,24.04232,7.95));
#7487=CARTESIAN_POINT('Origin',(20.745181,24.205309,7.95));
#7488=CARTESIAN_POINT('',(20.745181,24.205309,7.95));
#7489=CARTESIAN_POINT('Origin',(20.45606,24.38953,7.95));
#7490=CARTESIAN_POINT('',(20.45606,24.38953,7.95));
#7491=CARTESIAN_POINT('Origin',(20.118356,24.563013,7.95));
#7492=CARTESIAN_POINT('',(20.118356,24.563013,7.95));
#7493=CARTESIAN_POINT('Origin',(19.745443,24.713699,7.95));
#7494=CARTESIAN_POINT('',(19.745443,24.713699,7.95));
#7495=CARTESIAN_POINT('Origin',(19.344169,24.835721,7.95));
#7496=CARTESIAN_POINT('',(19.344169,24.835721,7.95));
#7497=CARTESIAN_POINT('Origin',(18.9183,24.925653,7.95));
#7498=CARTESIAN_POINT('',(18.9183,24.925653,7.95));
#7499=CARTESIAN_POINT('Origin',(18.469898,24.981089,7.95));
#7500=CARTESIAN_POINT('',(18.469898,24.981089,7.95));
#7501=CARTESIAN_POINT('Origin',(18.,25.,7.95));
#7502=CARTESIAN_POINT('',(18.,25.,7.95));
#7503=CARTESIAN_POINT('Origin',(-18.,25.,7.95));
#7504=CARTESIAN_POINT('',(-18.,25.,7.95));
#7505=CARTESIAN_POINT('Origin',(-18.469898,24.981089,7.95));
#7506=CARTESIAN_POINT('',(-18.469898,24.981089,7.95));
#7507=CARTESIAN_POINT('Origin',(-18.9183,24.925653,7.95));
#7508=CARTESIAN_POINT('',(-18.9183,24.925653,7.95));
#7509=CARTESIAN_POINT('Origin',(-19.344169,24.835721,7.95));
#7510=CARTESIAN_POINT('',(-19.344169,24.835721,7.95));
#7511=CARTESIAN_POINT('Origin',(-19.745443,24.713699,7.95));
#7512=CARTESIAN_POINT('',(-19.745443,24.713699,7.95));
#7513=CARTESIAN_POINT('Origin',(-20.118356,24.563013,7.95));
#7514=CARTESIAN_POINT('',(-20.118356,24.563013,7.95));
#7515=CARTESIAN_POINT('Origin',(-20.45606,24.38953,7.95));
#7516=CARTESIAN_POINT('',(-20.45606,24.38953,7.95));
#7517=CARTESIAN_POINT('Origin',(-20.745181,24.205309,7.95));
#7518=CARTESIAN_POINT('',(-20.745181,24.205309,7.95));
#7519=CARTESIAN_POINT('Origin',(-20.953866,24.04232,7.95));
#7520=CARTESIAN_POINT('',(-20.953866,24.04232,7.95));
#7521=CARTESIAN_POINT('Origin',(-21.,24.,7.95));
#7522=CARTESIAN_POINT('',(-21.,24.,7.95));
#7523=CARTESIAN_POINT('Origin',(-24.,21.,7.95));
#7524=CARTESIAN_POINT('',(-24.,21.,7.95));
#7525=CARTESIAN_POINT('Origin',(-24.04232,20.953866,7.95));
#7526=CARTESIAN_POINT('',(-24.04232,20.953866,7.95));
#7527=CARTESIAN_POINT('Origin',(-24.205309,20.745181,7.95));
#7528=CARTESIAN_POINT('',(-24.205309,20.745181,7.95));
#7529=CARTESIAN_POINT('Origin',(-24.38953,20.45606,7.95));
#7530=CARTESIAN_POINT('',(-24.38953,20.45606,7.95));
#7531=CARTESIAN_POINT('Origin',(-24.563013,20.118356,7.95));
#7532=CARTESIAN_POINT('',(-24.563013,20.118356,7.95));
#7533=CARTESIAN_POINT('Origin',(-24.713699,19.745443,7.95));
#7534=CARTESIAN_POINT('',(-24.713699,19.745443,7.95));
#7535=CARTESIAN_POINT('Origin',(-24.835721,19.344169,7.95));
#7536=CARTESIAN_POINT('',(-24.835721,19.344169,7.95));
#7537=CARTESIAN_POINT('Origin',(-24.925653,18.9183,7.95));
#7538=CARTESIAN_POINT('',(-24.925653,18.9183,7.95));
#7539=CARTESIAN_POINT('Origin',(-24.981089,18.469898,7.95));
#7540=CARTESIAN_POINT('',(-24.981089,18.469898,7.95));
#7541=CARTESIAN_POINT('Origin',(-25.,18.,7.95));
#7542=CARTESIAN_POINT('',(-25.,18.,7.95));
#7543=CARTESIAN_POINT('Origin',(-25.,-18.,7.95));
#7544=CARTESIAN_POINT('',(-25.,-18.,7.95));
#7545=CARTESIAN_POINT('Origin',(-24.981089,-18.469898,7.95));
#7546=CARTESIAN_POINT('',(-24.981089,-18.469898,7.95));
#7547=CARTESIAN_POINT('Origin',(-24.925653,-18.9183,7.95));
#7548=CARTESIAN_POINT('',(-24.925653,-18.9183,7.95));
#7549=CARTESIAN_POINT('Origin',(-24.835721,-19.344169,7.95));
#7550=CARTESIAN_POINT('',(-24.835721,-19.344169,7.95));
#7551=CARTESIAN_POINT('Origin',(-24.713699,-19.745443,7.95));
#7552=CARTESIAN_POINT('',(-24.713699,-19.745443,7.95));
#7553=CARTESIAN_POINT('Origin',(-24.563013,-20.118356,7.95));
#7554=CARTESIAN_POINT('',(-24.563013,-20.118356,7.95));
#7555=CARTESIAN_POINT('Origin',(-24.38953,-20.45606,7.95));
#7556=CARTESIAN_POINT('',(-24.38953,-20.45606,7.95));
#7557=CARTESIAN_POINT('Origin',(-24.205309,-20.745181,7.95));
#7558=CARTESIAN_POINT('',(-24.205309,-20.745181,7.95));
#7559=CARTESIAN_POINT('Origin',(-24.04232,-20.953866,7.95));
#7560=UNCERTAINTY_MEASURE_WITH_UNIT(LENGTH_MEASURE(0.01),#7564,
'DISTANCE_ACCURACY_VALUE',
'Maximum model space distance between geometric entities at asserted c
onnectivities');
#7561=UNCERTAINTY_MEASURE_WITH_UNIT(LENGTH_MEASURE(0.01),#7564,
'DISTANCE_ACCURACY_VALUE',
'Maximum model space distance between geometric entities at asserted c
onnectivities');
#7562=(
GEOMETRIC_REPRESENTATION_CONTEXT(3)
GLOBAL_UNCERTAINTY_ASSIGNED_CONTEXT((#7560))
GLOBAL_UNIT_ASSIGNED_CONTEXT((#7564,#7566,#7567))
REPRESENTATION_CONTEXT('','3D')
);
#7563=(
GEOMETRIC_REPRESENTATION_CONTEXT(3)
GLOBAL_UNCERTAINTY_ASSIGNED_CONTEXT((#7561))
GLOBAL_UNIT_ASSIGNED_CONTEXT((#7564,#7566,#7567))
REPRESENTATION_CONTEXT('','3D')
);
#7564=(
LENGTH_UNIT()
NAMED_UNIT(*)
SI_UNIT(.MILLI.,.METRE.)
);
#7565=(
LENGTH_UNIT()
NAMED_UNIT(*)
SI_UNIT($,.METRE.)
);
#7566=(
NAMED_UNIT(*)
PLANE_ANGLE_UNIT()
SI_UNIT($,.RADIAN.)
);
#7567=(
NAMED_UNIT(*)
SI_UNIT($,.STERADIAN.)
SOLID_ANGLE_UNIT()
);
#7568=SHAPE_DEFINITION_REPRESENTATION(#7569,#7570);
#7569=PRODUCT_DEFINITION_SHAPE('',$,#7572);
#7570=SHAPE_REPRESENTATION('',(#4236),#7562);
#7571=PRODUCT_DEFINITION_CONTEXT('part definition',#7576,'design');
#7572=PRODUCT_DEFINITION('2026-06-05-15-13-27-198','Spacer',#7573,#7571);
#7573=PRODUCT_DEFINITION_FORMATION('',$,#7578);
#7574=PRODUCT_RELATED_PRODUCT_CATEGORY('Spacer','Spacer',(#7578));
#7575=APPLICATION_PROTOCOL_DEFINITION('international standard',
'automotive_design',2009,#7576);
#7576=APPLICATION_CONTEXT(
'Core Data for Automotive Mechanical Design Process');
#7577=PRODUCT_CONTEXT('part definition',#7576,'mechanical');
#7578=PRODUCT('2026-06-05-15-13-27-198','Spacer',$,(#7577));
#7579=PRESENTATION_STYLE_ASSIGNMENT((#7580));
#7580=SURFACE_STYLE_USAGE(.BOTH.,#7581);
#7581=SURFACE_SIDE_STYLE('',(#7582));
#7582=SURFACE_STYLE_FILL_AREA(#7583);
#7583=FILL_AREA_STYLE('Acero - Satinado',(#7584));
#7584=FILL_AREA_STYLE_COLOUR('Acero - Satinado',#7585);
#7585=COLOUR_RGB('Acero - Satinado',0.627450980392157,0.627450980392157,
0.627450980392157);
ENDSEC;
END-ISO-10303-21;
